DATE,PRICE_INR,RAINFALL_MM,MAX_TEMP_C,MIN_TEMP_C,MEAN_TEMP_C,HUMIDITY_PERCENT,PRICE_LAG_1,PRICE_LAG_2,PRICE_LAG_3,PRICE_LAG_7,PRICE_3D_MEAN,PRICE_7D_MEAN,RAIN_LAG_1,MAX_TEMP_LAG_1,HUMIDITY_LAG_1,RAIN_3D_SUM,RAIN_7D_SUM,CONSEC_RAIN_DAYS_LAG1,FLAG_HEAVY_RAIN,FLAG_HOT_DAY,FLAG_HUMID_DAY
2010-01-08,404,0.0,28.53,19.08,23.81,71.71,404.0,404.0,404.0,404.0,404.0,404.0,0.0,28.08,71.0,0.0,0.0,0.0,0.0,0.0,0.0
2010-01-09,404,0.0,29.19,20.77,24.98,75.18,404.0,404.0,404.0,404.0,404.0,404.0,0.0,28.53,71.71,0.0,0.0,0.0,0.0,0.0,0.0
2010-01-10,244,0.0,28.66,21.94,25.3,80.88,404.0,404.0,404.0,404.0,404.0,404.0,0.0,29.19,75.18,0.0,0.0,0.0,0.0,0.0,0.0
2010-01-11,144,0.27,27.76,21.92,24.84,82.83,244.0,404.0,404.0,404.0,350.67,381.14,0.0,28.66,80.88,0.0,0.0,0.0,0.0,0.0,0.0
2010-01-12,144,0.54,27.42,21.52,24.47,82.78,144.0,244.0,404.0,404.0,264.0,344.0,0.27,27.76,82.83,0.27,0.27,0.0,0.0,0.0,0.0
2010-01-13,184,0.16,28.58,21.52,25.05,80.88,144.0,144.0,244.0,404.0,177.33,306.86,0.54,27.42,82.78,0.81,0.81,0.0,0.0,0.0,0.0
2010-01-14,244,0.56,27.34,21.8,24.57,82.9,184.0,144.0,144.0,404.0,157.33,275.43,0.16,28.58,80.88,0.9700000000000001,0.9700000000000001,0.0,0.0,0.0,0.0
2010-01-15,164,0.03,27.08,21.04,24.06,81.96,244.0,184.0,144.0,404.0,190.67,252.57,0.56,27.34,82.9,1.2600000000000002,1.5300000000000002,0.0,0.0,0.0,0.0
2010-01-16,164,0.0,28.72,18.5,23.61,71.34,164.0,244.0,184.0,404.0,197.33,218.29,0.03,27.08,81.96,0.7500000000000001,1.56,0.0,0.0,0.0,0.0
2010-01-17,144,0.0,29.15,18.42,23.78,72.48,164.0,164.0,244.0,244.0,190.67,184.0,0.0,28.72,71.34,0.5900000000000001,1.56,0.0,0.0,0.0,0.0
2010-01-18,144,0.0,28.81,18.83,23.82,71.79,144.0,164.0,164.0,144.0,157.33,169.71,0.0,29.15,72.48,0.03,1.56,0.0,0.0,0.0,0.0
2010-01-19,122,0.0,29.34,19.38,24.36,70.48,144.0,144.0,164.0,144.0,150.67,169.71,0.0,28.81,71.79,0.0,1.29,0.0,0.0,0.0,0.0
2010-01-20,224,0.0,28.62,19.2,23.91,73.99,122.0,144.0,144.0,184.0,136.67,166.57,0.0,29.34,70.48,0.0,0.7500000000000001,0.0,0.0,0.0,0.0
2010-01-21,244,0.0,28.45,16.33,22.39,64.81,224.0,122.0,144.0,244.0,163.33,172.29,0.0,28.62,73.99,0.0,0.5900000000000001,0.0,0.0,0.0,0.0
2010-01-22,164,0.0,28.47,16.09,22.28,64.49,244.0,224.0,122.0,164.0,196.67,172.29,0.0,28.45,64.81,0.0,0.03,0.0,0.0,0.0,0.0
2010-01-23,102,0.0,28.33,16.07,22.2,64.42,164.0,244.0,224.0,164.0,210.67,172.29,0.0,28.47,64.49,0.0,0.0,0.0,0.0,0.0,0.0
2010-01-24,144,0.0,28.17,16.89,22.53,70.03,102.0,164.0,244.0,144.0,170.0,163.43,0.0,28.33,64.42,0.0,0.0,0.0,0.0,0.0,0.0
2010-01-25,164,0.0,27.94,17.68,22.81,64.73,144.0,102.0,164.0,144.0,136.67,163.43,0.0,28.17,70.03,0.0,0.0,0.0,0.0,0.0,0.0
2010-01-26,164,0.0,28.28,18.02,23.15,67.89,164.0,144.0,102.0,122.0,136.67,166.29,0.0,27.94,64.73,0.0,0.0,0.0,0.0,0.0,0.0
2010-01-27,204,0.0,28.56,18.62,23.59,71.24,164.0,164.0,144.0,224.0,157.33,172.29,0.0,28.28,67.89,0.0,0.0,0.0,0.0,0.0,0.0
2010-01-28,224,0.0,28.92,19.02,23.97,75.28,204.0,164.0,164.0,244.0,177.33,169.43,0.0,28.56,71.24,0.0,0.0,0.0,0.0,0.0,0.0
2010-01-29,244,0.0,29.12,19.52,24.32,71.32,224.0,204.0,164.0,164.0,197.33,166.57,0.0,28.92,75.28,0.0,0.0,0.0,0.0,0.0,0.0
2010-01-30,204,0.0,29.67,19.43,24.55,68.37,244.0,224.0,204.0,102.0,224.0,178.0,0.0,29.12,71.32,0.0,0.0,0.0,0.0,0.0,0.0
2010-01-31,184,0.0,29.12,19.08,24.1,68.17,204.0,244.0,224.0,144.0,224.0,192.57,0.0,29.67,68.37,0.0,0.0,0.0,0.0,0.0,0.0
2010-02-01,202,0.0,29.16,19.19,24.17,69.25,184.0,204.0,244.0,164.0,210.67,198.29,0.0,29.12,68.17,0.0,0.0,0.0,0.0,0.0,0.0
2010-02-02,204,0.0,28.7,18.7,23.7,68.34,202.0,184.0,204.0,164.0,196.67,203.71,0.0,29.16,69.25,0.0,0.0,0.0,0.0,0.0,0.0
2010-02-03,224,0.0,28.94,17.74,23.34,68.89,204.0,202.0,184.0,204.0,196.67,209.43,0.0,28.7,68.34,0.0,0.0,0.0,0.0,0.0,0.0
2010-02-04,404,0.0,28.47,17.29,22.88,68.98,224.0,204.0,202.0,224.0,210.0,212.29,0.0,28.94,68.89,0.0,0.0,0.0,0.0,0.0,0.0
2010-02-05,404,0.0,29.33,17.33,23.33,62.01,404.0,224.0,204.0,244.0,277.33,238.0,0.0,28.47,68.98,0.0,0.0,0.0,0.0,0.0,0.0
2010-02-06,404,0.0,29.08,17.1,23.09,58.37,404.0,404.0,224.0,204.0,344.0,260.86,0.0,29.33,62.01,0.0,0.0,0.0,0.0,0.0,0.0
2010-02-07,324,0.0,29.44,18.45,23.95,59.84,404.0,404.0,404.0,184.0,404.0,289.43,0.0,29.08,58.37,0.0,0.0,0.0,0.0,0.0,0.0
2010-02-08,304,0.0,29.76,18.6,24.18,69.41,324.0,404.0,404.0,202.0,377.33,309.43,0.0,29.44,59.84,0.0,0.0,0.0,0.0,0.0,0.0
2010-02-09,284,0.0,29.72,19.39,24.55,72.95,304.0,324.0,404.0,204.0,344.0,324.0,0.0,29.76,69.41,0.0,0.0,0.0,0.0,0.0,0.0
2010-02-10,404,0.0,29.24,20.66,24.95,74.57,284.0,304.0,324.0,224.0,304.0,335.43,0.0,29.72,72.95,0.0,0.0,0.0,0.0,0.0,0.0
2010-02-11,404,0.0,29.98,21.38,25.68,74.77,404.0,284.0,304.0,404.0,330.67,361.14,0.0,29.24,74.57,0.0,0.0,0.0,0.0,0.0,0.0
2010-02-12,404,0.0,30.24,21.88,26.06,74.56,404.0,404.0,284.0,404.0,364.0,361.14,0.0,29.98,74.77,0.0,0.0,0.0,0.0,0.0,0.0
2010-02-13,344,0.0,30.48,21.84,26.16,72.37,404.0,404.0,404.0,404.0,404.0,361.14,0.0,30.24,74.56,0.0,0.0,0.0,0.0,0.0,0.0
2010-02-14,344,0.0,30.94,21.88,26.41,72.15,344.0,404.0,404.0,324.0,384.0,352.57,0.0,30.48,72.37,0.0,0.0,0.0,0.0,0.0,0.0
2010-02-15,324,0.0,31.38,21.52,26.45,67.8,344.0,344.0,404.0,304.0,364.0,355.43,0.0,30.94,72.15,0.0,0.0,0.0,0.0,0.0,0.0
2010-02-16,404,0.0,32.02,21.06,26.54,63.29,324.0,344.0,344.0,284.0,337.33,358.29,0.0,31.38,67.8,0.0,0.0,0.0,0.0,0.0,0.0
2010-02-17,404,0.0,32.03,20.81,26.42,67.14,404.0,324.0,344.0,404.0,357.33,375.43,0.0,32.02,63.29,0.0,0.0,0.0,0.0,0.0,0.0
2010-02-18,404,0.0,31.84,21.66,26.75,70.58,404.0,404.0,324.0,404.0,377.33,375.43,0.0,32.03,67.14,0.0,0.0,0.0,0.0,0.0,0.0
2010-02-19,204,0.0,31.44,22.62,27.03,71.92,404.0,404.0,404.0,404.0,404.0,375.43,0.0,31.84,70.58,0.0,0.0,0.0,0.0,0.0,0.0
2010-02-20,204,0.0,30.4,22.88,26.64,74.76,204.0,404.0,404.0,344.0,337.33,346.86,0.0,31.44,71.92,0.0,0.0,0.0,0.0,0.0,0.0
2010-02-21,224,0.0,31.96,22.16,27.06,70.45,204.0,204.0,404.0,344.0,270.67,326.86,0.0,30.4,74.76,0.0,0.0,0.0,0.0,0.0,0.0
2010-02-22,102,0.0,32.42,21.7,27.06,66.08,224.0,204.0,204.0,324.0,210.67,309.71,0.0,31.96,70.45,0.0,0.0,0.0,0.0,0.0,0.0
2010-02-23,122,0.0,31.3,21.74,26.52,68.97,102.0,224.0,204.0,404.0,176.67,278.0,0.0,32.42,66.08,0.0,0.0,0.0,0.0,0.0,0.0
2010-02-24,102,0.0,31.12,20.46,25.79,65.87,122.0,102.0,224.0,404.0,149.33,237.71,0.0,31.3,68.97,0.0,0.0,0.0,0.0,0.0,0.0
2010-02-25,122,0.0,31.73,20.21,25.97,59.98,102.0,122.0,102.0,404.0,108.67,194.57,0.0,31.12,65.87,0.0,0.0,0.0,0.0,0.0,0.0
2010-02-26,144,0.0,32.08,20.68,26.38,60.3,122.0,102.0,122.0,204.0,115.33,154.29,0.0,31.73,59.98,0.0,0.0,0.0,0.0,0.0,0.0
2010-02-27,304,0.0,33.36,21.06,27.21,57.54,144.0,122.0,102.0,204.0,122.67,145.71,0.0,32.08,60.3,0.0,0.0,0.0,0.0,0.0,0.0
2010-02-28,304,0.0,32.07,21.33,26.7,69.61,304.0,144.0,122.0,224.0,190.0,160.0,0.0,33.36,57.54,0.0,0.0,0.0,0.0,0.0,0.0
2010-03-01,102,0.0,32.19,21.69,26.94,69.15,304.0,304.0,144.0,102.0,250.67,171.43,0.0,32.07,69.61,0.0,0.0,0.0,0.0,0.0,0.0
2010-03-02,102,0.0,31.45,22.15,26.8,72.75,102.0,304.0,304.0,122.0,236.67,171.43,0.0,32.19,69.15,0.0,0.0,0.0,0.0,0.0,0.0
2010-03-03,164,0.0,31.65,22.47,27.06,71.0,102.0,102.0,304.0,102.0,169.33,168.57,0.0,31.45,72.75,0.0,0.0,0.0,0.0,0.0,0.0
2010-03-04,122,0.0,31.54,22.12,26.83,67.73,164.0,102.0,102.0,122.0,122.67,177.43,0.0,31.65,71.0,0.0,0.0,0.0,0.0,0.0,0.0
2010-03-05,184,0.0,31.38,21.83,26.6,65.46,122.0,164.0,102.0,144.0,129.33,177.43,0.0,31.54,67.73,0.0,0.0,0.0,0.0,0.0,0.0
2010-03-06,184,0.0,30.68,21.2,25.94,68.08,184.0,122.0,164.0,304.0,156.67,183.14,0.0,31.38,65.46,0.0,0.0,0.0,0.0,0.0,0.0
2010-03-07,122,0.0,31.88,21.16,26.52,67.33,184.0,184.0,122.0,304.0,163.33,166.0,0.0,30.68,68.08,0.0,0.0,0.0,0.0,0.0,0.0
2010-03-08,102,0.0,34.41,21.59,28.0,62.73,122.0,184.0,184.0,102.0,163.33,140.0,0.0,31.88,67.33,0.0,0.0,0.0,0.0,0.0,0.0
2010-03-09,82,0.0,33.04,22.8,27.92,66.27,102.0,122.0,184.0,102.0,136.0,140.0,0.0,34.41,62.73,0.0,0.0,0.0,0.0,1.0,0.0
2010-03-10,82,0.0,33.7,22.26,27.98,64.38,82.0,102.0,122.0,164.0,102.0,137.14,0.0,33.04,66.27,0.0,0.0,0.0,0.0,0.0,0.0
2010-03-11,82,0.0,35.1,22.42,28.76,57.47,82.0,82.0,102.0,122.0,88.67,125.43,0.0,33.7,64.38,0.0,0.0,0.0,0.0,0.0,0.0
2010-03-12,102,0.0,34.58,22.48,28.53,54.48,82.0,82.0,82.0,184.0,82.0,119.71,0.0,35.1,57.47,0.0,0.0,0.0,0.0,1.0,0.0
2010-03-13,164,0.0,29.68,22.5,26.09,60.62,102.0,82.0,82.0,184.0,88.67,108.0,0.0,34.58,54.48,0.0,0.0,0.0,0.0,1.0,0.0
2010-03-14,144,0.0,31.83,22.29,27.06,64.54,164.0,102.0,82.0,122.0,116.0,105.14,0.0,29.68,60.62,0.0,0.0,0.0,0.0,0.0,0.0
2010-03-15,144,0.0,33.16,22.74,27.95,63.79,144.0,164.0,102.0,102.0,136.67,108.29,0.0,31.83,64.54,0.0,0.0,0.0,0.0,0.0,0.0
2010-03-16,122,1.17,32.04,23.32,27.68,66.84,144.0,144.0,164.0,82.0,150.67,114.29,0.0,33.16,63.79,0.0,0.0,0.0,0.0,0.0,0.0
2010-03-17,122,1.24,32.14,23.02,27.58,62.41,122.0,144.0,144.0,82.0,136.67,120.0,1.17,32.04,66.84,1.17,1.17,1.0,0.0,0.0,0.0
2010-03-18,164,0.0,33.7,21.4,27.55,54.03,122.0,122.0,144.0,82.0,129.33,125.71,1.24,32.14,62.41,2.41,2.41,2.0,0.0,0.0,0.0
2010-03-19,144,0.0,34.21,21.13,27.67,59.87,164.0,122.0,122.0,102.0,136.0,137.43,0.0,33.7,54.03,2.41,2.41,0.0,0.0,0.0,0.0
2010-03-20,102,0.0,33.77,21.89,27.83,62.63,144.0,164.0,122.0,164.0,143.33,143.43,0.0,34.21,59.87,1.24,2.41,0.0,0.0,1.0,0.0
2010-03-21,122,0.0,33.77,21.55,27.66,63.72,102.0,144.0,164.0,144.0,136.67,134.57,0.0,33.77,62.63,0.0,2.41,0.0,0.0,0.0,0.0
2010-03-22,102,0.0,32.98,22.42,27.7,65.93,122.0,102.0,144.0,144.0,122.67,131.43,0.0,33.77,63.72,0.0,2.41,0.0,0.0,0.0,0.0
2010-03-23,102,0.0,33.34,23.34,28.34,64.5,102.0,122.0,102.0,122.0,108.67,125.43,0.0,32.98,65.93,0.0,2.41,0.0,0.0,0.0,0.0
2010-03-24,102,0.0,33.78,23.08,28.43,65.71,102.0,102.0,122.0,122.0,108.67,122.57,0.0,33.34,64.5,0.0,1.24,0.0,0.0,0.0,0.0
2010-03-25,82,0.0,34.19,22.85,28.52,61.53,102.0,102.0,102.0,164.0,102.0,119.71,0.0,33.78,65.71,0.0,0.0,0.0,0.0,0.0,0.0
2010-03-26,82,0.0,33.35,23.31,28.33,66.84,82.0,102.0,102.0,144.0,95.33,108.0,0.0,34.19,61.53,0.0,0.0,0.0,0.0,1.0,0.0
2010-03-27,82,0.0,33.05,23.51,28.28,68.38,82.0,82.0,102.0,102.0,88.67,99.14,0.0,33.35,66.84,0.0,0.0,0.0,0.0,0.0,0.0
2010-03-28,144,0.0,34.6,23.34,28.97,67.07,82.0,82.0,82.0,122.0,82.0,96.29,0.0,33.05,68.38,0.0,0.0,0.0,0.0,0.0,0.0
2010-03-29,144,1.61,32.93,23.92,28.42,69.73,144.0,82.0,82.0,102.0,102.67,99.43,0.0,34.6,67.07,0.0,0.0,0.0,0.0,1.0,0.0
2010-03-30,184,0.2,32.77,23.69,28.23,67.95,144.0,144.0,82.0,102.0,123.33,105.43,1.61,32.93,69.73,1.61,1.61,1.0,0.0,0.0,0.0
2010-03-31,244,0.01,32.62,22.76,27.69,65.86,184.0,144.0,144.0,102.0,157.33,117.14,0.2,32.77,67.95,1.81,1.81,0.0,0.0,0.0,0.0
2010-04-01,184,0.0,34.05,21.69,27.87,62.97,244.0,184.0,144.0,82.0,190.67,137.43,0.01,32.62,65.86,1.82,1.82,0.0,0.0,0.0,0.0
2010-04-02,204,0.0,34.2,21.56,27.88,62.23,184.0,244.0,184.0,82.0,204.0,152.0,0.0,34.05,62.97,0.21000000000000002,1.82,0.0,0.0,1.0,0.0
2010-04-03,224,0.0,36.16,22.36,29.26,59.18,204.0,184.0,244.0,82.0,210.67,169.43,0.0,34.2,62.23,0.01,1.82,0.0,0.0,1.0,0.0
2010-04-04,404,0.0,32.31,24.27,28.29,72.03,224.0,204.0,184.0,144.0,204.0,189.71,0.0,36.16,59.18,0.0,1.82,0.0,0.0,1.0,0.0
2010-04-05,144,0.0,30.48,24.74,27.61,74.73,404.0,224.0,204.0,144.0,277.33,226.86,0.0,32.31,72.03,0.0,1.82,0.0,0.0,0.0,0.0
2010-04-06,102,0.0,30.26,24.62,27.44,75.54,144.0,404.0,224.0,184.0,257.33,226.86,0.0,30.48,74.73,0.0,0.21000000000000002,0.0,0.0,0.0,0.0
2010-04-07,204,0.0,32.5,24.5,28.5,69.21,102.0,144.0,404.0,244.0,216.67,215.14,0.0,30.26,75.54,0.0,0.01,0.0,0.0,0.0,0.0
2010-04-08,164,1.38,32.42,23.72,28.07,69.07,204.0,102.0,144.0,184.0,150.0,209.43,0.0,32.5,69.21,0.0,0.0,0.0,0.0,0.0,0.0
2010-04-09,122,0.06,33.96,23.62,28.79,66.93,164.0,204.0,102.0,204.0,156.67,206.57,1.38,32.42,69.07,1.38,1.38,1.0,0.0,0.0,0.0
2010-04-10,164,0.0,30.64,24.18,27.41,73.26,122.0,164.0,204.0,224.0,163.33,194.86,0.06,33.96,66.93,1.44,1.44,0.0,0.0,1.0,0.0
2010-04-11,102,0.0,31.84,24.36,28.1,71.81,164.0,122.0,164.0,404.0,150.0,186.29,0.0,30.64,73.26,1.44,1.44,0.0,0.0,0.0,0.0
2010-04-12,82,5.08,30.0,24.68,27.34,78.4,102.0,164.0,122.0,144.0,129.33,143.14,0.0,31.84,71.81,0.06,1.44,0.0,0.0,0.0,0.0
2010-04-13,144,0.39,29.07,24.51,26.79,81.45,82.0,102.0,164.0,102.0,116.0,134.29,5.08,30.0,78.4,5.08,6.52,1.0,0.0,0.0,0.0
2010-04-14,102,8.66,29.88,24.04,26.96,77.97,144.0,82.0,102.0,204.0,109.33,140.29,0.39,29.07,81.45,5.47,6.909999999999999,0.0,0.0,0.0,0.0
2010-04-15,102,0.57,32.39,24.18,28.29,76.02,102.0,144.0,82.0,164.0,109.33,125.71,8.66,29.88,77.97,14.129999999999999,15.57,1.0,0.0,0.0,0.0
2010-04-16,122,0.11,31.72,24.72,28.22,75.23,102.0,102.0,144.0,122.0,116.0,116.86,0.57,32.39,76.02,9.62,14.760000000000002,0.0,0.0,0.0,0.0
2010-04-17,122,3.99,29.8,24.8,27.3,80.15,122.0,102.0,102.0,164.0,108.67,116.86,0.11,31.72,75.23,9.339999999999998,14.81,0.0,0.0,0.0,0.0
2010-04-18,144,4.71,28.56,24.64,26.6,85.1,122.0,122.0,102.0,102.0,115.33,110.86,3.99,29.8,80.15,4.669999999999998,18.8,1.0,0.0,0.0,0.0
2010-04-19,82,0.56,28.49,24.58,26.54,84.49,144.0,122.0,122.0,82.0,129.33,116.86,4.71,28.56,85.1,8.809999999999999,23.51,2.0,0.0,0.0,0.0
2010-04-20,102,0.0,30.34,23.82,27.08,77.83,82.0,144.0,122.0,144.0,116.0,116.86,0.56,28.49,84.49,9.26,18.99,0.0,0.0,0.0,0.0
2010-04-21,102,0.28,30.51,24.15,27.33,76.24,102.0,82.0,144.0,102.0,109.33,110.86,0.0,30.34,77.83,5.27,18.6,0.0,0.0,0.0,0.0
2010-04-22,122,4.21,32.43,24.05,28.24,74.8,102.0,102.0,82.0,102.0,95.33,110.86,0.28,30.51,76.24,0.8399999999999983,10.22,0.0,0.0,0.0,0.0
2010-04-23,122,2.96,32.45,24.47,28.46,75.62,122.0,102.0,102.0,122.0,108.67,113.71,4.21,32.43,74.8,4.489999999999998,13.86,1.0,0.0,0.0,0.0
2010-04-24,122,1.04,30.62,24.86,27.74,79.31,122.0,122.0,102.0,122.0,115.33,113.71,2.96,32.45,75.62,7.449999999999998,16.71,2.0,0.0,0.0,0.0
2010-04-25,164,0.1,31.7,24.54,28.12,75.85,122.0,122.0,122.0,144.0,122.0,113.71,1.04,30.62,79.31,8.209999999999997,13.760000000000002,3.0,0.0,0.0,0.0
2010-04-26,122,2.9,32.2,24.54,28.37,75.54,164.0,122.0,122.0,82.0,136.0,116.57,0.1,31.7,75.85,4.099999999999998,9.15,0.0,0.0,0.0,0.0
2010-04-27,122,2.94,32.02,24.78,28.4,75.61,122.0,164.0,122.0,102.0,136.0,122.29,2.9,32.2,75.54,4.039999999999998,11.489999999999998,1.0,0.0,0.0,0.0
2010-04-28,164,2.29,29.81,24.81,27.31,80.02,122.0,122.0,164.0,102.0,136.0,125.14,2.94,32.02,75.61,5.939999999999998,14.43,2.0,0.0,0.0,0.0
2010-04-29,164,0.24,32.08,24.76,28.42,74.92,164.0,122.0,122.0,122.0,136.0,134.0,2.29,29.81,80.02,8.129999999999999,16.44,3.0,0.0,0.0,0.0
2010-04-30,144,1.63,30.1,24.16,27.13,68.33,164.0,164.0,122.0,122.0,150.0,140.0,0.24,32.08,74.92,5.469999999999998,12.469999999999999,0.0,0.0,0.0,0.0
2010-05-01,204,0.08,31.88,23.78,27.83,66.83,144.0,164.0,164.0,122.0,157.33,143.14,1.63,30.1,68.33,4.159999999999998,11.14,1.0,0.0,0.0,0.0
2010-05-02,122,2.28,32.93,23.93,28.43,70.51,204.0,144.0,164.0,164.0,170.67,154.86,0.08,31.88,66.83,1.9499999999999982,10.180000000000001,0.0,0.0,0.0,0.0
2010-05-03,82,0.1,33.5,24.4,28.95,70.65,122.0,204.0,144.0,122.0,156.67,148.86,2.28,32.93,70.51,3.989999999999998,12.36,1.0,0.0,0.0,0.0
2010-05-04,102,0.0,32.93,24.39,28.66,71.6,82.0,122.0,204.0,122.0,136.0,143.14,0.1,33.5,70.65,2.459999999999998,9.56,0.0,0.0,0.0,0.0
2010-05-05,102,0.0,32.22,24.56,28.39,72.79,102.0,82.0,122.0,164.0,102.0,140.29,0.0,32.93,71.6,2.379999999999998,6.619999999999999,0.0,0.0,0.0,0.0
2010-05-06,102,0.02,34.04,24.64,29.34,68.52,102.0,102.0,82.0,164.0,95.33,131.43,0.0,32.22,72.79,0.09999999999999823,4.33,0.0,0.0,0.0,0.0
2010-05-07,102,20.14,32.48,25.12,28.8,76.93,102.0,102.0,102.0,144.0,102.0,122.57,0.02,34.04,68.52,0.019999999999998224,4.109999999999999,0.0,0.0,1.0,0.0
2010-05-08,82,6.7,29.79,25.73,27.76,81.98,102.0,102.0,102.0,204.0,102.0,116.57,20.14,32.48,76.93,20.16,22.62,1.0,0.0,0.0,0.0
2010-05-09,82,0.97,31.02,25.56,28.29,80.61,82.0,102.0,102.0,122.0,95.33,99.14,6.7,29.79,81.98,26.86,29.24,2.0,0.0,0.0,0.0
2010-05-10,62,0.52,31.31,25.25,28.28,77.48,82.0,82.0,102.0,82.0,88.67,93.43,0.97,31.02,80.61,27.810000000000002,27.930000000000003,0.0,0.0,0.0,0.0
2010-05-11,82,18.33,27.98,24.88,26.43,87.06,62.0,82.0,82.0,102.0,75.33,90.57,0.52,31.31,77.48,8.19,28.35,0.0,0.0,0.0,0.0
2010-05-12,82,0.98,28.52,24.22,26.37,79.22,82.0,62.0,82.0,102.0,75.33,87.71,18.33,27.98,87.06,19.819999999999997,46.68,1.0,0.0,0.0,0.0
2010-05-13,102,0.0,31.3,24.76,28.03,77.57,82.0,82.0,62.0,102.0,75.33,84.86,0.98,28.52,79.22,19.83,47.66,0.0,0.0,0.0,0.0
2010-05-14,144,0.0,31.14,24.96,28.05,75.18,102.0,82.0,82.0,102.0,88.67,84.86,0.0,31.3,77.57,19.31,47.64,0.0,0.0,0.0,0.0
2010-05-15,304,0.0,31.39,25.07,28.23,77.5,144.0,102.0,82.0,82.0,109.33,90.86,0.0,31.14,75.18,0.98,27.5,0.0,0.0,0.0,0.0
2010-05-16,82,0.2,28.81,24.71,26.76,82.52,304.0,144.0,102.0,82.0,183.33,122.57,0.0,31.39,77.5,0.0,20.8,0.0,0.0,0.0,0.0
2010-05-17,62,0.15,30.8,24.64,27.72,75.17,82.0,304.0,144.0,62.0,176.67,122.57,0.2,28.81,82.52,0.2,20.029999999999998,0.0,0.0,0.0,0.0
2010-05-18,102,18.21,32.06,24.3,28.18,78.92,62.0,82.0,304.0,82.0,149.33,122.57,0.15,30.8,75.17,0.35,19.659999999999997,0.0,0.0,0.0,0.0
2010-05-19,204,18.56,28.38,25.6,26.99,86.67,102.0,62.0,82.0,82.0,82.0,125.43,18.21,32.06,78.92,18.560000000000002,19.54,1.0,0.0,0.0,0.0
2010-05-20,164,1.15,28.64,25.9,27.27,85.32,204.0,102.0,62.0,102.0,122.67,142.86,18.56,28.38,86.67,36.92,37.12,2.0,0.0,0.0,0.0
2010-05-21,184,1.72,28.7,25.68,27.19,85.46,164.0,204.0,102.0,144.0,156.67,151.71,1.15,28.64,85.32,37.92,38.269999999999996,3.0,0.0,0.0,0.0
2010-05-22,184,1.55,28.84,24.74,26.79,84.55,184.0,164.0,204.0,304.0,184.0,157.43,1.72,28.7,85.46,21.43,39.989999999999995,4.0,0.0,0.0,0.0
2010-05-23,304,0.61,29.38,25.14,27.26,83.98,184.0,184.0,164.0,82.0,177.33,140.29,1.55,28.84,84.55,4.42,41.54,5.0,0.0,0.0,0.0
2010-05-24,224,0.05,28.94,25.14,27.04,83.55,304.0,184.0,184.0,62.0,224.0,172.0,0.61,29.38,83.98,3.88,41.949999999999996,0.0,0.0,0.0,0.0
2010-05-25,404,0.25,27.9,25.32,26.61,85.79,224.0,304.0,184.0,102.0,237.33,195.14,0.05,28.94,83.55,2.2100000000000004,41.849999999999994,0.0,0.0,0.0,0.0
2010-05-26,264,0.3,28.49,24.98,26.74,83.86,404.0,224.0,304.0,204.0,310.67,238.29,0.25,27.9,85.79,0.9099999999999999,23.889999999999997,0.0,0.0,0.0,0.0
2010-05-27,284,0.04,29.43,24.81,27.12,82.89,264.0,404.0,224.0,164.0,297.33,246.86,0.3,28.49,83.86,0.6,5.63,0.0,0.0,0.0,0.0
2010-05-28,244,0.0,31.27,24.47,27.87,77.23,284.0,264.0,404.0,184.0,317.33,264.0,0.04,29.43,82.89,0.59,4.5200000000000005,0.0,0.0,0.0,0.0
2010-05-29,164,0.23,30.07,25.23,27.65,81.18,244.0,284.0,264.0,184.0,264.0,272.57,0.0,31.27,77.23,0.33999999999999997,2.8,0.0,0.0,0.0,0.0
2010-05-30,102,12.29,27.84,24.22,26.03,83.4,164.0,244.0,284.0,304.0,230.67,269.71,0.23,30.07,81.18,0.27,1.48,0.0,0.0,0.0,0.0
2010-05-31,70,8.1,28.22,24.26,26.24,83.87,102.0,164.0,244.0,224.0,170.0,240.86,12.29,27.84,83.4,12.52,13.159999999999998,1.0,0.0,0.0,0.0
2010-06-01,144,1.33,29.42,24.2,26.81,78.84,70.0,102.0,164.0,404.0,112.0,218.86,8.1,28.22,83.87,20.619999999999997,21.209999999999997,2.0,0.0,0.0,0.0
2010-06-02,82,3.87,30.49,23.97,27.23,80.21,144.0,70.0,102.0,264.0,105.33,181.71,1.33,29.42,78.84,21.72,22.29,3.0,0.0,0.0,0.0
2010-06-03,70,0.95,29.74,24.16,26.95,81.39,82.0,144.0,70.0,284.0,98.67,155.71,3.87,30.49,80.21,13.3,25.859999999999996,4.0,0.0,0.0,0.0
2010-06-04,70,5.44,31.74,24.26,28.0,78.09,70.0,82.0,144.0,244.0,98.67,125.14,0.95,29.74,81.39,6.15,26.769999999999996,0.0,0.0,0.0,0.0
2010-06-05,122,7.3,29.4,24.3,26.85,79.46,70.0,70.0,82.0,164.0,74.0,100.29,5.44,31.74,78.09,10.260000000000002,32.21,1.0,0.0,0.0,0.0
2010-06-06,62,9.57,29.09,23.47,26.28,78.89,122.0,70.0,70.0,102.0,87.33,94.29,7.3,29.4,79.46,13.690000000000001,39.28,2.0,0.0,0.0,0.0
2010-06-07,50,6.24,27.04,23.28,25.16,79.19,62.0,122.0,70.0,70.0,84.67,88.57,9.57,29.09,78.89,22.310000000000002,36.56,3.0,0.0,0.0,0.0
2010-06-08,62,4.47,28.77,23.03,25.9,79.93,50.0,62.0,122.0,144.0,78.0,85.71,6.24,27.04,79.19,23.11,34.7,4.0,0.0,0.0,0.0
2010-06-09,62,13.4,29.2,23.51,26.35,82.64,62.0,50.0,62.0,82.0,58.0,74.0,4.47,28.77,79.93,20.28,37.84,5.0,0.0,0.0,0.0
2010-06-10,50,3.61,29.51,23.89,26.7,83.81,62.0,62.0,50.0,70.0,58.0,71.14,13.4,29.2,82.64,24.11,47.37,6.0,0.0,0.0,0.0
2010-06-11,62,33.46,28.88,23.72,26.3,86.73,50.0,62.0,62.0,70.0,58.0,68.29,3.61,29.51,83.81,21.479999999999997,50.03,7.0,0.0,0.0,0.0
2010-06-12,70,46.83,27.08,24.2,25.64,88.71,62.0,50.0,62.0,122.0,58.0,67.14,33.46,28.88,86.73,50.47,78.05,8.0,0.0,0.0,0.0
2010-06-13,102,44.98,27.94,24.28,26.11,86.88,70.0,62.0,50.0,62.0,60.67,59.71,46.83,27.08,88.71,83.9,117.58,9.0,1.0,0.0,0.0
2010-06-14,82,87.14,27.22,23.86,25.54,87.34,102.0,70.0,62.0,50.0,78.0,65.43,44.98,27.94,86.88,125.27,152.98999999999998,10.0,1.0,0.0,0.0
2010-06-15,144,49.42,26.14,24.04,25.09,90.07,82.0,102.0,70.0,62.0,84.67,70.0,87.14,27.22,87.34,178.95,233.89000000000001,11.0,1.0,0.0,0.0
2010-06-16,82,44.67,27.84,24.2,26.02,89.4,144.0,82.0,102.0,62.0,109.33,81.71,49.42,26.14,90.07,181.54,278.84000000000003,12.0,1.0,0.0,0.0
2010-06-17,70,56.58,27.22,23.85,25.53,86.49,82.0,144.0,82.0,50.0,102.67,84.57,44.67,27.84,89.4,181.23000000000002,310.11,13.0,1.0,0.0,0.0
2010-06-18,102,25.47,27.5,24.02,25.76,88.67,70.0,82.0,144.0,62.0,98.67,87.43,56.58,27.22,86.49,150.67000000000002,363.08000000000004,14.0,1.0,0.0,0.0
2010-06-19,304,18.76,27.48,24.34,25.91,89.85,102.0,70.0,82.0,70.0,84.67,93.14,25.47,27.5,88.67,126.72,355.09,15.0,0.0,0.0,0.0
2010-06-20,102,2.66,27.44,23.86,25.65,87.73,304.0,102.0,70.0,102.0,158.67,126.57,18.76,27.48,89.85,100.81,327.02,16.0,0.0,0.0,0.0
2010-06-21,102,8.43,27.68,23.48,25.58,88.3,102.0,304.0,102.0,82.0,169.33,126.57,2.66,27.44,87.73,46.89,284.7,17.0,0.0,0.0,0.0
2010-06-22,82,42.12,27.33,23.61,25.47,89.7,102.0,102.0,304.0,144.0,169.33,129.43,8.43,27.68,88.3,29.85,205.99,18.0,0.0,0.0,0.0
2010-06-23,102,32.22,26.92,24.18,25.55,88.87,82.0,102.0,102.0,82.0,95.33,120.57,42.12,27.33,89.7,53.209999999999994,198.69,19.0,0.0,0.0,0.0
2010-06-24,164,64.33,26.22,23.96,25.09,91.63,102.0,82.0,102.0,70.0,95.33,123.43,32.22,26.92,88.87,82.77000000000001,186.24,20.0,0.0,0.0,0.0
2010-06-25,144,100.2,26.26,23.78,25.02,90.45,164.0,102.0,82.0,102.0,116.0,136.86,64.33,26.22,91.63,138.67,193.99,21.0,1.0,0.0,0.0
2010-06-26,144,54.63,27.31,24.54,25.92,91.39,144.0,164.0,102.0,304.0,136.67,142.86,100.2,26.26,90.45,196.75,268.71999999999997,22.0,1.0,0.0,0.0
2010-06-27,164,6.07,27.41,23.37,25.39,90.3,144.0,144.0,164.0,102.0,150.67,120.0,54.63,27.31,91.39,219.16,304.59,23.0,1.0,0.0,0.0
2010-06-28,144,14.16,28.21,23.85,26.03,89.74,164.0,144.0,144.0,102.0,150.67,128.86,6.07,27.41,90.3,160.89999999999998,308.0,24.0,0.0,0.0,0.0
2010-06-29,82,10.82,27.58,24.44,26.01,88.9,144.0,164.0,144.0,82.0,150.67,134.86,14.16,28.21,89.74,74.86,313.73,25.0,0.0,0.0,0.0
2010-06-30,70,16.48,26.98,23.76,25.37,90.77,82.0,144.0,164.0,102.0,130.0,134.86,10.82,27.58,88.9,31.05,282.43,26.0,0.0,0.0,0.0
2010-07-01,82,77.99,25.69,21.91,23.8,89.71,70.0,82.0,144.0,164.0,98.67,130.29,16.48,26.98,90.77,41.46,266.69,27.0,0.0,0.0,0.0
2010-07-02,164,24.7,24.74,22.6,23.67,90.6,82.0,70.0,82.0,144.0,78.0,118.57,77.99,25.69,89.71,105.28999999999999,280.35,28.0,1.0,0.0,0.0
2010-07-03,404,34.3,25.66,22.76,24.21,88.16,164.0,82.0,70.0,144.0,105.33,121.43,24.7,24.74,90.6,119.17,204.85,29.0,0.0,0.0,0.0
2010-07-04,324,84.28,26.27,22.81,24.54,91.67,404.0,164.0,82.0,164.0,216.67,158.57,34.3,25.66,88.16,136.99,184.51999999999998,30.0,0.0,0.0,0.0
2010-07-05,144,43.46,25.52,23.06,24.29,90.69,324.0,404.0,164.0,144.0,297.33,181.43,84.28,26.27,91.67,143.28,262.73,31.0,1.0,0.0,0.0
2010-07-06,144,41.19,25.71,22.75,24.23,91.4,144.0,324.0,404.0,82.0,290.67,181.43,43.46,25.52,90.69,162.04,292.03,32.0,1.0,0.0,0.0
2010-07-07,224,50.53,25.2,22.38,23.79,92.37,144.0,144.0,324.0,70.0,204.0,190.29,41.19,25.71,91.4,168.93,322.4,33.0,0.0,0.0,0.0
2010-07-08,184,10.47,26.36,21.68,24.02,87.38,224.0,144.0,144.0,82.0,170.67,212.29,50.53,25.2,92.37,135.18,356.45,34.0,1.0,0.0,0.0
2010-07-09,184,2.51,26.84,21.56,24.2,85.29,184.0,224.0,144.0,164.0,184.0,226.86,10.47,26.36,87.38,102.19,288.93,35.0,0.0,0.0,0.0
2010-07-10,204,3.59,28.08,22.54,25.31,86.88,184.0,184.0,224.0,404.0,197.33,229.71,2.51,26.84,85.29,63.510000000000005,266.74,36.0,0.0,0.0,0.0
2010-07-11,204,2.73,28.0,23.36,25.68,88.59,204.0,184.0,184.0,324.0,190.67,201.14,3.59,28.08,86.88,16.57,236.03,37.0,0.0,0.0,0.0
2010-07-12,244,3.54,26.5,23.16,24.83,90.85,204.0,204.0,184.0,144.0,197.33,184.0,2.73,28.0,88.59,8.83,154.48,38.0,0.0,0.0,0.0
2010-07-13,404,5.39,25.24,21.88,23.56,86.51,244.0,204.0,204.0,144.0,217.33,198.29,3.54,26.5,90.85,9.86,114.55999999999999,39.0,0.0,0.0,0.0
2010-07-14,404,9.07,25.4,22.12,23.76,88.82,404.0,244.0,204.0,224.0,284.0,235.43,5.39,25.24,86.51,11.66,78.76,40.0,0.0,0.0,0.0
2010-07-15,404,71.56,26.37,21.89,24.13,89.09,404.0,404.0,244.0,184.0,350.67,261.14,9.07,25.4,88.82,18.0,37.3,41.0,0.0,0.0,0.0
2010-07-16,404,57.76,25.72,22.46,24.09,92.07,404.0,404.0,404.0,184.0,404.0,292.57,71.56,26.37,89.09,86.02000000000001,98.39,42.0,1.0,0.0,0.0
2010-07-17,404,33.51,25.28,22.6,23.94,90.21,404.0,404.0,404.0,204.0,404.0,324.0,57.76,25.72,92.07,138.39000000000001,153.64,43.0,1.0,0.0,0.0
2010-07-18,164,48.84,25.72,23.26,24.49,90.87,404.0,404.0,404.0,204.0,404.0,352.57,33.51,25.28,90.21,162.83,183.56,44.0,0.0,0.0,0.0
2010-07-19,164,105.03,25.98,23.88,24.93,93.0,164.0,404.0,404.0,244.0,324.0,346.86,48.84,25.72,90.87,140.11,229.67000000000002,45.0,1.0,0.0,0.0
2010-07-20,102,86.52,25.41,23.69,24.55,92.88,164.0,164.0,404.0,404.0,244.0,335.43,105.03,25.98,93.0,187.38000000000002,331.16,46.0,1.0,0.0,1.0
2010-07-21,122,73.79,25.4,22.92,24.16,93.85,102.0,164.0,164.0,404.0,143.33,292.29,86.52,25.41,92.88,240.39,412.29,47.0,1.0,0.0,1.0
2010-07-22,204,29.51,25.34,22.66,24.0,92.28,122.0,102.0,164.0,404.0,129.33,252.0,73.79,25.4,93.85,265.34000000000003,477.01,48.0,1.0,0.0,1.0
2010-07-23,144,14.71,26.05,23.05,24.55,91.68,204.0,122.0,102.0,404.0,142.67,223.43,29.51,25.34,92.28,189.82,434.96000000000004,49.0,0.0,0.0,0.0
2010-07-24,184,38.22,25.28,23.51,24.4,92.64,144.0,204.0,122.0,404.0,156.67,186.29,14.71,26.05,91.68,118.01000000000002,391.90999999999997,50.0,0.0,0.0,0.0
2010-07-25,184,36.88,25.45,23.43,24.44,93.34,184.0,144.0,204.0,164.0,177.33,154.86,38.22,25.28,92.64,82.44000000000001,396.62,51.0,0.0,0.0,1.0
2010-07-26,184,33.63,25.46,23.3,24.38,91.79,184.0,184.0,144.0,164.0,170.67,157.71,36.88,25.45,93.34,89.81,384.66,52.0,0.0,0.0,1.0
2010-07-27,144,46.28,26.12,23.42,24.77,92.1,184.0,184.0,184.0,102.0,184.0,160.57,33.63,25.46,91.79,108.73000000000002,313.26,53.0,0.0,0.0,0.0
2010-07-28,144,47.5,25.56,23.33,24.44,93.57,144.0,184.0,184.0,122.0,170.67,166.57,46.28,26.12,92.1,116.79000000000002,273.02,54.0,1.0,0.0,0.0
2010-07-29,122,154.45,25.0,22.72,23.86,94.13,144.0,144.0,184.0,204.0,157.33,169.71,47.5,25.56,93.57,127.41000000000003,246.73,55.0,1.0,0.0,1.0
2010-07-30,244,120.53,25.1,22.58,23.84,92.82,122.0,144.0,144.0,144.0,136.67,158.0,154.45,25.0,94.13,248.23000000000002,371.66999999999996,56.0,1.0,0.0,1.0
2010-07-31,22,66.33,25.78,22.74,24.26,91.27,244.0,122.0,144.0,184.0,170.0,172.29,120.53,25.1,92.82,322.48,477.49,57.0,1.0,0.0,1.0
2010-08-01,144,18.09,25.96,22.76,24.36,90.68,22.0,244.0,122.0,184.0,129.33,149.14,66.33,25.78,91.27,341.31,505.59999999999997,58.0,1.0,0.0,0.0
2010-08-02,144,11.12,26.42,22.9,24.66,91.42,144.0,22.0,244.0,184.0,136.67,143.43,18.09,25.96,90.68,204.95000000000002,486.81,59.0,0.0,0.0,0.0
2010-08-03,122,18.68,25.56,23.3,24.43,93.49,144.0,144.0,22.0,144.0,103.33,137.71,11.12,26.42,91.42,95.54000000000002,464.3,60.0,0.0,0.0,0.0
2010-08-04,102,8.55,25.16,23.54,24.35,93.87,122.0,144.0,144.0,144.0,136.67,134.57,18.68,25.56,93.49,47.89000000000003,436.69999999999993,61.0,0.0,0.0,1.0
2010-08-05,204,6.48,26.33,22.97,24.65,91.29,102.0,122.0,144.0,122.0,122.67,128.57,8.55,25.16,93.87,38.35000000000003,397.74999999999994,62.0,0.0,0.0,1.0
2010-08-06,144,14.52,26.59,23.25,24.92,90.86,204.0,102.0,122.0,244.0,142.67,140.29,6.48,26.33,91.29,33.710000000000036,249.78,63.0,0.0,0.0,0.0
2010-08-07,122,14.93,26.2,23.6,24.9,92.08,144.0,204.0,102.0,22.0,150.0,126.0,14.52,26.59,90.86,29.550000000000033,143.77,64.0,0.0,0.0,0.0
2010-08-08,122,6.2,26.8,23.42,25.11,90.48,122.0,144.0,204.0,144.0,156.67,140.29,14.93,26.2,92.08,35.930000000000035,92.37,65.0,0.0,0.0,0.0
2010-08-09,144,1.19,27.14,22.76,24.95,88.41,122.0,122.0,144.0,144.0,129.33,137.14,6.2,26.8,90.48,35.650000000000034,80.48,66.0,0.0,0.0,0.0
2010-08-10,102,13.68,27.28,22.62,24.95,87.84,144.0,122.0,122.0,122.0,129.33,137.14,1.19,27.14,88.41,22.320000000000032,70.55000000000001,67.0,0.0,0.0,0.0
2010-08-11,102,14.06,26.87,23.27,25.07,89.28,102.0,144.0,122.0,102.0,122.67,134.29,13.68,27.28,87.84,21.070000000000032,65.55,68.0,0.0,0.0,0.0
2010-08-12,164,17.73,26.57,23.31,24.94,91.76,102.0,102.0,144.0,204.0,116.0,134.29,14.06,26.87,89.28,28.930000000000035,71.06,69.0,0.0,0.0,0.0
2010-08-13,304,13.79,26.28,22.62,24.45,91.3,164.0,102.0,102.0,144.0,122.67,128.57,17.73,26.57,91.76,45.47000000000003,82.31,70.0,0.0,0.0,0.0
2010-08-14,224,5.21,26.44,22.76,24.6,91.52,304.0,164.0,102.0,122.0,190.0,151.43,13.79,26.28,91.3,45.58000000000003,81.58000000000001,71.0,0.0,0.0,0.0
2010-08-15,324,27.94,25.94,23.2,24.57,93.28,224.0,304.0,164.0,122.0,230.67,166.0,5.21,26.44,91.52,36.730000000000025,71.86,72.0,0.0,0.0,0.0
2010-08-16,364,50.31,25.38,22.5,23.94,94.58,324.0,224.0,304.0,144.0,284.0,194.86,27.94,25.94,93.28,46.94000000000003,93.6,73.0,0.0,0.0,1.0
2010-08-17,344,38.48,25.7,22.28,23.99,91.96,364.0,324.0,224.0,102.0,304.0,226.29,50.31,25.38,94.58,83.46000000000004,142.72,74.0,1.0,0.0,1.0
2010-08-18,404,13.71,25.15,22.39,23.77,92.9,344.0,364.0,324.0,102.0,344.0,260.86,38.48,25.7,91.96,116.73000000000005,167.51999999999998,75.0,0.0,0.0,0.0
2010-08-19,404,11.84,25.65,22.42,24.04,92.08,404.0,344.0,364.0,164.0,370.67,304.0,13.71,25.15,92.9,102.50000000000003,167.17,76.0,0.0,0.0,1.0
2010-08-20,404,5.01,25.37,21.97,23.67,91.82,404.0,404.0,344.0,304.0,384.0,338.29,11.84,25.65,92.08,64.03000000000003,161.28,77.0,0.0,0.0,0.0
2010-08-21,404,35.29,25.39,21.73,23.56,92.22,404.0,404.0,404.0,224.0,404.0,352.57,5.01,25.37,91.82,30.56000000000003,152.5,78.0,0.0,0.0,0.0
2010-08-22,405,36.15,25.56,21.96,23.76,92.88,404.0,404.0,404.0,324.0,404.0,378.29,35.29,25.39,92.22,52.14000000000003,182.57999999999998,79.0,0.0,0.0,0.0
2010-08-23,405,21.59,25.7,22.58,24.14,93.28,405.0,404.0,404.0,364.0,404.33,389.86,36.15,25.56,92.88,76.45000000000002,190.79,80.0,0.0,0.0,1.0
2010-08-24,265,63.24,24.81,22.33,23.57,94.3,405.0,405.0,404.0,344.0,404.67,395.71,21.59,25.7,93.28,93.03000000000003,162.07,81.0,0.0,0.0,1.0
2010-08-25,265,50.77,23.98,22.42,23.2,93.76,265.0,405.0,405.0,404.0,358.33,384.43,63.24,24.81,94.3,120.98000000000003,186.83,82.0,1.0,0.0,1.0
2010-08-26,325,39.37,25.35,22.58,23.96,93.16,265.0,265.0,405.0,404.0,311.67,364.57,50.77,23.98,93.76,135.60000000000005,223.89000000000001,83.0,1.0,0.0,1.0
2010-08-27,405,24.45,25.35,23.03,24.19,94.02,325.0,265.0,265.0,404.0,285.0,353.29,39.37,25.35,93.16,153.38000000000005,251.42000000000002,84.0,0.0,0.0,1.0
2010-08-28,405,9.07,26.45,22.89,24.67,92.97,405.0,325.0,265.0,404.0,331.67,353.43,24.45,25.35,94.02,114.59000000000003,270.86,85.0,0.0,0.0,1.0
2010-08-29,165,9.19,25.66,23.04,24.35,94.18,405.0,405.0,325.0,405.0,378.33,353.57,9.07,26.45,92.97,72.89000000000003,244.64,86.0,0.0,0.0,1.0
2010-08-30,185,69.55,25.04,21.58,23.31,94.02,165.0,405.0,405.0,405.0,325.0,319.29,9.19,25.66,94.18,42.71000000000003,217.68,87.0,0.0,0.0,1.0
2010-08-31,145,10.2,24.85,21.62,23.24,93.47,185.0,165.0,405.0,265.0,251.67,287.86,69.55,25.04,94.02,87.81000000000003,265.64,88.0,1.0,0.0,1.0
2010-09-01,205,12.81,25.51,22.19,23.85,92.17,145.0,185.0,165.0,265.0,165.0,270.71,10.2,24.85,93.47,88.94000000000004,212.6,89.0,0.0,0.0,1.0
2010-09-02,145,11.36,26.35,22.26,24.31,90.68,205.0,145.0,185.0,325.0,178.33,262.14,12.81,25.51,92.17,92.56000000000003,174.64,90.0,0.0,0.0,0.0
2010-09-03,85,14.81,25.53,22.65,24.09,92.66,145.0,205.0,145.0,405.0,165.0,236.43,11.36,26.35,90.68,34.370000000000026,146.62999999999997,91.0,0.0,0.0,0.0
2010-09-04,85,13.74,25.61,22.61,24.11,91.92,85.0,145.0,205.0,405.0,145.0,190.71,14.81,25.53,92.66,38.98000000000003,136.98999999999998,92.0,0.0,0.0,1.0
2010-09-05,85,14.48,25.68,22.9,24.29,92.98,85.0,85.0,145.0,165.0,105.0,145.0,13.74,25.61,91.92,39.910000000000025,141.66,93.0,0.0,0.0,0.0
2010-09-06,165,37.38,25.68,22.9,24.29,92.55,85.0,85.0,85.0,185.0,85.0,133.57,14.48,25.68,92.98,43.03000000000003,146.95,94.0,0.0,0.0,1.0
2010-09-07,165,35.48,25.59,23.15,24.37,93.32,165.0,85.0,85.0,145.0,111.67,130.71,37.38,25.68,92.55,65.60000000000004,114.78,95.0,0.0,0.0,1.0
2010-09-08,245,31.96,26.18,23.1,24.64,92.02,165.0,165.0,85.0,205.0,138.33,133.57,35.48,25.59,93.32,87.34000000000003,140.06,96.0,0.0,0.0,1.0
2010-09-09,305,30.32,26.14,23.24,24.69,92.58,245.0,165.0,165.0,145.0,191.67,139.29,31.96,26.18,92.02,104.82000000000002,159.20999999999998,97.0,0.0,0.0,0.0
2010-09-10,405,57.44,25.82,23.0,24.41,92.79,305.0,245.0,165.0,85.0,238.33,162.14,30.32,26.14,92.58,97.76000000000002,178.17000000000002,98.0,0.0,0.0,1.0
2010-09-11,405,4.44,26.02,22.7,24.36,90.72,405.0,305.0,245.0,85.0,318.33,207.86,57.44,25.82,92.79,119.72000000000003,220.8,99.0,1.0,0.0,1.0
2010-09-12,245,7.96,26.6,22.44,24.52,90.63,405.0,405.0,305.0,85.0,371.67,253.57,4.44,26.02,90.72,92.20000000000002,211.5,100.0,0.0,0.0,0.0
2010-09-13,265,12.96,25.68,22.1,23.89,91.59,245.0,405.0,405.0,165.0,351.67,276.43,7.96,26.6,90.63,69.84000000000003,204.98000000000002,101.0,0.0,0.0,0.0
2010-09-14,365,58.2,25.31,21.54,23.42,90.05,265.0,245.0,405.0,165.0,305.0,290.71,12.96,25.68,91.59,25.360000000000028,180.56,102.0,0.0,0.0,0.0
2010-09-15,405,38.59,25.26,21.76,23.51,92.18,365.0,265.0,245.0,245.0,291.67,319.29,58.2,25.31,90.05,79.12000000000003,203.28,103.0,1.0,0.0,0.0
2010-09-16,405,21.77,25.03,21.41,23.22,87.86,405.0,365.0,265.0,305.0,345.0,342.14,38.59,25.26,92.18,109.75000000000004,209.91,104.0,0.0,0.0,0.0
2010-09-17,405,4.16,25.3,21.78,23.54,90.69,405.0,405.0,365.0,405.0,391.67,356.43,21.77,25.03,87.86,118.56000000000003,201.35999999999999,105.0,0.0,0.0,0.0
2010-09-18,405,2.56,25.89,21.85,23.87,88.81,405.0,405.0,405.0,405.0,405.0,356.43,4.16,25.3,90.69,64.52000000000004,148.07999999999998,106.0,0.0,0.0,0.0
2010-09-19,405,0.2,26.41,21.67,24.04,86.83,405.0,405.0,405.0,245.0,405.0,356.43,2.56,25.89,88.81,28.490000000000027,146.2,107.0,0.0,0.0,0.0
2010-09-20,405,0.0,27.13,21.69,24.41,83.89,405.0,405.0,405.0,265.0,405.0,379.29,0.2,26.41,86.83,6.920000000000028,138.44,0.0,0.0,0.0,0.0
2010-09-21,405,19.16,27.66,22.32,24.99,84.39,405.0,405.0,405.0,365.0,405.0,399.29,0.0,27.13,83.89,2.7600000000000287,125.48,0.0,0.0,0.0,0.0
2010-09-22,405,3.44,26.56,22.46,24.51,88.51,405.0,405.0,405.0,405.0,405.0,405.0,19.16,27.66,84.39,19.360000000000028,86.44,1.0,0.0,0.0,0.0
2010-09-23,405,85.8,28.34,22.94,25.64,89.26,405.0,405.0,405.0,405.0,405.0,405.0,3.44,26.56,88.51,22.60000000000003,51.29,2.0,0.0,0.0,0.0
2010-09-24,405,12.76,27.66,22.88,25.27,87.84,405.0,405.0,405.0,405.0,405.0,405.0,85.8,28.34,89.26,108.40000000000003,115.32,3.0,1.0,0.0,0.0
2010-09-25,405,8.13,26.32,22.72,24.52,88.05,405.0,405.0,405.0,405.0,405.0,405.0,12.76,27.66,87.84,102.00000000000003,123.92,4.0,0.0,0.0,0.0
2010-09-26,325,6.15,28.83,22.87,25.85,86.1,405.0,405.0,405.0,405.0,405.0,405.0,8.13,26.32,88.05,106.69000000000003,129.49,5.0,0.0,0.0,0.0
2010-09-27,305,22.53,27.88,22.8,25.34,87.74,325.0,405.0,405.0,405.0,378.33,393.57,6.15,28.83,86.1,27.040000000000028,135.44,6.0,0.0,0.0,0.0
2010-09-28,145,10.85,28.38,22.7,25.54,87.28,305.0,325.0,405.0,405.0,345.0,379.29,22.53,27.88,87.74,36.81000000000003,157.97,7.0,0.0,0.0,0.0
2010-09-29,105,9.69,29.4,22.54,25.97,85.01,145.0,305.0,325.0,405.0,258.33,342.14,10.85,28.38,87.28,39.53000000000003,149.65999999999997,8.0,0.0,0.0,0.0
2010-09-30,50,15.56,27.98,22.84,25.41,83.66,105.0,145.0,305.0,405.0,185.0,299.29,9.69,29.4,85.01,43.07000000000003,155.90999999999997,9.0,0.0,0.0,0.0
2010-10-01,65,5.12,29.24,22.88,26.06,84.7,50.0,105.0,145.0,405.0,100.0,248.57,15.56,27.98,83.66,36.10000000000003,85.67,10.0,0.0,0.0,0.0
2010-10-02,105,30.39,26.99,22.89,24.94,89.07,65.0,50.0,105.0,405.0,73.33,200.0,5.12,29.24,84.7,30.370000000000026,78.03,11.0,0.0,0.0,0.0
2010-10-03,65,21.65,29.08,22.74,25.91,86.96,105.0,65.0,50.0,325.0,73.33,157.14,30.39,26.99,89.07,51.07000000000003,100.28999999999999,12.0,0.0,0.0,0.0
2010-10-04,65,2.44,28.36,22.96,25.66,85.89,65.0,105.0,65.0,305.0,78.33,120.0,21.65,29.08,86.96,57.160000000000025,115.78999999999999,13.0,0.0,0.0,0.0
2010-10-05,65,5.54,28.56,23.24,25.9,87.36,65.0,65.0,105.0,145.0,78.33,85.71,2.44,28.36,85.89,54.480000000000025,95.69999999999999,14.0,0.0,0.0,0.0
2010-10-06,125,15.02,26.36,23.28,24.82,90.92,65.0,65.0,65.0,105.0,65.0,74.29,5.54,28.56,87.36,29.630000000000027,90.39,15.0,0.0,0.0,0.0
2010-10-07,245,2.42,27.18,23.22,25.2,88.42,125.0,65.0,65.0,50.0,85.0,77.14,15.02,26.36,90.92,23.00000000000003,95.72,16.0,0.0,0.0,0.0
2010-10-08,245,1.09,27.56,23.52,25.54,88.03,245.0,125.0,65.0,65.0,145.0,105.0,2.42,27.18,88.42,22.980000000000025,82.58,17.0,0.0,0.0,0.0
2010-10-09,225,0.12,27.38,22.98,25.18,86.61,245.0,245.0,125.0,105.0,205.0,130.71,1.09,27.56,88.03,18.53000000000003,78.55,18.0,0.0,0.0,0.0
2010-10-10,185,0.0,27.68,22.7,25.19,85.06,225.0,245.0,245.0,65.0,238.33,147.86,0.12,27.38,86.61,3.6300000000000283,48.28,0.0,0.0,0.0,0.0
2010-10-11,225,0.0,27.25,22.25,24.75,80.23,185.0,225.0,245.0,65.0,218.33,165.0,0.0,27.68,85.06,1.2100000000000284,26.63,0.0,0.0,0.0,0.0
2010-10-12,305,1.48,27.16,22.08,24.62,82.77,225.0,185.0,225.0,65.0,211.67,187.86,0.0,27.25,80.23,0.12000000000002842,24.189999999999998,0.0,0.0,0.0,0.0
2010-10-13,405,9.88,27.06,22.22,24.64,86.1,305.0,225.0,185.0,125.0,238.33,222.14,1.48,27.16,82.77,1.4800000000000284,20.13,1.0,0.0,0.0,0.0
2010-10-14,405,6.01,26.21,22.55,24.38,88.69,405.0,305.0,225.0,245.0,311.67,262.14,9.88,27.06,86.1,11.36000000000003,14.99,2.0,0.0,0.0,0.0
2010-10-15,405,10.14,26.56,22.58,24.57,88.17,405.0,405.0,305.0,245.0,371.67,285.0,6.01,26.21,88.69,17.37000000000003,18.58,3.0,0.0,0.0,0.0
2010-10-16,405,22.52,25.91,22.53,24.22,88.29,405.0,405.0,405.0,225.0,405.0,307.86,10.14,26.56,88.17,26.03000000000003,27.630000000000003,4.0,0.0,0.0,0.0
2010-10-17,405,7.19,26.11,22.33,24.22,86.79,405.0,405.0,405.0,185.0,405.0,333.57,22.52,25.91,88.29,38.67000000000003,50.03,5.0,0.0,0.0,0.0
2010-10-18,245,8.63,26.48,22.3,24.39,86.96,405.0,405.0,405.0,225.0,405.0,365.0,7.19,26.11,86.79,39.85000000000003,57.22,6.0,0.0,0.0,0.0
2010-10-19,245,5.43,27.12,22.6,24.86,88.21,245.0,405.0,405.0,305.0,351.67,367.86,8.63,26.48,86.96,38.34000000000003,65.85,7.0,0.0,0.0,0.0
2010-10-20,405,0.74,26.72,23.0,24.86,88.58,245.0,245.0,405.0,405.0,298.33,359.29,5.43,27.12,88.21,21.25000000000003,69.8,8.0,0.0,0.0,0.0
2010-10-21,405,84.89,26.33,23.03,24.68,90.23,405.0,245.0,245.0,405.0,298.33,359.29,0.74,26.72,88.58,14.800000000000027,60.66,0.0,0.0,0.0,0.0
2010-10-22,365,67.78,25.54,23.44,24.49,91.57,405.0,405.0,245.0,405.0,351.67,359.29,84.89,26.33,90.23,91.06000000000003,139.54,1.0,1.0,0.0,0.0
2010-10-23,365,9.02,26.21,22.97,24.59,91.68,365.0,405.0,405.0,405.0,391.67,353.57,67.78,25.54,91.57,153.41000000000003,197.18,2.0,1.0,0.0,0.0
2010-10-24,325,4.41,26.78,22.22,24.5,88.92,365.0,365.0,405.0,405.0,378.33,347.86,9.02,26.21,91.68,161.69000000000005,183.68,3.0,0.0,0.0,0.0
2010-10-25,325,0.28,26.87,22.05,24.46,87.13,325.0,365.0,365.0,245.0,351.67,336.43,4.41,26.78,88.92,81.21000000000004,180.9,4.0,0.0,0.0,0.0
2010-10-26,405,24.2,27.91,22.67,25.29,86.88,325.0,325.0,365.0,245.0,338.33,347.86,0.28,26.87,87.13,13.710000000000027,172.54999999999998,0.0,0.0,0.0,0.0
2010-10-27,405,11.75,27.27,22.99,25.13,90.09,405.0,325.0,325.0,405.0,351.67,370.71,24.2,27.91,86.88,28.89000000000003,191.32000000000002,1.0,0.0,0.0,0.0
2010-10-28,405,0.07,27.99,21.53,24.76,85.59,405.0,405.0,325.0,405.0,378.33,370.71,11.75,27.27,90.09,36.230000000000025,202.33,2.0,0.0,0.0,0.0
2010-10-29,365,0.0,28.85,21.35,25.1,83.93,405.0,405.0,405.0,365.0,405.0,370.71,0.07,27.99,85.59,36.020000000000024,117.51,0.0,0.0,0.0,0.0
2010-10-30,405,2.32,28.9,21.54,25.22,82.45,365.0,405.0,405.0,365.0,391.67,370.71,0.0,28.85,83.93,11.820000000000025,49.73,0.0,0.0,0.0,0.0
2010-10-31,205,3.47,27.8,21.78,24.79,83.99,405.0,365.0,405.0,325.0,391.67,376.43,2.32,28.9,82.45,2.3900000000000245,43.029999999999994,1.0,0.0,0.0,0.0
2010-11-01,265,5.19,28.28,21.92,25.1,83.55,205.0,405.0,365.0,325.0,325.0,359.29,3.47,27.8,83.99,5.790000000000025,42.09,2.0,0.0,0.0,0.0
2010-11-02,245,34.93,26.36,22.1,24.23,89.0,265.0,205.0,405.0,405.0,291.67,350.71,5.19,28.28,83.55,10.980000000000025,47.0,3.0,0.0,0.0,0.0
2010-11-03,405,5.42,26.66,22.32,24.49,87.24,245.0,265.0,205.0,405.0,238.33,327.86,34.93,26.36,89.0,43.590000000000025,57.730000000000004,4.0,0.0,0.0,0.0
2010-11-04,405,1.73,27.58,22.34,24.96,88.16,405.0,245.0,265.0,405.0,305.0,327.86,5.42,26.66,87.24,45.54000000000003,51.4,5.0,0.0,0.0,0.0
2010-11-05,405,12.81,26.56,20.84,23.7,79.99,405.0,405.0,245.0,365.0,351.67,327.86,1.73,27.58,88.16,42.08000000000002,53.059999999999995,6.0,0.0,0.0,0.0
2010-11-06,405,2.0,26.43,20.73,23.58,84.18,405.0,405.0,405.0,405.0,405.0,333.57,12.81,26.56,79.99,19.96000000000003,65.87,7.0,0.0,0.0,0.0
2010-11-07,405,27.51,25.88,21.66,23.77,86.18,405.0,405.0,405.0,205.0,405.0,333.57,2.0,26.43,84.18,16.540000000000028,65.55,8.0,0.0,0.0,0.0
2010-11-08,405,29.4,25.48,21.48,23.48,92.01,405.0,405.0,405.0,265.0,405.0,362.14,27.51,25.88,86.18,42.320000000000036,89.59,9.0,0.0,0.0,0.0
2010-11-09,405,12.47,27.43,21.43,24.43,88.58,405.0,405.0,405.0,245.0,405.0,382.14,29.4,25.48,92.01,58.910000000000025,113.8,10.0,0.0,0.0,0.0
2010-11-10,405,2.79,27.41,22.73,25.07,87.97,405.0,405.0,405.0,405.0,405.0,405.0,12.47,27.43,88.58,69.38000000000002,91.33999999999999,11.0,0.0,0.0,0.0
2010-11-11,405,48.3,25.32,21.92,23.62,92.18,405.0,405.0,405.0,405.0,405.0,405.0,2.79,27.41,87.97,44.66000000000003,88.71,12.0,0.0,0.0,0.0
2010-11-12,405,0.64,27.56,21.94,24.75,85.38,405.0,405.0,405.0,405.0,405.0,405.0,48.3,25.32,92.18,63.56000000000003,135.27999999999997,13.0,1.0,0.0,0.0
2010-11-13,405,12.17,28.3,22.6,25.45,87.22,405.0,405.0,405.0,405.0,405.0,405.0,0.64,27.56,85.38,51.73000000000003,123.10999999999999,0.0,0.0,0.0,0.0
2010-11-14,405,10.73,29.34,22.88,26.11,85.23,405.0,405.0,405.0,405.0,405.0,405.0,12.17,28.3,87.22,61.110000000000035,133.27999999999997,1.0,0.0,0.0,0.0
2010-11-15,405,8.54,27.64,22.65,25.15,88.83,405.0,405.0,405.0,405.0,405.0,405.0,10.73,29.34,85.23,23.540000000000035,116.5,2.0,0.0,0.0,0.0
2010-11-16,405,8.86,27.14,22.36,24.75,86.05,405.0,405.0,405.0,405.0,405.0,405.0,8.54,27.64,88.83,31.440000000000033,95.63999999999999,3.0,0.0,0.0,0.0
2010-11-17,405,21.52,25.95,22.95,24.45,86.51,405.0,405.0,405.0,405.0,405.0,405.0,8.86,27.14,86.05,28.13000000000003,92.02999999999999,4.0,0.0,0.0,0.0
2010-11-18,405,1.74,27.98,21.96,24.97,85.85,405.0,405.0,405.0,405.0,405.0,405.0,21.52,25.95,86.51,38.92000000000004,110.75999999999999,5.0,0.0,0.0,0.0
2010-11-19,405,12.56,27.82,21.76,24.79,82.06,405.0,405.0,405.0,405.0,405.0,405.0,1.74,27.98,85.85,32.12000000000004,64.19999999999999,6.0,0.0,0.0,0.0
2010-11-20,405,2.03,27.84,21.82,24.83,82.89,405.0,405.0,405.0,405.0,405.0,405.0,12.56,27.82,82.06,35.820000000000036,76.11999999999999,7.0,0.0,0.0,0.0
2010-11-21,405,1.75,26.21,21.61,23.91,87.81,405.0,405.0,405.0,405.0,405.0,405.0,2.03,27.84,82.89,16.330000000000037,65.97999999999999,8.0,0.0,0.0,0.0
2010-11-22,405,2.02,26.59,21.61,24.1,86.56,405.0,405.0,405.0,405.0,405.0,405.0,1.75,26.21,87.81,16.340000000000035,56.99999999999999,9.0,0.0,0.0,0.0
2010-11-23,405,4.38,26.3,22.3,24.3,86.72,405.0,405.0,405.0,405.0,405.0,405.0,2.02,26.59,86.56,5.800000000000035,50.48,10.0,0.0,0.0,0.0
2010-11-24,405,0.71,27.48,22.32,24.9,84.55,405.0,405.0,405.0,405.0,405.0,405.0,4.38,26.3,86.72,8.150000000000036,46.0,11.0,0.0,0.0,0.0
2010-11-25,405,0.0,28.13,22.37,25.25,79.8,405.0,405.0,405.0,405.0,405.0,405.0,0.71,27.48,84.55,7.110000000000035,25.189999999999994,0.0,0.0,0.0,0.0
2010-11-26,405,0.13,27.72,22.1,24.91,79.14,405.0,405.0,405.0,405.0,405.0,405.0,0.0,28.13,79.8,5.090000000000035,23.449999999999996,0.0,0.0,0.0,0.0
2010-11-27,405,0.01,27.67,21.26,24.47,78.32,405.0,405.0,405.0,405.0,405.0,405.0,0.13,27.72,79.14,0.8400000000000346,11.019999999999992,0.0,0.0,0.0,0.0
2010-11-28,245,0.18,27.39,21.23,24.31,81.74,405.0,405.0,405.0,405.0,405.0,405.0,0.01,27.67,78.32,0.14000000000003465,8.999999999999993,0.0,0.0,0.0,0.0
2010-11-29,405,0.04,28.31,20.51,24.41,79.1,245.0,405.0,405.0,405.0,351.67,382.14,0.18,27.39,81.74,0.32000000000003465,7.4299999999999935,0.0,0.0,0.0,0.0
2010-11-30,405,0.0,28.32,20.64,24.48,77.39,405.0,245.0,405.0,405.0,351.67,382.14,0.04,28.31,79.1,0.23000000000003465,5.449999999999993,0.0,0.0,0.0,0.0
2010-12-01,405,0.0,28.63,21.81,25.22,77.78,405.0,405.0,245.0,405.0,351.67,382.14,0.0,28.32,77.39,0.22000000000003464,1.069999999999993,0.0,0.0,0.0,0.0
2010-12-02,405,1.22,27.61,22.11,24.86,82.66,405.0,405.0,405.0,405.0,405.0,382.14,0.0,28.63,77.78,0.04000000000003464,0.3599999999999929,0.0,0.0,0.0,0.0
2010-12-03,405,0.02,27.71,21.41,24.56,77.51,405.0,405.0,405.0,405.0,405.0,382.14,1.22,27.61,82.66,1.2200000000000346,1.579999999999993,1.0,0.0,0.0,0.0
2010-12-04,405,0.0,28.54,19.62,24.08,76.89,405.0,405.0,405.0,405.0,405.0,382.14,0.02,27.71,77.51,1.2400000000000346,1.4699999999999929,0.0,0.0,0.0,0.0
2010-12-05,405,0.0,25.98,18.1,22.04,75.6,405.0,405.0,405.0,245.0,405.0,382.14,0.0,28.54,76.89,1.2400000000000346,1.4599999999999929,0.0,0.0,0.0,0.0
2010-12-06,405,0.0,26.39,18.33,22.36,75.81,405.0,405.0,405.0,405.0,405.0,405.0,0.0,25.98,75.6,0.02000000000003464,1.2799999999999927,0.0,0.0,0.0,0.0
2010-12-07,405,0.0,28.04,20.52,24.28,78.34,405.0,405.0,405.0,405.0,405.0,405.0,0.0,26.39,75.81,0.0,1.2399999999999927,0.0,0.0,0.0,0.0
2010-12-08,405,0.0,27.51,21.56,24.53,82.17,405.0,405.0,405.0,405.0,405.0,405.0,0.0,28.04,78.34,0.0,1.2399999999999927,0.0,0.0,0.0,0.0
2010-12-09,405,0.02,26.51,21.93,24.22,85.12,405.0,405.0,405.0,405.0,405.0,405.0,0.0,27.51,82.17,0.0,1.2399999999999927,0.0,0.0,0.0,0.0
2010-12-10,405,9.7,25.32,21.18,23.25,86.48,405.0,405.0,405.0,405.0,405.0,405.0,0.02,26.51,85.12,0.02000000000003464,0.03999999999999267,0.0,0.0,0.0,0.0
2010-12-11,405,0.94,25.8,19.94,22.87,84.84,405.0,405.0,405.0,405.0,405.0,405.0,9.7,25.32,86.48,9.720000000000034,9.719999999999992,1.0,0.0,0.0,0.0
2010-12-12,405,0.0,25.22,18.96,22.09,80.53,405.0,405.0,405.0,405.0,405.0,405.0,0.94,25.8,84.84,10.660000000000034,10.659999999999991,0.0,0.0,0.0,0.0
2010-12-13,405,0.0,25.26,18.38,21.82,78.52,405.0,405.0,405.0,405.0,405.0,405.0,0.0,25.22,80.53,10.640000000000034,10.659999999999991,0.0,0.0,0.0,0.0
2010-12-14,405,0.0,26.92,19.11,23.02,80.58,405.0,405.0,405.0,405.0,405.0,405.0,0.0,25.26,78.52,0.9400000000000355,10.659999999999991,0.0,0.0,0.0,0.0
2010-12-15,405,0.04,27.34,20.98,24.16,82.36,405.0,405.0,405.0,405.0,405.0,405.0,0.0,26.92,80.58,0.0,10.659999999999991,0.0,0.0,0.0,0.0
2010-12-16,405,0.01,25.37,21.67,23.52,84.25,405.0,405.0,405.0,405.0,405.0,405.0,0.04,27.34,82.36,0.04000000000003553,10.699999999999992,0.0,0.0,0.0,0.0
2010-12-17,305,0.05,25.56,21.72,23.64,83.78,405.0,405.0,405.0,405.0,405.0,405.0,0.01,25.37,84.25,0.05000000000003553,10.689999999999992,0.0,0.0,0.0,0.0
2010-12-18,365,0.0,28.89,18.85,23.87,81.21,305.0,405.0,405.0,405.0,371.67,390.71,0.05,25.56,83.78,0.10000000000003553,1.039999999999993,0.0,0.0,0.0,0.0
2010-12-19,405,0.0,25.45,17.29,21.37,75.23,365.0,305.0,405.0,405.0,358.33,385.0,0.0,28.89,81.21,0.06000000000003553,0.0999999999999929,0.0,0.0,0.0,0.0
2010-12-20,405,0.0,27.82,19.22,23.52,79.16,405.0,365.0,305.0,405.0,358.33,385.0,0.0,25.45,75.23,0.05000000000003553,0.0999999999999929,0.0,0.0,0.0,0.0
2010-12-21,305,0.0,28.95,17.05,23.0,76.65,405.0,405.0,365.0,405.0,391.67,385.0,0.0,27.82,79.16,0.0,0.0999999999999929,0.0,0.0,0.0,0.0
2010-12-22,405,0.0,27.4,15.56,21.48,68.82,305.0,405.0,405.0,405.0,371.67,370.71,0.0,28.95,76.65,0.0,0.0999999999999929,0.0,0.0,0.0,0.0
2010-12-23,405,0.0,27.92,16.14,22.03,63.06,405.0,305.0,405.0,405.0,371.67,370.71,0.0,27.4,68.82,0.0,0.0599999999999929,0.0,0.0,0.0,0.0
2010-12-24,405,0.0,27.06,17.02,22.04,66.22,405.0,405.0,305.0,305.0,371.67,370.71,0.0,27.92,63.06,0.0,0.0499999999999929,0.0,0.0,0.0,0.0
2010-12-25,405,0.0,27.76,17.67,22.72,68.83,405.0,405.0,405.0,365.0,405.0,385.0,0.0,27.06,66.22,0.0,0.0,0.0,0.0,0.0,0.0
2010-12-26,405,0.0,27.24,18.56,22.9,78.47,405.0,405.0,405.0,405.0,405.0,390.71,0.0,27.76,68.83,0.0,0.0,0.0,0.0,0.0,0.0
2010-12-27,405,0.0,26.18,19.22,22.7,81.12,405.0,405.0,405.0,405.0,405.0,390.71,0.0,27.24,78.47,0.0,0.0,0.0,0.0,0.0,0.0
2010-12-28,405,0.0,27.09,18.67,22.88,71.67,405.0,405.0,405.0,305.0,405.0,390.71,0.0,26.18,81.12,0.0,0.0,0.0,0.0,0.0,0.0
2010-12-29,405,0.02,28.64,19.51,24.08,73.99,405.0,405.0,405.0,405.0,405.0,405.0,0.0,27.09,71.67,0.0,0.0,0.0,0.0,0.0,0.0
2010-12-30,405,0.0,27.82,21.04,24.43,78.91,405.0,405.0,405.0,405.0,405.0,405.0,0.02,28.64,73.99,0.020000000000035528,0.019999999999992895,0.0,0.0,0.0,0.0
2010-12-31,405,0.01,27.36,20.16,23.76,80.71,405.0,405.0,405.0,405.0,405.0,405.0,0.0,27.82,78.91,0.020000000000035528,0.019999999999992895,0.0,0.0,0.0,0.0
2011-01-01,420,0.0,26.82,19.34,23.08,80.23,405.0,405.0,405.0,405.0,405.0,405.0,0.01,27.36,80.71,0.030000000000035526,0.029999999999992893,0.0,0.0,0.0,0.0
2011-01-02,420,0.0,26.98,19.37,23.17,81.76,420.0,405.0,405.0,405.0,410.0,407.14,0.0,26.82,80.23,0.010000000000035527,0.029999999999992893,0.0,0.0,0.0,0.0
2011-01-03,420,0.0,27.61,20.65,24.13,78.39,420.0,420.0,405.0,405.0,415.0,409.29,0.0,26.98,81.76,0.010000000000035527,0.029999999999992893,0.0,0.0,0.0,0.0
2011-01-04,420,0.0,28.23,20.43,24.33,75.72,420.0,420.0,420.0,405.0,420.0,411.43,0.0,27.61,78.39,0.0,0.029999999999992893,0.0,0.0,0.0,0.0
2011-01-05,420,0.0,28.16,20.12,24.14,76.81,420.0,420.0,420.0,405.0,420.0,413.57,0.0,28.23,75.72,0.0,0.029999999999992893,0.0,0.0,0.0,0.0
2011-01-06,420,0.0,28.24,18.76,23.5,73.66,420.0,420.0,420.0,405.0,420.0,415.71,0.0,28.16,76.81,0.0,0.009999999999992895,0.0,0.0,0.0,0.0
2011-01-07,420,0.0,28.08,18.31,23.2,73.99,420.0,420.0,420.0,405.0,420.0,417.86,0.0,28.24,73.66,0.0,0.009999999999992895,0.0,0.0,0.0,0.0
2011-01-08,420,0.0,28.62,18.06,23.34,74.79,420.0,420.0,420.0,420.0,420.0,420.0,0.0,28.08,73.99,0.0,0.0,0.0,0.0,0.0,0.0
2011-01-09,420,0.0,28.94,18.6,23.77,72.35,420.0,420.0,420.0,420.0,420.0,420.0,0.0,28.62,74.79,0.0,0.0,0.0,0.0,0.0,0.0
2011-01-10,420,0.0,29.19,16.67,22.93,66.65,420.0,420.0,420.0,420.0,420.0,420.0,0.0,28.94,72.35,0.0,0.0,0.0,0.0,0.0,0.0
2011-01-11,420,0.0,27.87,15.01,21.44,63.42,420.0,420.0,420.0,420.0,420.0,420.0,0.0,29.19,66.65,0.0,0.0,0.0,0.0,0.0,0.0
2011-01-12,420,0.0,27.8,15.32,21.56,58.31,420.0,420.0,420.0,420.0,420.0,420.0,0.0,27.87,63.42,0.0,0.0,0.0,0.0,0.0,0.0
2011-01-13,420,0.0,28.15,16.03,22.09,60.54,420.0,420.0,420.0,420.0,420.0,420.0,0.0,27.8,58.31,0.0,0.0,0.0,0.0,0.0,0.0
2011-01-14,420,0.0,27.79,16.09,21.94,64.0,420.0,420.0,420.0,420.0,420.0,420.0,0.0,28.15,60.54,0.0,0.0,0.0,0.0,0.0,0.0
2011-01-15,420,0.0,27.9,15.88,21.89,67.76,420.0,420.0,420.0,420.0,420.0,420.0,0.0,27.79,64.0,0.0,0.0,0.0,0.0,0.0,0.0
2011-01-16,420,0.0,29.2,16.6,22.9,66.86,420.0,420.0,420.0,420.0,420.0,420.0,0.0,27.9,67.76,0.0,0.0,0.0,0.0,0.0,0.0
2011-01-17,420,0.0,28.66,17.16,22.91,71.11,420.0,420.0,420.0,420.0,420.0,420.0,0.0,29.2,66.86,0.0,0.0,0.0,0.0,0.0,0.0
2011-01-18,420,0.0,28.96,17.18,23.07,65.26,420.0,420.0,420.0,420.0,420.0,420.0,0.0,28.66,71.11,0.0,0.0,0.0,0.0,0.0,0.0
2011-01-19,420,0.0,28.87,16.99,22.93,69.29,420.0,420.0,420.0,420.0,420.0,420.0,0.0,28.96,65.26,0.0,0.0,0.0,0.0,0.0,0.0
2011-01-20,420,0.0,29.66,16.88,23.27,63.72,420.0,420.0,420.0,420.0,420.0,420.0,0.0,28.87,69.29,0.0,0.0,0.0,0.0,0.0,0.0
2011-01-21,420,0.0,28.75,16.17,22.46,67.81,420.0,420.0,420.0,420.0,420.0,420.0,0.0,29.66,63.72,0.0,0.0,0.0,0.0,0.0,0.0
2011-01-22,420,0.0,28.99,16.83,22.91,68.24,420.0,420.0,420.0,420.0,420.0,420.0,0.0,28.75,67.81,0.0,0.0,0.0,0.0,0.0,0.0
2011-01-23,420,0.0,28.44,17.42,22.93,68.45,420.0,420.0,420.0,420.0,420.0,420.0,0.0,28.99,68.24,0.0,0.0,0.0,0.0,0.0,0.0
2011-01-24,420,0.0,27.72,16.64,22.18,70.33,420.0,420.0,420.0,420.0,420.0,420.0,0.0,28.44,68.45,0.0,0.0,0.0,0.0,0.0,0.0
2011-01-25,420,0.0,27.96,16.51,22.23,66.63,420.0,420.0,420.0,420.0,420.0,420.0,0.0,27.72,70.33,0.0,0.0,0.0,0.0,0.0,0.0
2011-01-26,420,0.0,28.72,17.08,22.9,68.45,420.0,420.0,420.0,420.0,420.0,420.0,0.0,27.96,66.63,0.0,0.0,0.0,0.0,0.0,0.0
2011-01-27,420,0.0,28.45,17.15,22.8,66.12,420.0,420.0,420.0,420.0,420.0,420.0,0.0,28.72,68.45,0.0,0.0,0.0,0.0,0.0,0.0
2011-01-28,420,0.0,28.74,16.64,22.69,62.37,420.0,420.0,420.0,420.0,420.0,420.0,0.0,28.45,66.12,0.0,0.0,0.0,0.0,0.0,0.0
2011-01-29,420,0.0,29.33,16.61,22.97,65.73,420.0,420.0,420.0,420.0,420.0,420.0,0.0,28.74,62.37,0.0,0.0,0.0,0.0,0.0,0.0
2011-01-30,420,0.0,28.79,16.57,22.68,65.36,420.0,420.0,420.0,420.0,420.0,420.0,0.0,29.33,65.73,0.0,0.0,0.0,0.0,0.0,0.0
2011-01-31,420,0.0,28.12,16.06,22.09,62.75,420.0,420.0,420.0,420.0,420.0,420.0,0.0,28.79,65.36,0.0,0.0,0.0,0.0,0.0,0.0
2011-02-01,260,0.0,27.81,16.31,22.06,61.39,420.0,420.0,420.0,420.0,420.0,420.0,0.0,28.12,62.75,0.0,0.0,0.0,0.0,0.0,0.0
2011-02-02,260,0.0,27.9,16.74,22.32,63.42,260.0,420.0,420.0,420.0,366.67,397.14,0.0,27.81,61.39,0.0,0.0,0.0,0.0,0.0,0.0
2011-02-03,420,0.0,29.1,17.1,23.1,63.01,260.0,260.0,420.0,420.0,313.33,374.29,0.0,27.9,63.42,0.0,0.0,0.0,0.0,0.0,0.0
2011-02-04,420,0.0,28.71,17.11,22.91,63.4,420.0,260.0,260.0,420.0,313.33,374.29,0.0,29.1,63.01,0.0,0.0,0.0,0.0,0.0,0.0
2011-02-05,420,0.0,29.7,16.56,23.13,61.0,420.0,420.0,260.0,420.0,366.67,374.29,0.0,28.71,63.4,0.0,0.0,0.0,0.0,0.0,0.0
2011-02-06,420,0.0,29.39,16.91,23.15,58.31,420.0,420.0,420.0,420.0,420.0,374.29,0.0,29.7,61.0,0.0,0.0,0.0,0.0,0.0,0.0
2011-02-07,420,0.0,29.71,17.33,23.52,56.32,420.0,420.0,420.0,420.0,420.0,374.29,0.0,29.39,58.31,0.0,0.0,0.0,0.0,0.0,0.0
2011-02-08,420,0.0,29.96,17.08,23.52,57.27,420.0,420.0,420.0,260.0,420.0,374.29,0.0,29.71,56.32,0.0,0.0,0.0,0.0,0.0,0.0
2011-02-09,420,0.0,29.98,17.14,23.56,56.92,420.0,420.0,420.0,260.0,420.0,397.14,0.0,29.96,57.27,0.0,0.0,0.0,0.0,0.0,0.0
2011-02-10,420,0.0,29.8,17.17,23.49,57.34,420.0,420.0,420.0,420.0,420.0,420.0,0.0,29.98,56.92,0.0,0.0,0.0,0.0,0.0,0.0
2011-02-11,420,0.0,29.54,17.3,23.42,55.49,420.0,420.0,420.0,420.0,420.0,420.0,0.0,29.8,57.34,0.0,0.0,0.0,0.0,0.0,0.0
2011-02-12,420,0.0,29.72,16.68,23.2,57.71,420.0,420.0,420.0,420.0,420.0,420.0,0.0,29.54,55.49,0.0,0.0,0.0,0.0,0.0,0.0
2011-02-13,420,0.0,30.32,16.8,23.56,55.8,420.0,420.0,420.0,420.0,420.0,420.0,0.0,29.72,57.71,0.0,0.0,0.0,0.0,0.0,0.0
2011-02-14,420,0.0,29.54,18.03,23.78,66.9,420.0,420.0,420.0,420.0,420.0,420.0,0.0,30.32,55.8,0.0,0.0,0.0,0.0,0.0,0.0
2011-02-15,420,0.0,27.24,20.1,23.67,75.01,420.0,420.0,420.0,420.0,420.0,420.0,0.0,29.54,66.9,0.0,0.0,0.0,0.0,0.0,0.0
2011-02-16,420,0.0,27.98,19.31,23.65,75.09,420.0,420.0,420.0,420.0,420.0,420.0,0.0,27.24,75.01,0.0,0.0,0.0,0.0,0.0,0.0
2011-02-17,420,0.0,28.56,19.33,23.94,75.08,420.0,420.0,420.0,420.0,420.0,420.0,0.0,27.98,75.09,0.0,0.0,0.0,0.0,0.0,0.0
2011-02-18,420,0.0,28.32,18.22,23.27,74.65,420.0,420.0,420.0,420.0,420.0,420.0,0.0,28.56,75.08,0.0,0.0,0.0,0.0,0.0,0.0
2011-02-19,420,0.0,28.24,17.82,23.03,71.02,420.0,420.0,420.0,420.0,420.0,420.0,0.0,28.32,74.65,0.0,0.0,0.0,0.0,0.0,0.0
2011-02-20,420,0.0,28.41,17.99,23.2,71.41,420.0,420.0,420.0,420.0,420.0,420.0,0.0,28.24,71.02,0.0,0.0,0.0,0.0,0.0,0.0
2011-02-21,420,0.0,29.92,18.56,24.24,70.95,420.0,420.0,420.0,420.0,420.0,420.0,0.0,28.41,71.41,0.0,0.0,0.0,0.0,0.0,0.0
2011-02-22,370,0.0,30.86,21.08,25.97,67.85,420.0,420.0,420.0,420.0,420.0,420.0,0.0,29.92,70.95,0.0,0.0,0.0,0.0,0.0,0.0
2011-02-23,370,0.03,30.44,21.28,25.86,72.33,370.0,420.0,420.0,420.0,403.33,412.86,0.0,30.86,67.85,0.0,0.0,0.0,0.0,0.0,0.0
2011-02-24,170,1.15,29.76,20.64,25.2,74.46,370.0,370.0,420.0,420.0,386.67,405.71,0.03,30.44,72.33,0.030000000000035526,0.029999999999992893,0.0,0.0,0.0,0.0
2011-02-25,370,0.05,29.71,19.21,24.46,72.11,170.0,370.0,370.0,420.0,303.33,370.0,1.15,29.76,74.46,1.1800000000000355,1.1799999999999928,1.0,0.0,0.0,0.0
2011-02-26,420,0.0,29.69,18.89,24.29,69.87,370.0,170.0,370.0,420.0,303.33,362.86,0.05,29.71,72.11,1.2300000000000355,1.2299999999999929,0.0,0.0,0.0,0.0
2011-02-27,250,0.01,31.69,20.09,25.89,64.76,420.0,370.0,170.0,420.0,320.0,362.86,0.0,29.69,69.87,1.2000000000000355,1.2299999999999929,0.0,0.0,0.0,0.0
2011-02-28,190,0.0,31.72,19.77,25.75,58.27,250.0,420.0,370.0,420.0,346.67,338.57,0.01,31.69,64.76,0.06000000000003553,1.2399999999999929,0.0,0.0,0.0,0.0
2011-03-01,250,0.0,31.73,19.45,25.59,61.35,190.0,250.0,420.0,370.0,286.67,305.71,0.0,31.72,58.27,0.010000000000035527,1.2399999999999929,0.0,0.0,0.0,0.0
2011-03-02,250,0.0,31.94,20.24,26.09,59.18,250.0,190.0,250.0,370.0,230.0,288.57,0.0,31.73,61.35,0.010000000000035527,1.2399999999999929,0.0,0.0,0.0,0.0
2011-03-03,310,0.0,32.33,19.74,26.03,63.41,250.0,250.0,190.0,170.0,230.0,271.43,0.0,31.94,59.18,0.0,1.2099999999999929,0.0,0.0,0.0,0.0
2011-03-04,270,0.0,32.49,19.62,26.06,60.53,310.0,250.0,250.0,370.0,270.0,291.43,0.0,32.33,63.41,0.0,0.0599999999999929,0.0,0.0,0.0,0.0
2011-03-05,420,0.0,32.76,19.26,26.01,58.79,270.0,310.0,250.0,420.0,276.67,277.14,0.0,32.49,60.53,0.0,0.009999999999992895,0.0,0.0,0.0,0.0
2011-03-06,210,0.0,33.12,19.48,26.3,53.82,420.0,270.0,310.0,250.0,333.33,277.14,0.0,32.76,58.79,0.0,0.009999999999992895,0.0,0.0,0.0,0.0
2011-03-07,170,0.0,33.9,19.77,26.84,53.88,210.0,420.0,270.0,190.0,300.0,271.43,0.0,33.12,53.82,0.0,0.0,0.0,0.0,0.0,0.0
2011-03-08,130,0.0,33.12,20.42,26.77,64.13,170.0,210.0,420.0,250.0,266.67,268.57,0.0,33.9,53.88,0.0,0.0,0.0,0.0,1.0,0.0
2011-03-09,130,0.0,31.74,21.34,26.54,67.87,130.0,170.0,210.0,250.0,170.0,251.43,0.0,33.12,64.13,0.0,0.0,0.0,0.0,0.0,0.0
2011-03-10,150,0.0,32.55,20.91,26.73,65.17,130.0,130.0,170.0,310.0,143.33,234.29,0.0,31.74,67.87,0.0,0.0,0.0,0.0,0.0,0.0
2011-03-11,170,0.0,31.88,20.86,26.37,62.43,150.0,130.0,130.0,270.0,136.67,211.43,0.0,32.55,65.17,0.0,0.0,0.0,0.0,0.0,0.0
2011-03-12,370,0.0,33.15,21.01,27.08,60.83,170.0,150.0,130.0,420.0,150.0,197.14,0.0,31.88,62.43,0.0,0.0,0.0,0.0,0.0,0.0
2011-03-13,170,0.0,33.4,21.08,27.24,60.11,370.0,170.0,150.0,210.0,230.0,190.0,0.0,33.15,60.83,0.0,0.0,0.0,0.0,0.0,0.0
2011-03-14,250,0.0,33.02,20.78,26.9,61.53,170.0,370.0,170.0,170.0,236.67,184.29,0.0,33.4,60.11,0.0,0.0,0.0,0.0,0.0,0.0
2011-03-15,130,0.0,33.56,21.38,27.47,59.67,250.0,170.0,370.0,130.0,263.33,195.71,0.0,33.02,61.53,0.0,0.0,0.0,0.0,0.0,0.0
2011-03-16,110,0.0,33.54,21.48,27.51,58.31,130.0,250.0,170.0,130.0,183.33,195.71,0.0,33.56,59.67,0.0,0.0,0.0,0.0,0.0,0.0
2011-03-17,150,0.0,33.92,20.68,27.3,53.0,110.0,130.0,250.0,150.0,163.33,192.86,0.0,33.54,58.31,0.0,0.0,0.0,0.0,0.0,0.0
2011-03-18,170,0.0,33.6,19.84,26.72,51.34,150.0,110.0,130.0,170.0,130.0,192.86,0.0,33.92,53.0,0.0,0.0,0.0,0.0,1.0,0.0
2011-03-19,210,0.0,32.37,20.61,26.49,67.59,170.0,150.0,110.0,370.0,143.33,192.86,0.0,33.6,51.34,0.0,0.0,0.0,0.0,0.0,0.0
2011-03-20,290,0.02,32.62,22.1,27.36,67.36,210.0,170.0,150.0,170.0,176.67,170.0,0.0,32.37,67.59,0.0,0.0,0.0,0.0,0.0,0.0
2011-03-21,210,0.01,31.51,22.38,26.94,70.26,290.0,210.0,170.0,250.0,223.33,187.14,0.02,32.62,67.36,0.020000000000035528,0.019999999999992895,0.0,0.0,0.0,0.0
2011-03-22,210,0.0,32.7,21.92,27.31,66.46,210.0,290.0,210.0,130.0,236.67,181.43,0.01,31.51,70.26,0.030000000000035526,0.029999999999992893,0.0,0.0,0.0,0.0
2011-03-23,170,0.08,33.16,22.14,27.65,62.89,210.0,210.0,290.0,110.0,236.67,192.86,0.0,32.7,66.46,0.030000000000035526,0.029999999999992893,0.0,0.0,0.0,0.0
2011-03-24,250,0.01,32.5,21.72,27.11,61.57,170.0,210.0,210.0,150.0,196.67,201.43,0.08,33.16,62.89,0.09000000000003552,0.1099999999999929,0.0,0.0,0.0,0.0
2011-03-25,110,0.01,33.2,21.44,27.32,62.02,250.0,170.0,210.0,170.0,210.0,215.71,0.01,32.5,61.57,0.09000000000003552,0.11999999999999289,0.0,0.0,0.0,0.0
2011-03-26,210,0.01,32.78,22.22,27.5,66.13,110.0,250.0,170.0,210.0,176.67,207.14,0.01,33.2,62.02,0.10000000000003553,0.1299999999999929,0.0,0.0,0.0,0.0
2011-03-27,190,0.0,33.06,22.68,27.87,68.3,210.0,110.0,250.0,290.0,190.0,207.14,0.01,32.78,66.13,0.03,0.1399999999999929,0.0,0.0,0.0,0.0
2011-03-28,130,0.0,33.2,23.2,28.2,67.74,190.0,210.0,110.0,210.0,170.0,192.86,0.0,33.06,68.3,0.020000000000035524,0.11999999999999289,0.0,0.0,0.0,0.0
2011-03-29,110,0.0,33.49,23.32,28.41,66.03,130.0,190.0,210.0,210.0,176.67,181.43,0.0,33.2,67.74,0.010000000000035527,0.1099999999999929,0.0,0.0,0.0,0.0
2011-03-30,90,0.0,33.66,23.46,28.56,65.3,110.0,130.0,190.0,170.0,143.33,167.14,0.0,33.49,66.03,0.0,0.1099999999999929,0.0,0.0,0.0,0.0
2011-03-31,110,0.0,33.08,23.6,28.34,67.11,90.0,110.0,130.0,250.0,110.0,155.71,0.0,33.66,65.3,0.0,0.029999999999992893,0.0,0.0,0.0,0.0
2011-04-01,130,0.0,31.98,22.98,27.48,66.75,110.0,90.0,110.0,110.0,103.33,135.71,0.0,33.08,67.11,0.0,0.01999999999999289,0.0,0.0,0.0,0.0
2011-04-02,110,0.0,33.76,21.64,27.7,58.71,130.0,110.0,90.0,210.0,110.0,138.57,0.0,31.98,66.75,0.0,0.009999999999992895,0.0,0.0,0.0,0.0
2011-04-03,110,0.0,32.3,21.1,26.7,62.62,110.0,130.0,110.0,190.0,116.67,124.29,0.0,33.76,58.71,0.0,0.0,0.0,0.0,0.0,0.0
2011-04-04,150,0.0,32.2,20.92,26.56,60.5,110.0,110.0,130.0,130.0,116.67,112.86,0.0,32.3,62.62,0.0,0.0,0.0,0.0,0.0,0.0
2011-04-05,150,0.0,32.3,20.84,26.57,58.11,150.0,110.0,110.0,110.0,123.33,115.71,0.0,32.2,60.5,0.0,0.0,0.0,0.0,0.0,0.0
2011-04-06,110,0.0,33.23,21.41,27.32,58.43,150.0,150.0,110.0,90.0,136.67,121.43,0.0,32.3,58.11,0.0,0.0,0.0,0.0,0.0,0.0
2011-04-07,110,0.0,33.72,22.2,27.96,60.37,110.0,150.0,150.0,110.0,136.67,124.29,0.0,33.23,58.43,0.0,0.0,0.0,0.0,0.0,0.0
2011-04-08,150,0.0,33.34,22.54,27.94,63.33,110.0,110.0,150.0,130.0,123.33,124.29,0.0,33.72,60.37,0.0,0.0,0.0,0.0,0.0,0.0
2011-04-09,150,0.0,33.4,23.18,28.29,66.32,150.0,110.0,110.0,110.0,123.33,127.14,0.0,33.34,63.33,0.0,0.0,0.0,0.0,0.0,0.0
2011-04-10,130,12.08,31.9,23.52,27.71,71.72,150.0,150.0,110.0,110.0,136.67,132.86,0.0,33.4,66.32,0.0,0.0,0.0,0.0,0.0,0.0
2011-04-11,150,1.3,32.58,23.2,27.89,71.3,130.0,150.0,150.0,150.0,143.33,135.71,12.08,31.9,71.72,12.080000000000036,12.079999999999993,1.0,0.0,0.0,0.0
2011-04-12,170,0.0,33.2,23.36,28.28,67.5,150.0,130.0,150.0,150.0,143.33,135.71,1.3,32.58,71.3,13.380000000000036,13.379999999999994,2.0,0.0,0.0,0.0
2011-04-13,170,0.02,32.9,23.46,28.18,68.73,170.0,150.0,130.0,110.0,150.0,138.57,0.0,33.2,67.5,13.380000000000036,13.379999999999994,0.0,0.0,0.0,0.0
2011-04-14,250,6.53,30.67,23.48,27.08,74.23,170.0,170.0,150.0,110.0,163.33,147.14,0.02,32.9,68.73,1.3200000000000356,13.399999999999993,0.0,0.0,0.0,0.0
2011-04-15,210,16.36,28.22,23.48,25.85,81.87,250.0,170.0,170.0,150.0,196.67,167.14,6.53,30.67,74.23,6.550000000000036,19.929999999999993,1.0,0.0,0.0,0.0
2011-04-16,330,1.64,29.74,23.5,26.62,78.31,210.0,250.0,170.0,150.0,210.0,175.71,16.36,28.22,81.87,22.910000000000036,36.28999999999999,2.0,0.0,0.0,0.0
2011-04-17,210,0.06,29.03,24.03,26.53,79.49,330.0,210.0,250.0,130.0,263.33,201.43,1.64,29.74,78.31,24.530000000000037,37.92999999999999,3.0,0.0,0.0,0.0
2011-04-18,150,0.59,30.18,23.74,26.96,78.08,210.0,330.0,210.0,150.0,250.0,212.86,0.06,29.03,79.49,18.060000000000034,25.909999999999993,0.0,0.0,0.0,0.0
2011-04-19,130,9.05,27.92,23.48,25.7,82.5,150.0,210.0,330.0,170.0,230.0,212.86,0.59,30.18,78.08,2.2900000000000356,25.199999999999992,0.0,0.0,0.0,0.0
2011-04-20,170,16.24,28.76,23.46,26.11,79.36,130.0,150.0,210.0,170.0,163.33,207.14,9.05,27.92,82.5,9.700000000000037,34.24999999999999,1.0,0.0,0.0,0.0
2011-04-21,150,11.16,27.61,23.67,25.64,84.02,170.0,130.0,150.0,250.0,150.0,207.14,16.24,28.76,79.36,25.880000000000035,50.469999999999985,2.0,0.0,0.0,0.0
2011-04-22,270,2.31,30.1,23.56,26.83,78.56,150.0,170.0,130.0,210.0,150.0,192.86,11.16,27.61,84.02,36.45000000000003,55.09999999999999,3.0,0.0,0.0,0.0
2011-04-23,420,3.86,27.6,23.34,25.47,79.71,270.0,150.0,170.0,330.0,196.67,201.43,2.31,30.1,78.56,29.710000000000033,41.05,4.0,0.0,0.0,0.0
2011-04-24,270,0.32,28.38,23.33,25.85,82.43,420.0,270.0,150.0,210.0,280.0,214.29,3.86,27.6,79.71,17.330000000000034,43.269999999999996,5.0,0.0,0.0,0.0
2011-04-25,270,1.84,31.87,23.15,27.51,75.5,270.0,420.0,270.0,150.0,320.0,222.86,0.32,28.38,82.43,6.490000000000036,43.529999999999994,0.0,0.0,0.0,0.0
2011-04-26,270,1.14,31.5,23.68,27.59,76.27,270.0,270.0,420.0,130.0,320.0,240.0,1.84,31.87,75.5,6.020000000000035,44.77999999999999,1.0,0.0,0.0,0.0
2011-04-27,330,0.18,31.94,23.92,27.93,75.71,270.0,270.0,270.0,170.0,270.0,260.0,1.14,31.5,76.27,3.3000000000000353,36.86999999999999,2.0,0.0,0.0,0.0
2011-04-28,210,0.66,29.64,23.66,26.65,79.75,330.0,270.0,270.0,150.0,290.0,282.86,0.18,31.94,75.71,3.1600000000000357,20.80999999999999,0.0,0.0,0.0,0.0
2011-04-29,170,0.04,30.35,23.73,27.04,76.93,210.0,330.0,270.0,270.0,270.0,291.43,0.66,29.64,79.75,1.9800000000000355,10.309999999999993,0.0,0.0,0.0,0.0
2011-04-30,270,0.07,30.33,24.25,27.29,78.23,170.0,210.0,330.0,420.0,236.67,277.14,0.04,30.35,76.93,0.8800000000000356,8.039999999999992,0.0,0.0,0.0,0.0
2011-05-01,130,0.49,29.69,24.35,27.02,81.43,270.0,170.0,210.0,270.0,216.67,255.71,0.07,30.33,78.23,0.7700000000000357,4.249999999999993,0.0,0.0,0.0,0.0
2011-05-02,130,0.42,30.3,24.36,27.33,79.3,130.0,270.0,170.0,270.0,190.0,235.71,0.49,29.69,81.43,0.6000000000000355,4.419999999999993,0.0,0.0,0.0,0.0
2011-05-03,130,0.08,29.62,24.34,26.98,80.58,130.0,130.0,270.0,270.0,176.67,215.71,0.42,30.3,79.3,0.9800000000000355,2.999999999999993,0.0,0.0,0.0,0.0
2011-05-04,150,0.0,30.64,23.9,27.27,77.58,130.0,130.0,130.0,330.0,130.0,195.71,0.08,29.62,80.58,0.9900000000000355,1.9399999999999928,0.0,0.0,0.0,0.0
2011-05-05,270,0.0,32.64,23.51,28.08,72.19,150.0,130.0,130.0,210.0,136.67,170.0,0.0,30.64,77.58,0.5000000000000355,1.759999999999993,0.0,0.0,0.0,0.0
2011-05-06,170,0.0,31.84,23.36,27.6,70.54,270.0,150.0,130.0,170.0,183.33,178.57,0.0,32.64,72.19,0.08000000000003553,1.0999999999999928,0.0,0.0,0.0,0.0
2011-05-07,230,0.0,30.82,22.7,26.76,72.49,170.0,270.0,150.0,270.0,196.67,178.57,0.0,31.84,70.54,0.0,1.0599999999999927,0.0,0.0,0.0,0.0
2011-05-08,230,0.0,30.73,22.55,26.64,71.65,230.0,170.0,270.0,130.0,223.33,172.86,0.0,30.82,72.49,0.0,0.9899999999999929,0.0,0.0,0.0,0.0
2011-05-09,230,0.0,31.46,23.04,27.25,69.29,230.0,230.0,170.0,130.0,210.0,187.14,0.0,30.73,71.65,0.0,0.4999999999999929,0.0,0.0,0.0,0.0
2011-05-10,250,0.02,31.3,23.52,27.41,70.37,230.0,230.0,230.0,130.0,230.0,201.43,0.0,31.46,69.29,0.0,0.0799999999999929,0.0,0.0,0.0,0.0
2011-05-11,170,0.22,30.94,23.66,27.3,73.82,250.0,230.0,230.0,150.0,236.67,218.57,0.02,31.3,70.37,0.020000000000035528,0.019999999999992895,0.0,0.0,0.0,0.0
2011-05-12,170,0.03,30.98,23.72,27.35,72.28,170.0,250.0,230.0,270.0,216.67,221.43,0.22,30.94,73.82,0.24000000000003552,0.23999999999999289,0.0,0.0,0.0,0.0
2011-05-13,170,0.01,31.67,23.95,27.81,70.58,170.0,170.0,250.0,170.0,196.67,207.14,0.03,30.98,72.28,0.27000000000003554,0.2699999999999929,0.0,0.0,0.0,0.0
2011-05-14,170,0.76,31.15,23.69,27.42,70.2,170.0,170.0,170.0,230.0,170.0,207.14,0.01,31.67,70.58,0.2600000000000355,0.27999999999999287,0.0,0.0,0.0,0.0
2011-05-15,150,0.14,32.14,23.66,27.9,70.13,170.0,170.0,170.0,230.0,170.0,198.57,0.76,31.15,70.2,0.8000000000000356,1.039999999999993,0.0,0.0,0.0,0.0
2011-05-16,210,0.19,33.31,24.25,28.78,68.17,150.0,170.0,170.0,230.0,163.33,187.14,0.14,32.14,70.13,0.9100000000000356,1.179999999999993,0.0,0.0,0.0,0.0
2011-05-17,150,16.43,29.26,23.88,26.57,79.08,210.0,150.0,170.0,250.0,176.67,184.29,0.19,33.31,68.17,1.0900000000000356,1.369999999999993,0.0,0.0,0.0,0.0
2011-05-18,150,2.0,32.6,23.16,27.88,69.68,150.0,210.0,150.0,170.0,170.0,170.0,16.43,29.26,79.08,16.760000000000034,17.779999999999994,1.0,0.0,0.0,0.0
2011-05-19,130,1.58,30.5,23.52,27.01,75.15,150.0,150.0,210.0,170.0,170.0,167.14,2.0,32.6,69.68,18.620000000000033,19.559999999999995,2.0,0.0,0.0,0.0
2011-05-20,190,0.04,30.39,23.17,26.78,74.5,130.0,150.0,150.0,170.0,143.33,161.43,1.58,30.5,75.15,20.010000000000034,21.109999999999992,3.0,0.0,0.0,0.0
2011-05-21,170,0.15,30.46,23.66,27.06,75.77,190.0,130.0,150.0,170.0,156.67,164.29,0.04,30.39,74.5,3.6200000000000356,21.139999999999993,0.0,0.0,0.0,0.0
2011-05-22,290,0.07,30.72,24.06,27.39,75.02,170.0,190.0,130.0,150.0,163.33,164.29,0.15,30.46,75.77,1.7700000000000355,20.529999999999994,0.0,0.0,0.0,0.0
2011-05-23,310,0.0,30.12,24.49,27.31,75.39,290.0,170.0,190.0,210.0,216.67,184.29,0.07,30.72,75.02,0.26000000000003554,20.459999999999994,0.0,0.0,0.0,0.0
2011-05-24,250,0.13,29.92,24.74,27.33,80.06,310.0,290.0,170.0,150.0,256.67,198.57,0.0,30.12,75.39,0.22000000000003553,20.269999999999992,0.0,0.0,0.0,0.0
2011-05-25,250,1.89,30.7,24.18,27.44,74.21,250.0,310.0,290.0,150.0,283.33,212.86,0.13,29.92,80.06,0.20000000000003554,3.969999999999993,0.0,0.0,0.0,0.0
2011-05-26,270,3.1,30.12,24.28,27.2,79.57,250.0,250.0,310.0,130.0,270.0,227.14,1.89,30.7,74.21,2.0200000000000355,3.8599999999999928,1.0,0.0,0.0,0.0
2011-05-27,330,13.12,28.35,23.89,26.12,83.34,270.0,250.0,250.0,190.0,256.67,247.14,3.1,30.12,79.57,5.120000000000035,5.379999999999993,2.0,0.0,0.0,0.0
2011-05-28,310,4.08,29.58,23.84,26.71,78.18,330.0,270.0,250.0,170.0,283.33,267.14,13.12,28.35,83.34,18.110000000000035,18.459999999999994,3.0,0.0,0.0,0.0
2011-05-29,310,5.95,30.13,24.31,27.22,79.94,310.0,330.0,270.0,290.0,303.33,287.14,4.08,29.58,78.18,20.300000000000033,22.389999999999993,4.0,0.0,0.0,0.0
2011-05-30,130,11.15,27.67,23.3,25.49,82.9,310.0,310.0,330.0,310.0,316.67,290.0,5.95,30.13,79.94,23.15000000000003,28.269999999999992,5.0,0.0,0.0,0.0
2011-05-31,110,27.04,27.63,23.91,25.77,85.46,130.0,310.0,310.0,250.0,250.0,264.29,11.15,27.67,82.9,21.180000000000035,39.419999999999995,6.0,0.0,0.0,0.0
2011-06-01,90,8.9,27.9,23.02,25.46,87.59,110.0,130.0,310.0,250.0,183.33,244.29,27.04,27.63,85.46,44.140000000000036,66.32999999999998,7.0,0.0,0.0,0.0
2011-06-02,90,68.7,26.6,23.04,24.82,87.48,90.0,110.0,130.0,270.0,110.0,221.43,8.9,27.9,87.59,47.09000000000003,73.33999999999999,8.0,0.0,0.0,0.0
2011-06-03,110,26.22,27.38,23.33,25.35,85.28,90.0,90.0,110.0,330.0,96.67,195.71,68.7,26.6,87.48,104.64000000000004,138.94,9.0,1.0,0.0,0.0
2011-06-04,130,28.59,27.96,23.92,25.94,83.17,110.0,90.0,90.0,310.0,96.67,164.29,26.22,27.38,85.28,103.82000000000004,152.04,10.0,0.0,0.0,0.0
2011-06-05,150,43.53,28.56,24.34,26.45,84.72,130.0,110.0,90.0,310.0,110.0,138.57,28.59,27.96,83.17,123.51000000000003,176.54999999999998,11.0,0.0,0.0,0.0
2011-06-06,110,66.23,27.22,23.96,25.59,90.72,150.0,130.0,110.0,130.0,130.0,115.71,43.53,28.56,84.72,98.34000000000003,214.13,12.0,1.0,0.0,0.0
2011-06-07,90,33.83,26.94,23.52,25.23,84.92,110.0,150.0,130.0,110.0,130.0,112.86,66.23,27.22,90.72,138.35000000000002,269.21,13.0,1.0,0.0,0.0
2011-06-08,110,8.55,27.18,24.1,25.64,87.04,90.0,110.0,150.0,90.0,116.67,110.0,33.83,26.94,84.92,143.59000000000003,276.0,14.0,0.0,0.0,0.0
2011-06-09,110,30.18,27.85,24.55,26.2,87.22,110.0,90.0,110.0,90.0,103.33,112.86,8.55,27.18,87.04,108.61000000000003,275.65000000000003,15.0,0.0,0.0,0.0
2011-06-10,90,0.0,28.01,24.74,26.37,85.88,110.0,110.0,90.0,110.0,103.33,115.71,30.18,27.85,87.22,72.56000000000003,237.12999999999997,16.0,0.0,0.0,0.0
2011-06-11,90,0.0,28.14,24.48,26.31,85.25,90.0,110.0,110.0,130.0,103.33,112.86,0.0,28.01,85.88,38.73000000000003,210.90999999999997,0.0,0.0,0.0,0.0
2011-06-12,90,0.0,27.59,24.65,26.12,87.34,90.0,90.0,110.0,150.0,96.67,107.14,0.0,28.14,85.25,30.180000000000028,182.32,0.0,0.0,0.0,0.0
2011-06-13,90,30.18,27.63,24.83,26.23,87.84,90.0,90.0,90.0,110.0,90.0,98.57,0.0,27.59,87.34,0.0,138.78999999999996,0.0,0.0,0.0,0.0
2011-06-14,90,27.27,26.14,22.02,24.08,86.16,90.0,90.0,90.0,90.0,90.0,95.71,30.18,27.63,87.84,30.180000000000028,102.73999999999998,1.0,0.0,0.0,0.0
2011-06-15,130,45.33,25.38,22.42,23.9,90.06,90.0,90.0,90.0,110.0,90.0,95.71,27.27,26.14,86.16,57.45000000000003,96.17999999999998,2.0,0.0,0.0,0.0
2011-06-16,110,27.27,26.8,22.7,24.75,83.87,130.0,90.0,90.0,110.0,103.33,98.57,45.33,25.38,90.06,102.78000000000003,132.95999999999998,3.0,1.0,0.0,0.0
2011-06-17,110,15.92,26.9,23.14,25.02,84.37,110.0,130.0,90.0,90.0,110.0,98.57,27.27,26.8,83.87,99.87000000000002,130.04999999999998,4.0,0.0,0.0,0.0
2011-06-18,110,14.32,26.94,23.52,25.23,90.59,110.0,110.0,130.0,90.0,116.67,101.43,15.92,26.9,84.37,88.52000000000002,145.96999999999997,5.0,0.0,0.0,0.0
2011-06-19,150,2.74,27.44,23.26,25.35,86.61,110.0,110.0,110.0,90.0,110.0,104.29,14.32,26.94,90.59,57.510000000000026,160.29,6.0,0.0,0.0,0.0
2011-06-20,110,0.84,27.64,23.14,25.39,84.61,150.0,110.0,110.0,90.0,123.33,112.86,2.74,27.44,86.61,32.98000000000003,163.02999999999997,7.0,0.0,0.0,0.0
2011-06-21,90,10.18,27.48,23.2,25.34,84.73,110.0,150.0,110.0,90.0,123.33,115.71,0.84,27.64,84.61,17.900000000000027,133.68999999999997,0.0,0.0,0.0,0.0
2011-06-22,90,32.41,27.52,23.78,25.65,86.62,90.0,110.0,150.0,130.0,116.67,115.71,10.18,27.48,84.73,13.760000000000028,116.6,1.0,0.0,0.0,0.0
2011-06-23,90,24.25,27.65,23.74,25.69,86.79,90.0,90.0,110.0,110.0,96.67,110.0,32.41,27.52,86.62,43.43000000000002,103.67999999999998,2.0,0.0,0.0,0.0
2011-06-24,150,7.62,27.62,24.1,25.86,87.45,90.0,90.0,90.0,110.0,90.0,107.14,24.25,27.65,86.79,66.84000000000002,100.65999999999998,3.0,0.0,0.0,0.0
2011-06-25,130,36.63,27.28,24.3,25.79,88.76,150.0,90.0,90.0,110.0,110.0,112.86,7.62,27.62,87.45,64.28000000000003,92.35999999999999,4.0,0.0,0.0,0.0
2011-06-26,170,30.64,26.5,24.22,25.36,91.07,130.0,150.0,90.0,150.0,123.33,115.71,36.63,27.28,88.76,68.50000000000003,114.66999999999999,5.0,0.0,0.0,0.0
2011-06-27,90,36.92,26.24,23.14,24.69,89.96,170.0,130.0,150.0,110.0,150.0,118.57,30.64,26.5,91.07,74.89000000000003,142.57,6.0,0.0,0.0,0.0
2011-06-28,110,5.16,26.62,23.24,24.93,87.32,90.0,170.0,130.0,90.0,130.0,115.71,36.92,26.24,89.96,104.19000000000003,178.64999999999998,7.0,0.0,0.0,0.0
2011-06-29,130,36.86,27.48,23.6,25.54,87.68,110.0,90.0,170.0,90.0,123.33,118.57,5.16,26.62,87.32,72.72000000000003,173.63,8.0,0.0,0.0,0.0
2011-06-30,130,29.76,27.32,23.72,25.52,88.95,130.0,110.0,90.0,90.0,110.0,124.29,36.86,27.48,87.68,78.94000000000003,178.07999999999998,9.0,0.0,0.0,0.0
2011-07-01,90,47.55,26.3,23.0,24.65,90.47,130.0,130.0,110.0,150.0,123.33,130.0,29.76,27.32,88.95,71.78000000000003,183.58999999999997,10.0,0.0,0.0,0.0
2011-07-02,90,37.72,25.88,22.62,24.25,88.06,90.0,130.0,130.0,130.0,116.67,121.43,47.55,26.3,90.47,114.17000000000003,223.51999999999998,11.0,1.0,0.0,0.0
2011-07-03,170,34.02,25.76,22.82,24.29,88.91,90.0,90.0,130.0,170.0,103.33,115.71,37.72,25.88,88.06,115.03000000000003,224.61,12.0,0.0,0.0,0.0
2011-07-04,230,19.18,25.95,22.45,24.2,89.82,170.0,90.0,90.0,90.0,116.67,115.71,34.02,25.76,88.91,119.29000000000002,227.98999999999998,13.0,0.0,0.0,0.0
2011-07-05,230,29.16,26.12,22.0,24.06,85.1,230.0,170.0,90.0,110.0,163.33,135.71,19.18,25.95,89.82,90.92000000000003,210.25,14.0,0.0,0.0,0.0
2011-07-06,230,49.19,24.77,21.47,23.12,86.85,230.0,230.0,170.0,130.0,210.0,152.86,29.16,26.12,85.1,82.36000000000003,234.24999999999997,15.0,0.0,0.0,0.0
2011-07-07,420,23.78,25.52,21.5,23.51,89.64,230.0,230.0,230.0,130.0,230.0,167.14,49.19,24.77,86.85,97.53000000000003,246.57999999999998,16.0,1.0,0.0,0.0
2011-07-08,420,24.67,26.87,22.77,24.82,91.05,420.0,230.0,230.0,90.0,293.33,208.57,23.78,25.52,89.64,102.13000000000002,240.6,17.0,0.0,0.0,0.0
2011-07-09,420,13.63,25.01,21.61,23.31,88.39,420.0,420.0,230.0,90.0,356.67,255.71,24.67,26.87,91.05,97.64000000000001,217.71999999999997,18.0,0.0,0.0,0.0
2011-07-10,420,35.51,26.78,22.52,24.65,90.65,420.0,420.0,420.0,170.0,420.0,302.86,13.63,25.01,88.39,62.08000000000003,193.63,19.0,0.0,0.0,0.0
2011-07-11,310,22.61,26.71,23.59,25.15,91.12,420.0,420.0,420.0,230.0,420.0,338.57,35.51,26.78,90.65,73.81000000000003,195.11999999999998,20.0,0.0,0.0,0.0
2011-07-12,310,25.11,25.46,23.69,24.58,92.84,310.0,420.0,420.0,230.0,383.33,350.0,22.61,26.71,91.12,71.75000000000003,198.55,21.0,0.0,0.0,0.0
2011-07-13,420,58.8,24.63,22.33,23.48,90.39,310.0,310.0,420.0,230.0,346.67,361.43,25.11,25.46,92.84,83.23000000000002,194.49999999999997,22.0,0.0,0.0,1.0
2011-07-14,420,53.99,24.64,22.86,23.75,90.59,420.0,310.0,310.0,420.0,346.67,388.57,58.8,24.63,90.39,106.52000000000001,204.11,23.0,1.0,0.0,0.0
2011-07-15,420,78.72,25.22,23.18,24.2,92.63,420.0,420.0,310.0,420.0,383.33,388.57,53.99,24.64,90.59,137.90000000000003,234.31999999999996,24.0,1.0,0.0,0.0
2011-07-16,420,76.94,25.15,23.53,24.34,93.9,420.0,420.0,420.0,420.0,420.0,388.57,78.72,25.22,92.63,191.51000000000002,288.37,25.0,1.0,0.0,1.0
2011-07-17,420,78.05,25.18,23.48,24.33,94.25,420.0,420.0,420.0,420.0,420.0,388.57,76.94,25.15,93.9,209.65000000000003,351.67999999999995,26.0,1.0,0.0,1.0
2011-07-18,310,39.7,25.54,23.52,24.53,92.55,420.0,420.0,420.0,310.0,420.0,388.57,78.05,25.18,94.25,233.71000000000004,394.21999999999997,27.0,1.0,0.0,1.0
2011-07-19,420,25.3,25.54,23.54,24.54,92.02,310.0,420.0,420.0,310.0,383.33,388.57,39.7,25.54,92.55,194.69000000000003,411.30999999999995,28.0,0.0,0.0,1.0
2011-07-20,170,24.98,25.26,23.12,24.19,92.28,420.0,310.0,420.0,420.0,383.33,404.29,25.3,25.54,92.02,143.05000000000004,411.49999999999994,29.0,0.0,0.0,0.0
2011-07-21,130,29.88,25.12,22.76,23.94,91.49,170.0,420.0,310.0,420.0,300.0,368.57,24.98,25.26,92.28,89.98000000000003,377.67999999999995,30.0,0.0,0.0,0.0
2011-07-22,150,13.43,25.58,22.8,24.19,91.64,130.0,170.0,420.0,420.0,240.0,327.14,29.88,25.12,91.49,80.16000000000003,353.57,31.0,0.0,0.0,0.0
2011-07-23,130,17.0,25.61,23.51,24.56,92.19,150.0,130.0,170.0,420.0,150.0,288.57,13.43,25.58,91.64,68.29000000000003,288.28,32.0,0.0,0.0,0.0
2011-07-24,130,28.54,26.44,23.44,24.94,91.89,130.0,150.0,130.0,420.0,136.67,247.14,17.0,25.61,92.19,60.31000000000003,228.33999999999997,33.0,0.0,0.0,0.0
2011-07-25,150,57.81,25.82,23.58,24.7,92.82,130.0,130.0,150.0,310.0,136.67,205.71,28.54,26.44,91.89,58.97000000000003,178.82999999999996,34.0,0.0,0.0,0.0
2011-07-26,150,28.27,25.61,22.27,23.94,94.28,150.0,130.0,130.0,420.0,136.67,182.86,57.81,25.82,92.82,103.35000000000002,196.93999999999997,35.0,1.0,0.0,1.0
2011-07-27,170,5.16,25.7,22.56,24.13,92.88,150.0,150.0,130.0,170.0,143.33,144.29,28.27,25.61,94.28,114.62000000000003,199.90999999999997,36.0,0.0,0.0,1.0
2011-07-28,370,20.04,25.03,21.99,23.51,92.63,170.0,150.0,150.0,130.0,156.67,144.29,5.16,25.7,92.88,91.24000000000004,180.08999999999997,37.0,0.0,0.0,1.0
2011-07-29,370,22.09,24.88,22.28,23.58,91.09,370.0,170.0,150.0,150.0,230.0,178.57,20.04,25.03,92.63,53.47000000000003,170.24999999999997,38.0,0.0,0.0,1.0
2011-07-30,170,26.35,25.44,22.6,24.02,92.39,370.0,370.0,170.0,130.0,303.33,210.0,22.09,24.88,91.09,47.29000000000003,178.90999999999997,39.0,0.0,0.0,0.0
2011-07-31,170,13.18,25.34,22.38,23.86,92.11,170.0,370.0,370.0,130.0,303.33,215.71,26.35,25.44,92.39,68.48000000000002,188.25999999999996,40.0,0.0,0.0,0.0
2011-08-01,250,35.24,26.21,22.41,24.31,91.89,170.0,170.0,370.0,150.0,236.67,221.43,13.18,25.34,92.11,61.62000000000003,172.89999999999998,41.0,0.0,0.0,0.0
2011-08-02,210,83.43,25.77,22.97,24.37,92.62,250.0,170.0,170.0,150.0,196.67,235.71,35.24,26.21,91.89,74.77000000000004,150.32999999999998,42.0,0.0,0.0,0.0
2011-08-03,260,60.67,25.09,22.77,23.93,93.56,210.0,250.0,170.0,170.0,210.0,244.29,83.43,25.77,92.62,131.85000000000005,205.48999999999998,43.0,1.0,0.0,1.0
2011-08-04,250,28.67,25.62,22.7,24.16,92.9,260.0,210.0,250.0,370.0,240.0,257.14,60.67,25.09,93.56,179.34000000000003,261.0,44.0,1.0,0.0,1.0
2011-08-05,170,33.55,25.46,22.6,24.03,92.57,250.0,260.0,210.0,370.0,240.0,240.0,28.67,25.62,92.9,172.77000000000004,269.63,45.0,0.0,0.0,1.0
2011-08-06,170,54.62,25.36,22.86,24.11,93.51,170.0,250.0,260.0,170.0,226.67,211.43,33.55,25.46,92.57,122.89000000000004,281.09,46.0,0.0,0.0,1.0
2011-08-07,110,28.05,25.88,22.72,24.3,93.02,170.0,170.0,250.0,170.0,196.67,211.43,54.62,25.36,93.51,116.84000000000003,309.35999999999996,47.0,1.0,0.0,1.0
2011-08-08,110,7.12,25.6,22.48,24.04,92.48,110.0,170.0,170.0,250.0,150.0,202.86,28.05,25.88,93.02,116.22000000000004,324.22999999999996,48.0,0.0,0.0,1.0
2011-08-09,160,8.56,25.76,22.4,24.08,91.26,110.0,110.0,170.0,210.0,130.0,182.86,7.12,25.6,92.48,89.79000000000003,296.11,49.0,0.0,0.0,1.0
2011-08-10,250,15.75,26.22,22.68,24.45,91.67,160.0,110.0,110.0,260.0,126.67,175.71,8.56,25.76,91.26,43.73000000000005,221.23999999999998,50.0,0.0,0.0,0.0
2011-08-11,160,37.05,25.96,23.26,24.61,91.7,250.0,160.0,110.0,250.0,173.33,174.29,15.75,26.22,91.67,31.430000000000042,176.32,51.0,0.0,0.0,0.0
2011-08-12,170,22.86,25.77,23.43,24.6,91.99,160.0,250.0,160.0,170.0,190.0,161.43,37.05,25.96,91.7,61.36000000000004,184.69999999999996,52.0,0.0,0.0,0.0
2011-08-13,250,5.61,26.04,22.92,24.48,90.01,170.0,160.0,250.0,170.0,193.33,161.43,22.86,25.77,91.99,75.66000000000004,174.01,53.0,0.0,0.0,0.0
2011-08-14,370,9.03,26.33,22.77,24.55,90.04,250.0,170.0,160.0,110.0,193.33,172.86,5.61,26.04,90.01,65.52000000000004,124.99999999999997,54.0,0.0,0.0,0.0
2011-08-15,420,27.26,25.93,22.91,24.42,91.96,370.0,250.0,170.0,110.0,263.33,210.0,9.03,26.33,90.04,37.50000000000004,105.97999999999996,55.0,0.0,0.0,0.0
2011-08-16,420,52.29,24.85,22.44,23.65,92.7,420.0,370.0,250.0,160.0,346.67,254.29,27.26,25.93,91.96,41.90000000000005,126.11999999999998,56.0,0.0,0.0,0.0
2011-08-17,420,25.07,26.12,22.22,24.17,90.0,420.0,420.0,370.0,250.0,403.33,291.43,52.29,24.85,92.7,88.58000000000004,169.84999999999997,57.0,1.0,0.0,1.0
2011-08-18,420,63.1,24.88,22.66,23.77,92.49,420.0,420.0,420.0,160.0,420.0,315.71,25.07,26.12,90.0,104.62000000000003,179.16999999999996,58.0,0.0,0.0,0.0
2011-08-19,420,51.2,25.01,22.99,24.0,92.98,420.0,420.0,420.0,170.0,420.0,352.86,63.1,24.88,92.49,140.46000000000004,205.21999999999997,59.0,1.0,0.0,1.0
2011-08-20,420,51.92,24.78,22.44,23.61,94.48,420.0,420.0,420.0,250.0,420.0,388.57,51.2,25.01,92.98,139.37000000000006,233.55999999999997,60.0,1.0,0.0,1.0
2011-08-21,420,20.4,24.97,21.17,23.07,88.68,420.0,420.0,420.0,370.0,420.0,412.86,51.92,24.78,94.48,166.22000000000006,279.86999999999995,61.0,1.0,0.0,1.0
2011-08-22,420,23.55,25.6,21.3,23.45,86.0,420.0,420.0,420.0,420.0,420.0,420.0,20.4,24.97,88.68,123.52000000000004,291.24,62.0,0.0,0.0,0.0
2011-08-23,420,13.56,25.51,21.25,23.38,89.14,420.0,420.0,420.0,420.0,420.0,420.0,23.55,25.6,86.0,95.87000000000005,287.53,63.0,0.0,0.0,0.0
2011-08-24,420,11.16,25.4,21.74,23.57,92.34,420.0,420.0,420.0,420.0,420.0,420.0,13.56,25.51,89.14,57.51000000000004,248.79999999999998,64.0,0.0,0.0,0.0
2011-08-25,250,5.65,25.78,22.14,23.96,92.46,420.0,420.0,420.0,420.0,420.0,420.0,11.16,25.4,92.34,48.270000000000046,234.89,65.0,0.0,0.0,0.0
2011-08-26,250,6.82,24.94,22.52,23.73,91.61,250.0,420.0,420.0,420.0,363.33,395.71,5.65,25.78,92.46,30.370000000000044,177.43999999999997,66.0,0.0,0.0,1.0
2011-08-27,310,8.33,25.4,23.14,24.27,91.81,250.0,250.0,420.0,420.0,306.67,371.43,6.82,24.94,91.61,23.630000000000045,133.05999999999997,67.0,0.0,0.0,0.0
2011-08-28,290,11.05,26.08,23.32,24.7,90.33,310.0,250.0,250.0,420.0,270.0,355.71,8.33,25.4,91.81,20.800000000000043,89.46999999999997,68.0,0.0,0.0,0.0
2011-08-29,250,25.6,25.76,23.28,24.52,91.21,290.0,310.0,250.0,420.0,283.33,337.14,11.05,26.08,90.33,26.200000000000045,80.11999999999996,69.0,0.0,0.0,0.0
2011-08-30,390,36.61,25.31,22.69,24.0,91.29,250.0,290.0,310.0,420.0,283.33,312.86,25.6,25.76,91.21,44.98000000000005,82.16999999999997,70.0,0.0,0.0,0.0
2011-08-31,420,67.82,25.67,23.19,24.43,93.37,390.0,250.0,290.0,420.0,310.0,308.57,36.61,25.31,91.29,73.26000000000005,105.21999999999997,71.0,0.0,0.0,0.0
2011-09-01,420,43.63,25.22,23.54,24.38,94.81,420.0,390.0,250.0,250.0,353.33,308.57,67.82,25.67,93.37,130.03000000000003,161.87999999999997,72.0,1.0,0.0,1.0
2011-09-02,420,57.64,25.49,23.43,24.46,93.51,420.0,420.0,390.0,250.0,410.0,332.86,43.63,25.22,94.81,148.06000000000003,199.85999999999996,73.0,1.0,0.0,1.0
2011-09-03,420,26.58,25.24,22.98,24.11,93.31,420.0,420.0,420.0,310.0,420.0,357.14,57.64,25.49,93.51,169.09000000000003,250.67999999999998,74.0,1.0,0.0,1.0
2011-09-04,420,6.64,25.96,22.48,24.22,92.33,420.0,420.0,420.0,290.0,420.0,372.86,26.58,25.24,93.31,127.85000000000002,268.92999999999995,75.0,0.0,0.0,1.0
2011-09-05,420,4.67,26.25,22.57,24.41,91.49,420.0,420.0,420.0,250.0,420.0,391.43,6.64,25.96,92.33,90.86000000000003,264.5199999999999,76.0,0.0,0.0,0.0
2011-09-06,420,12.5,26.41,22.97,24.69,90.82,420.0,420.0,420.0,390.0,420.0,415.71,4.67,26.25,91.49,37.89000000000003,243.58999999999997,77.0,0.0,0.0,0.0
2011-09-07,210,12.86,25.99,23.21,24.6,91.68,420.0,420.0,420.0,420.0,420.0,420.0,12.5,26.41,90.82,23.810000000000027,219.47999999999996,78.0,0.0,0.0,0.0
2011-09-08,150,20.02,26.0,23.12,24.56,92.02,210.0,420.0,420.0,420.0,350.0,390.0,12.86,25.99,91.68,30.030000000000026,164.51999999999998,79.0,0.0,0.0,0.0
2011-09-09,210,13.65,26.06,23.12,24.59,91.95,150.0,210.0,420.0,420.0,260.0,351.43,20.02,26.0,92.02,45.380000000000024,140.90999999999997,80.0,0.0,0.0,0.0
2011-09-10,250,7.71,26.4,22.9,24.65,91.24,210.0,150.0,210.0,420.0,190.0,321.43,13.65,26.06,91.95,46.53000000000003,96.91999999999996,81.0,0.0,0.0,0.0
2011-09-11,230,17.57,26.86,23.1,24.98,89.48,250.0,210.0,150.0,420.0,203.33,297.14,7.71,26.4,91.24,41.38000000000003,78.04999999999998,82.0,0.0,0.0,0.0
2011-09-12,420,9.76,26.88,23.04,24.96,90.35,230.0,250.0,210.0,420.0,230.0,270.0,17.57,26.86,89.48,38.93000000000003,88.97999999999998,83.0,0.0,0.0,0.0
2011-09-13,420,28.63,25.77,22.63,24.2,90.34,420.0,230.0,250.0,420.0,300.0,270.0,9.76,26.88,90.35,35.04000000000003,94.06999999999998,84.0,0.0,0.0,0.0
2011-09-14,150,48.99,25.94,22.26,24.1,89.77,420.0,420.0,230.0,210.0,356.67,270.0,28.63,25.77,90.34,55.96000000000003,110.19999999999997,85.0,0.0,0.0,0.0
2011-09-15,110,51.12,26.16,22.82,24.49,91.9,150.0,420.0,420.0,150.0,330.0,261.43,48.99,25.94,89.77,87.38000000000002,146.32999999999998,86.0,1.0,0.0,0.0
2011-09-16,90,7.25,26.62,22.8,24.71,89.87,110.0,150.0,420.0,210.0,226.67,255.71,51.12,26.16,91.9,128.74,177.42999999999995,87.0,1.0,0.0,0.0
2011-09-17,110,4.6,26.42,22.78,24.6,88.78,90.0,110.0,150.0,250.0,116.67,238.57,7.25,26.62,89.87,107.36000000000003,171.02999999999997,88.0,0.0,0.0,0.0
2011-09-18,110,51.32,26.23,22.79,24.51,91.04,110.0,90.0,110.0,230.0,103.33,218.57,4.6,26.42,88.78,62.97000000000003,167.92,89.0,0.0,0.0,0.0
2011-09-19,110,7.16,26.08,22.5,24.29,90.03,110.0,110.0,90.0,420.0,103.33,201.43,51.32,26.23,91.04,63.17000000000003,201.66999999999996,90.0,1.0,0.0,0.0
2011-09-20,170,1.95,25.84,22.56,24.2,90.17,110.0,110.0,110.0,420.0,110.0,157.14,7.16,26.08,90.03,63.08000000000003,199.06999999999996,91.0,0.0,0.0,0.0
2011-09-21,150,8.35,25.81,21.73,23.77,88.86,170.0,110.0,110.0,150.0,130.0,121.43,1.95,25.84,90.17,60.43000000000003,172.39,92.0,0.0,0.0,0.0
2011-09-22,170,0.56,26.34,21.3,23.82,86.26,150.0,170.0,110.0,110.0,143.33,121.43,8.35,25.81,88.86,17.46000000000003,131.74999999999997,93.0,0.0,0.0,0.0
2011-09-23,110,0.33,26.56,21.0,23.78,85.52,170.0,150.0,170.0,90.0,163.33,130.0,0.56,26.34,86.26,10.860000000000028,81.18999999999997,0.0,0.0,0.0,0.0
2011-09-24,160,0.08,26.78,20.94,23.86,83.26,110.0,170.0,150.0,110.0,143.33,132.86,0.33,26.56,85.52,9.240000000000029,74.26999999999997,0.0,0.0,0.0,0.0
2011-09-25,110,0.0,27.32,21.12,24.22,82.52,160.0,110.0,170.0,110.0,146.67,140.0,0.08,26.78,83.26,0.9700000000000285,69.74999999999997,0.0,0.0,0.0,0.0
2011-09-26,170,0.01,27.61,21.03,24.32,82.78,110.0,160.0,110.0,110.0,126.67,140.0,0.0,27.32,82.52,0.41000000000002845,18.42999999999997,0.0,0.0,0.0,0.0
2011-09-27,110,0.0,27.57,21.15,24.36,84.24,170.0,110.0,160.0,170.0,146.67,148.57,0.01,27.61,82.78,0.09000000000002842,11.279999999999971,0.0,0.0,0.0,0.0
2011-09-28,90,0.34,27.54,21.42,24.48,83.25,110.0,170.0,110.0,150.0,130.0,140.0,0.0,27.57,84.24,0.010000000000028422,9.329999999999972,0.0,0.0,0.0,0.0
2011-09-29,250,0.11,27.85,22.01,24.93,85.35,90.0,110.0,170.0,170.0,123.33,131.43,0.34,27.54,83.25,0.35000000000002846,1.3199999999999716,0.0,0.0,0.0,0.0
2011-09-30,230,1.33,28.04,22.34,25.19,84.41,250.0,90.0,110.0,110.0,150.0,142.86,0.11,27.85,85.35,0.45000000000002843,0.8699999999999717,0.0,0.0,0.0,0.0
2011-10-01,420,1.95,27.83,22.6,25.21,84.75,230.0,250.0,90.0,160.0,190.0,160.0,1.33,28.04,84.41,1.7800000000000284,1.8699999999999717,1.0,0.0,0.0,0.0
2011-10-02,520,0.47,27.82,22.56,25.19,86.54,420.0,230.0,250.0,110.0,300.0,197.14,1.95,27.83,84.75,3.390000000000028,3.739999999999972,2.0,0.0,0.0,0.0
2011-10-03,520,0.02,28.4,21.3,24.85,84.38,520.0,420.0,230.0,170.0,390.0,255.71,0.47,27.82,86.54,3.7500000000000284,4.2099999999999715,0.0,0.0,0.0,0.0
2011-10-04,820,0.0,27.37,20.37,23.87,82.1,520.0,520.0,420.0,110.0,486.67,305.71,0.02,28.4,84.38,2.4400000000000284,4.219999999999972,0.0,0.0,0.0,0.0
2011-10-05,820,0.0,27.89,20.07,23.98,80.48,820.0,520.0,520.0,90.0,620.0,407.14,0.0,27.37,82.1,0.4900000000000284,4.219999999999972,0.0,0.0,0.0,0.0
2011-10-06,820,0.04,27.36,21.22,24.29,82.37,820.0,820.0,520.0,250.0,720.0,511.43,0.0,27.89,80.48,0.020000000000028422,3.8799999999999715,0.0,0.0,0.0,0.0
2011-10-07,720,0.0,28.26,21.9,25.08,83.68,820.0,820.0,820.0,230.0,820.0,592.86,0.04,27.36,82.37,0.04000000000002842,3.8099999999999716,0.0,0.0,0.0,0.0
2011-10-08,620,2.2,27.58,22.28,24.93,85.48,720.0,820.0,820.0,420.0,786.67,662.86,0.0,28.26,83.68,0.04000000000002842,2.479999999999971,0.0,0.0,0.0,0.0
2011-10-09,420,2.46,26.59,22.81,24.7,88.35,620.0,720.0,820.0,520.0,720.0,691.43,2.2,27.58,85.48,2.2400000000000286,2.7299999999999716,1.0,0.0,0.0,0.0
2011-10-10,720,5.21,26.48,22.68,24.58,90.23,420.0,620.0,720.0,520.0,586.67,677.14,2.46,26.59,88.35,4.660000000000029,4.719999999999971,2.0,0.0,0.0,0.0
2011-10-11,520,36.21,26.8,22.74,24.77,87.16,720.0,420.0,620.0,820.0,586.67,705.71,5.21,26.48,90.23,9.87000000000003,9.909999999999972,3.0,0.0,0.0,0.0
2011-10-12,150,12.15,27.76,22.48,25.12,84.2,520.0,720.0,420.0,820.0,553.33,662.86,36.21,26.8,87.16,43.88000000000003,46.119999999999976,4.0,0.0,0.0,0.0
2011-10-13,150,5.45,27.56,22.78,25.17,85.93,150.0,520.0,720.0,820.0,463.33,567.14,12.15,27.76,84.2,53.57000000000003,58.26999999999997,5.0,0.0,0.0,0.0
2011-10-14,170,8.38,29.02,22.92,25.97,85.59,150.0,150.0,520.0,720.0,273.33,471.43,5.45,27.56,85.93,53.81000000000003,63.67999999999997,6.0,0.0,0.0,0.0
2011-10-15,210,1.84,27.83,22.88,25.35,87.97,170.0,150.0,150.0,620.0,156.67,392.86,8.38,29.02,85.59,25.98000000000003,72.05999999999997,7.0,0.0,0.0,0.0
2011-10-16,170,1.39,27.54,22.74,25.14,86.82,210.0,170.0,150.0,420.0,176.67,334.29,1.84,27.83,87.97,15.670000000000028,71.69999999999997,8.0,0.0,0.0,0.0
2011-10-17,210,2.03,27.94,22.34,25.14,86.69,170.0,210.0,170.0,720.0,183.33,298.57,1.39,27.54,86.82,11.610000000000028,70.62999999999997,9.0,0.0,0.0,0.0
2011-10-18,250,0.33,27.78,22.1,24.94,81.89,210.0,170.0,210.0,520.0,196.67,225.71,2.03,27.94,86.69,5.260000000000028,67.44999999999996,10.0,0.0,0.0,0.0
2011-10-19,310,1.93,28.04,22.46,25.25,82.97,250.0,210.0,170.0,150.0,210.0,187.14,0.33,27.78,81.89,3.7500000000000284,31.569999999999972,0.0,0.0,0.0,0.0
2011-10-20,170,0.45,27.83,22.97,25.4,86.22,310.0,250.0,210.0,150.0,256.67,210.0,1.93,28.04,82.97,4.2900000000000285,21.349999999999973,1.0,0.0,0.0,0.0
2011-10-21,210,0.13,28.4,23.18,25.79,83.72,170.0,310.0,250.0,170.0,243.33,212.86,0.45,27.83,86.22,2.7100000000000284,16.34999999999997,0.0,0.0,0.0,0.0
2011-10-22,210,0.06,27.82,23.12,25.47,83.06,210.0,170.0,310.0,210.0,230.0,218.57,0.13,28.4,83.72,2.510000000000028,8.099999999999971,0.0,0.0,0.0,0.0
2011-10-23,350,26.17,28.12,22.44,25.28,82.76,210.0,210.0,170.0,170.0,196.67,218.57,0.06,27.82,83.06,0.6400000000000284,6.319999999999972,0.0,0.0,0.0,0.0
2011-10-24,310,7.98,28.59,22.41,25.5,81.63,350.0,210.0,210.0,210.0,256.67,244.29,26.17,28.12,82.76,26.36000000000003,31.099999999999973,1.0,0.0,0.0,0.0
2011-10-25,350,18.96,28.44,22.04,25.24,81.94,310.0,350.0,210.0,250.0,290.0,258.57,7.98,28.59,81.63,34.210000000000036,37.04999999999997,2.0,0.0,0.0,0.0
2011-10-26,520,2.8,28.6,21.58,25.09,81.69,350.0,310.0,350.0,310.0,336.67,272.86,18.96,28.44,81.94,53.11000000000003,55.67999999999998,3.0,0.0,0.0,0.0
2011-10-27,520,7.74,28.42,21.78,25.1,83.5,520.0,350.0,310.0,170.0,393.33,302.86,2.8,28.6,81.69,29.74000000000003,56.549999999999976,4.0,0.0,0.0,0.0
2011-10-28,720,0.44,28.96,22.12,25.54,78.72,520.0,520.0,350.0,210.0,463.33,352.86,7.74,28.42,83.5,29.50000000000003,63.839999999999975,5.0,0.0,0.0,0.0
2011-10-29,720,10.59,28.78,22.12,25.45,78.13,720.0,520.0,520.0,210.0,586.67,425.71,0.44,28.96,78.72,10.980000000000029,64.14999999999998,0.0,0.0,0.0,0.0
2011-10-30,520,6.87,28.8,21.99,25.4,81.8,720.0,720.0,520.0,350.0,653.33,498.57,10.59,28.78,78.13,18.770000000000028,74.67999999999998,1.0,0.0,0.0,0.0
2011-10-31,620,12.7,29.04,22.2,25.62,80.0,520.0,720.0,720.0,310.0,653.33,522.86,6.87,28.8,81.8,17.90000000000003,55.379999999999974,2.0,0.0,0.0,0.0
2011-11-01,820,12.52,29.03,22.61,25.82,82.2,620.0,520.0,720.0,350.0,620.0,567.14,12.7,29.04,80.0,30.16000000000003,60.09999999999998,3.0,0.0,0.0,0.0
2011-11-02,620,29.92,28.2,22.54,25.37,84.64,820.0,620.0,520.0,520.0,653.33,634.29,12.52,29.03,82.2,32.09000000000003,53.65999999999997,4.0,0.0,0.0,0.0
2011-11-03,370,12.5,27.62,22.46,25.04,86.19,620.0,820.0,620.0,520.0,686.67,648.57,29.92,28.2,84.64,55.14000000000003,80.77999999999997,5.0,0.0,0.0,0.0
2011-11-04,370,0.55,27.28,23.01,25.14,84.96,370.0,620.0,820.0,720.0,603.33,627.14,12.5,27.62,86.19,54.940000000000026,85.53999999999998,6.0,0.0,0.0,0.0
2011-11-05,290,4.09,28.36,22.72,25.54,85.33,370.0,370.0,620.0,720.0,453.33,577.14,0.55,27.28,84.96,42.97000000000003,85.64999999999998,0.0,0.0,0.0,0.0
2011-11-06,290,0.79,27.84,22.1,24.97,86.86,290.0,370.0,370.0,520.0,343.33,515.71,4.09,28.36,85.33,17.14000000000003,79.14999999999998,1.0,0.0,0.0,0.0
2011-11-07,210,1.03,28.77,20.95,24.86,79.17,290.0,290.0,370.0,620.0,316.67,482.86,0.79,27.84,86.86,5.430000000000028,73.06999999999996,0.0,0.0,0.0,0.0
2011-11-08,170,0.0,28.93,19.37,24.15,70.04,210.0,290.0,290.0,820.0,263.33,424.29,1.03,28.77,79.17,5.910000000000029,61.39999999999997,1.0,0.0,0.0,0.0
2011-11-09,170,0.0,28.9,19.26,24.08,68.5,170.0,210.0,290.0,620.0,223.33,331.43,0.0,28.93,70.04,1.8200000000000285,48.879999999999974,0.0,0.0,0.0,0.0
2011-11-10,270,0.0,28.32,19.96,24.14,66.37,170.0,170.0,210.0,370.0,183.33,267.14,0.0,28.9,68.5,1.0300000000000284,18.959999999999972,0.0,0.0,0.0,0.0
2011-11-11,720,0.0,28.28,19.68,23.98,68.93,270.0,170.0,170.0,370.0,203.33,252.86,0.0,28.32,66.37,0.0,6.4599999999999715,0.0,0.0,0.0,0.0
2011-11-12,310,0.0,28.56,19.58,24.07,70.63,720.0,270.0,170.0,290.0,386.67,302.86,0.0,28.28,68.93,0.0,5.909999999999972,0.0,0.0,0.0,0.0
2011-11-13,310,0.0,28.7,19.16,23.93,68.74,310.0,720.0,270.0,290.0,433.33,305.71,0.0,28.56,70.63,0.0,1.8199999999999716,0.0,0.0,0.0,0.0
2011-11-14,250,0.0,28.86,19.42,24.14,71.31,310.0,310.0,720.0,210.0,446.67,308.57,0.0,28.7,68.74,0.0,1.0299999999999716,0.0,0.0,0.0,0.0
2011-11-15,370,0.0,28.9,19.16,24.03,74.3,250.0,310.0,310.0,170.0,290.0,314.29,0.0,28.86,71.31,0.0,0.0,0.0,0.0,0.0,0.0
2011-11-16,250,0.0,28.44,18.46,23.45,73.31,370.0,250.0,310.0,170.0,310.0,342.86,0.0,28.9,74.3,0.0,0.0,0.0,0.0,0.0,0.0
2011-11-17,330,0.0,29.36,18.63,24.0,76.67,250.0,370.0,250.0,270.0,290.0,354.29,0.0,28.44,73.31,0.0,0.0,0.0,0.0,0.0,0.0
2011-11-18,420,0.0,29.33,19.74,24.53,75.1,330.0,250.0,370.0,720.0,316.67,362.86,0.0,29.36,76.67,0.0,0.0,0.0,0.0,0.0,0.0
2011-11-19,260,0.0,28.16,16.58,22.37,70.08,420.0,330.0,250.0,310.0,333.33,320.0,0.0,29.33,75.1,0.0,0.0,0.0,0.0,0.0,0.0
2011-11-20,250,0.0,27.83,16.27,22.05,71.73,260.0,420.0,330.0,310.0,336.67,312.86,0.0,28.16,70.08,0.0,0.0,0.0,0.0,0.0,0.0
2011-11-21,250,0.0,27.79,17.03,22.41,70.73,250.0,260.0,420.0,250.0,310.0,304.29,0.0,27.83,71.73,0.0,0.0,0.0,0.0,0.0,0.0
2011-11-22,520,0.0,27.84,17.32,22.58,69.45,250.0,250.0,260.0,370.0,253.33,304.29,0.0,27.79,70.73,0.0,0.0,0.0,0.0,0.0,0.0
2011-11-23,420,0.0,28.35,17.76,23.06,68.61,520.0,250.0,250.0,250.0,340.0,325.71,0.0,27.84,69.45,0.0,0.0,0.0,0.0,0.0,0.0
2011-11-24,520,0.0,29.23,19.79,24.51,76.09,420.0,520.0,250.0,330.0,396.67,350.0,0.0,28.35,68.61,0.0,0.0,0.0,0.0,0.0,0.0
2011-11-25,820,0.49,29.76,21.4,25.58,78.88,520.0,420.0,520.0,420.0,486.67,377.14,0.0,29.23,76.09,0.0,0.0,0.0,0.0,0.0,0.0
2011-11-26,820,0.85,28.24,22.58,25.41,77.54,820.0,520.0,420.0,260.0,586.67,434.29,0.49,29.76,78.88,0.4900000000000284,0.48999999999997157,0.0,0.0,0.0,0.0
2011-11-27,310,4.49,28.75,22.47,25.61,81.48,820.0,820.0,520.0,250.0,720.0,514.29,0.85,28.24,77.54,1.3400000000000283,1.3399999999999714,0.0,0.0,0.0,0.0
2011-11-28,420,1.17,25.97,23.03,24.5,88.38,310.0,820.0,820.0,250.0,650.0,522.86,4.49,28.75,81.48,5.8300000000000285,5.829999999999972,1.0,0.0,0.0,0.0
2011-11-29,620,0.64,27.98,22.5,25.24,85.68,420.0,310.0,820.0,520.0,516.67,547.14,1.17,25.97,88.38,6.510000000000028,6.999999999999972,2.0,0.0,0.0,0.0
2011-11-30,720,0.01,29.37,21.87,25.62,82.44,620.0,420.0,310.0,420.0,450.0,561.43,0.64,27.98,85.68,6.300000000000028,7.639999999999971,0.0,0.0,0.0,0.0
2011-12-01,620,0.0,29.35,21.79,25.57,80.36,720.0,620.0,420.0,520.0,586.67,604.29,0.01,29.37,82.44,1.8200000000000283,7.649999999999972,0.0,0.0,0.0,0.0
2011-12-02,820,0.0,28.78,21.92,25.35,82.46,620.0,720.0,620.0,820.0,653.33,618.57,0.0,29.35,80.36,0.6500000000000284,7.649999999999972,0.0,0.0,0.0,0.0
2011-12-03,820,0.0,28.48,21.7,25.09,82.98,820.0,620.0,720.0,820.0,720.0,618.57,0.0,28.78,82.46,0.010000000000028422,7.159999999999972,0.0,0.0,0.0,0.0
2011-12-04,820,0.0,29.08,19.99,24.54,75.29,820.0,820.0,620.0,310.0,753.33,618.57,0.0,28.48,82.98,0.0,6.309999999999972,0.0,0.0,0.0,0.0
2011-12-05,720,0.0,28.98,18.45,23.72,68.61,820.0,820.0,820.0,420.0,820.0,691.43,0.0,29.08,75.29,0.0,1.8199999999999714,0.0,0.0,0.0,0.0
2011-12-06,620,0.0,29.32,18.22,23.77,69.67,720.0,820.0,820.0,620.0,786.67,734.29,0.0,28.98,68.61,0.0,0.6499999999999716,0.0,0.0,0.0,0.0
2011-12-07,420,0.0,28.26,18.1,23.18,71.32,620.0,720.0,820.0,720.0,720.0,734.29,0.0,29.32,69.67,0.0,0.009999999999971578,0.0,0.0,0.0,0.0
2011-12-08,820,0.0,27.62,17.88,22.75,73.77,420.0,620.0,720.0,620.0,586.67,691.43,0.0,28.26,71.32,0.0,0.0,0.0,0.0,0.0,0.0
2011-12-09,520,0.0,29.85,20.05,24.95,77.56,820.0,420.0,620.0,820.0,620.0,720.0,0.0,27.62,73.77,0.0,0.0,0.0,0.0,0.0,0.0
2011-12-10,420,0.0,29.75,22.03,25.89,75.35,520.0,820.0,420.0,820.0,586.67,677.14,0.0,29.85,77.56,0.0,0.0,0.0,0.0,0.0,0.0
2011-12-11,210,0.0,29.98,20.98,25.48,75.92,420.0,520.0,820.0,820.0,586.67,620.0,0.0,29.75,75.35,0.0,0.0,0.0,0.0,0.0,0.0
2011-12-12,210,0.0,28.96,20.46,24.71,73.54,210.0,420.0,520.0,720.0,383.33,532.86,0.0,29.98,75.92,0.0,0.0,0.0,0.0,0.0,0.0
2011-12-13,310,0.0,27.9,18.24,23.07,72.32,210.0,210.0,420.0,620.0,280.0,460.0,0.0,28.96,73.54,0.0,0.0,0.0,0.0,0.0,0.0
2011-12-14,520,0.0,27.94,17.68,22.81,70.6,310.0,210.0,210.0,420.0,243.33,415.71,0.0,27.9,72.32,0.0,0.0,0.0,0.0,0.0,0.0
2011-12-15,520,0.0,28.92,18.54,23.73,69.96,520.0,310.0,210.0,820.0,346.67,430.0,0.0,27.94,70.6,0.0,0.0,0.0,0.0,0.0,0.0
2011-12-16,820,0.0,28.38,18.3,23.34,66.81,520.0,520.0,310.0,520.0,450.0,387.14,0.0,28.92,69.96,0.0,0.0,0.0,0.0,0.0,0.0
2011-12-17,820,0.0,27.38,16.6,21.99,67.95,820.0,520.0,520.0,420.0,620.0,430.0,0.0,28.38,66.81,0.0,0.0,0.0,0.0,0.0,0.0
2011-12-18,820,0.0,27.58,15.76,21.67,68.83,820.0,820.0,520.0,210.0,720.0,487.14,0.0,27.38,67.95,0.0,0.0,0.0,0.0,0.0,0.0
2011-12-19,520,0.0,27.62,16.28,21.95,63.44,820.0,820.0,820.0,210.0,820.0,574.29,0.0,27.58,68.83,0.0,0.0,0.0,0.0,0.0,0.0
2011-12-20,250,0.0,27.82,16.12,21.97,70.14,520.0,820.0,820.0,310.0,720.0,618.57,0.0,27.62,63.44,0.0,0.0,0.0,0.0,0.0,0.0
2011-12-21,520,0.0,28.04,16.6,22.32,66.88,250.0,520.0,820.0,520.0,530.0,610.0,0.0,27.82,70.14,0.0,0.0,0.0,0.0,0.0,0.0
2011-12-22,310,0.0,26.64,17.42,22.03,63.71,520.0,250.0,520.0,520.0,430.0,610.0,0.0,28.04,66.88,0.0,0.0,0.0,0.0,0.0,0.0
2011-12-23,310,0.0,26.54,17.14,21.84,61.98,310.0,520.0,250.0,820.0,360.0,580.0,0.0,26.64,63.71,0.0,0.0,0.0,0.0,0.0,0.0
2011-12-24,620,0.0,27.82,15.92,21.87,64.08,310.0,310.0,520.0,820.0,380.0,507.14,0.0,26.54,61.98,0.0,0.0,0.0,0.0,0.0,0.0
2011-12-25,820,0.0,27.74,14.94,21.34,65.42,620.0,310.0,310.0,820.0,413.33,478.57,0.0,27.82,64.08,0.0,0.0,0.0,0.0,0.0,0.0
2011-12-26,520,0.0,28.03,15.33,21.68,61.48,820.0,620.0,310.0,520.0,583.33,478.57,0.0,27.74,65.42,0.0,0.0,0.0,0.0,0.0,0.0
2011-12-27,520,0.0,28.29,15.63,21.96,65.97,520.0,820.0,620.0,250.0,653.33,478.57,0.0,28.03,61.48,0.0,0.0,0.0,0.0,0.0,0.0
2011-12-28,720,0.0,27.78,15.6,21.69,67.35,520.0,520.0,820.0,520.0,620.0,517.14,0.0,28.29,65.97,0.0,0.0,0.0,0.0,0.0,0.0
2011-12-29,720,0.0,28.9,15.6,22.25,66.5,720.0,520.0,520.0,310.0,586.67,545.71,0.0,27.78,67.35,0.0,0.0,0.0,0.0,0.0,0.0
2011-12-30,820,0.0,29.8,19.86,24.83,74.18,720.0,720.0,520.0,310.0,653.33,604.29,0.0,28.9,66.5,0.0,0.0,0.0,0.0,0.0,0.0
2011-12-31,820,0.02,27.53,20.05,23.79,70.21,820.0,720.0,720.0,620.0,753.33,677.14,0.0,29.8,74.18,0.0,0.0,0.0,0.0,0.0,0.0
2012-01-01,250,0.0,28.35,20.19,24.27,75.7,820.0,820.0,720.0,820.0,786.67,705.71,0.02,27.53,70.21,0.020000000000028422,0.01999999999997158,0.0,0.0,0.0,0.0
2012-01-02,250,0.0,28.38,19.82,24.1,76.36,250.0,820.0,820.0,520.0,630.0,624.29,0.0,28.35,75.7,0.020000000000028422,0.01999999999997158,0.0,0.0,0.0,0.0
2012-01-03,170,0.0,28.91,20.39,24.65,80.5,250.0,250.0,820.0,520.0,440.0,585.71,0.0,28.38,76.36,0.020000000000028422,0.01999999999997158,0.0,0.0,0.0,0.0
2012-01-04,210,0.0,29.35,20.15,24.75,79.34,170.0,250.0,250.0,720.0,223.33,535.71,0.0,28.91,80.5,0.0,0.01999999999997158,0.0,0.0,0.0,0.0
2012-01-05,420,0.0,29.82,20.0,24.91,76.15,210.0,170.0,250.0,720.0,210.0,462.86,0.0,29.35,79.34,0.0,0.01999999999997158,0.0,0.0,0.0,0.0
2012-01-06,290,0.0,30.03,19.61,24.82,73.32,420.0,210.0,170.0,820.0,266.67,420.0,0.0,29.82,76.15,0.0,0.01999999999997158,0.0,0.0,0.0,0.0
2012-01-07,310,0.0,29.92,18.34,24.13,70.88,290.0,420.0,210.0,820.0,306.67,344.29,0.0,30.03,73.32,0.0,0.01999999999997158,0.0,0.0,0.0,0.0
2012-01-08,350,0.0,29.23,17.95,23.59,69.56,310.0,290.0,420.0,250.0,340.0,271.43,0.0,29.92,70.88,0.0,0.0,0.0,0.0,0.0,0.0
2012-01-09,250,0.0,28.48,17.16,22.82,64.41,350.0,310.0,290.0,250.0,316.67,285.71,0.0,29.23,69.56,0.0,0.0,0.0,0.0,0.0,0.0
2012-01-10,290,0.0,27.69,17.19,22.44,58.9,250.0,350.0,310.0,170.0,303.33,285.71,0.0,28.48,64.41,0.0,0.0,0.0,0.0,0.0,0.0
2012-01-11,820,0.0,29.28,17.36,23.32,63.78,290.0,250.0,350.0,210.0,296.67,302.86,0.0,27.69,58.9,0.0,0.0,0.0,0.0,0.0,0.0
2012-01-12,620,0.0,28.74,19.19,23.96,67.68,820.0,290.0,250.0,420.0,453.33,390.0,0.0,29.28,63.78,0.0,0.0,0.0,0.0,0.0,0.0
2012-01-13,820,0.0,29.14,19.5,24.32,68.04,620.0,820.0,290.0,290.0,576.67,418.57,0.0,28.74,67.68,0.0,0.0,0.0,0.0,0.0,0.0
2012-01-14,820,0.0,28.84,16.48,22.66,59.26,820.0,620.0,820.0,310.0,753.33,494.29,0.0,29.14,68.04,0.0,0.0,0.0,0.0,0.0,0.0
2012-01-15,820,0.0,28.1,14.66,21.38,54.15,820.0,820.0,620.0,350.0,753.33,567.14,0.0,28.84,59.26,0.0,0.0,0.0,0.0,0.0,0.0
2012-01-16,520,0.0,28.48,14.84,21.66,52.64,820.0,820.0,820.0,250.0,820.0,634.29,0.0,28.1,54.15,0.0,0.0,0.0,0.0,0.0,0.0
2012-01-17,720,0.0,29.15,15.28,22.22,56.03,520.0,820.0,820.0,290.0,720.0,672.86,0.0,28.48,52.64,0.0,0.0,0.0,0.0,0.0,0.0
2012-01-18,520,0.0,27.71,16.81,22.26,69.79,720.0,520.0,820.0,820.0,686.67,734.29,0.0,29.15,56.03,0.0,0.0,0.0,0.0,0.0,0.0
2012-01-19,660,0.0,27.42,17.72,22.57,72.04,520.0,720.0,520.0,620.0,586.67,691.43,0.0,27.71,69.79,0.0,0.0,0.0,0.0,0.0,0.0
2012-01-20,660,0.0,27.72,17.44,22.58,70.63,660.0,520.0,720.0,820.0,633.33,697.14,0.0,27.42,72.04,0.0,0.0,0.0,0.0,0.0,0.0
2012-01-21,620,0.0,28.73,17.49,23.11,66.74,660.0,660.0,520.0,820.0,613.33,674.29,0.0,27.72,70.63,0.0,0.0,0.0,0.0,0.0,0.0
2012-01-22,460,0.0,28.4,18.48,23.44,72.72,620.0,660.0,660.0,820.0,646.67,645.71,0.0,28.73,66.74,0.0,0.0,0.0,0.0,0.0,0.0
2012-01-23,370,0.0,29.1,18.42,23.76,65.78,460.0,620.0,660.0,520.0,580.0,594.29,0.0,28.4,72.72,0.0,0.0,0.0,0.0,0.0,0.0
2012-01-24,620,0.0,28.66,18.1,23.38,68.34,370.0,460.0,620.0,720.0,483.33,572.86,0.0,29.1,65.78,0.0,0.0,0.0,0.0,0.0,0.0
2012-01-25,660,0.0,28.51,17.84,23.17,66.02,620.0,370.0,460.0,520.0,483.33,558.57,0.0,28.66,68.34,0.0,0.0,0.0,0.0,0.0,0.0
2012-01-26,720,0.0,28.65,17.2,22.92,64.89,660.0,620.0,370.0,660.0,550.0,578.57,0.0,28.51,66.02,0.0,0.0,0.0,0.0,0.0,0.0
2012-01-27,820,0.0,28.93,16.97,22.95,65.81,720.0,660.0,620.0,660.0,666.67,587.14,0.0,28.65,64.89,0.0,0.0,0.0,0.0,0.0,0.0
2012-01-28,820,0.0,28.12,18.28,23.2,72.97,820.0,720.0,660.0,620.0,733.33,610.0,0.0,28.93,65.81,0.0,0.0,0.0,0.0,0.0,0.0
2012-01-29,720,0.0,27.52,18.76,23.14,73.55,820.0,820.0,720.0,460.0,786.67,638.57,0.0,28.12,72.97,0.0,0.0,0.0,0.0,0.0,0.0
2012-01-30,420,0.0,28.42,19.3,23.86,67.96,720.0,820.0,820.0,370.0,786.67,675.71,0.0,27.52,73.55,0.0,0.0,0.0,0.0,0.0,0.0
2012-01-31,250,0.0,29.46,17.62,23.54,57.39,420.0,720.0,820.0,620.0,653.33,682.86,0.0,28.42,67.96,0.0,0.0,0.0,0.0,0.0,0.0
2012-02-01,460,0.0,29.68,17.52,23.6,55.86,250.0,420.0,720.0,660.0,463.33,630.0,0.0,29.46,57.39,0.0,0.0,0.0,0.0,0.0,0.0
2012-02-02,420,0.0,29.62,18.4,24.01,57.12,460.0,250.0,420.0,720.0,376.67,601.43,0.0,29.68,55.86,0.0,0.0,0.0,0.0,0.0,0.0
2012-02-03,290,0.0,30.02,18.38,24.2,54.79,420.0,460.0,250.0,820.0,376.67,558.57,0.0,29.62,57.12,0.0,0.0,0.0,0.0,0.0,0.0
2012-02-04,460,0.0,29.74,18.69,24.21,65.01,290.0,420.0,460.0,820.0,390.0,482.86,0.0,30.02,54.79,0.0,0.0,0.0,0.0,0.0,0.0
2012-02-05,250,0.0,30.44,18.94,24.69,65.77,460.0,290.0,420.0,720.0,390.0,431.43,0.0,29.74,65.01,0.0,0.0,0.0,0.0,0.0,0.0
2012-02-06,210,0.0,30.3,19.27,24.79,67.36,250.0,460.0,290.0,420.0,333.33,364.29,0.0,30.44,65.77,0.0,0.0,0.0,0.0,0.0,0.0
2012-02-07,230,0.0,30.06,19.76,24.91,65.61,210.0,250.0,460.0,250.0,306.67,334.29,0.0,30.3,67.36,0.0,0.0,0.0,0.0,0.0,0.0
2012-02-08,350,0.0,30.38,19.94,25.16,63.14,230.0,210.0,250.0,460.0,230.0,331.43,0.0,30.06,65.61,0.0,0.0,0.0,0.0,0.0,0.0
2012-02-09,460,0.0,31.53,19.87,25.7,57.55,350.0,230.0,210.0,420.0,263.33,315.71,0.0,30.38,63.14,0.0,0.0,0.0,0.0,0.0,0.0
2012-02-10,460,0.04,31.0,20.16,25.58,61.29,460.0,350.0,230.0,290.0,346.67,321.43,0.0,31.53,57.55,0.0,0.0,0.0,0.0,0.0,0.0
2012-02-11,820,0.0,30.29,21.45,25.87,66.96,460.0,460.0,350.0,460.0,423.33,345.71,0.04,31.0,61.29,0.04000000000002842,0.03999999999997158,0.0,0.0,0.0,0.0
2012-02-12,420,0.0,30.32,21.3,25.81,66.06,820.0,460.0,460.0,250.0,580.0,397.14,0.0,30.29,66.96,0.04000000000002842,0.03999999999997158,0.0,0.0,0.0,0.0
2012-02-13,330,0.0,30.77,20.43,25.6,66.25,420.0,820.0,460.0,210.0,566.67,421.43,0.0,30.32,66.06,0.04000000000002842,0.03999999999997158,0.0,0.0,0.0,0.0
2012-02-14,330,0.0,30.34,19.94,25.14,66.99,330.0,420.0,820.0,230.0,523.33,438.57,0.0,30.77,66.25,0.0,0.03999999999997158,0.0,0.0,0.0,0.0
2012-02-15,290,0.0,31.1,19.2,25.15,64.26,330.0,330.0,420.0,350.0,360.0,452.86,0.0,30.34,66.99,0.0,0.03999999999997158,0.0,0.0,0.0,0.0
2012-02-16,420,0.0,30.68,18.74,24.71,59.12,290.0,330.0,330.0,460.0,316.67,444.29,0.0,31.1,64.26,0.0,0.03999999999997158,0.0,0.0,0.0,0.0
2012-02-17,350,0.0,31.92,19.42,25.67,56.71,420.0,290.0,330.0,460.0,346.67,438.57,0.0,30.68,59.12,0.0,0.03999999999997158,0.0,0.0,0.0,0.0
2012-02-18,660,0.0,32.45,20.01,26.23,57.93,350.0,420.0,290.0,820.0,353.33,422.86,0.0,31.92,56.71,0.0,0.0,0.0,0.0,0.0,0.0
2012-02-19,270,0.0,33.22,18.02,25.62,46.94,660.0,350.0,420.0,420.0,476.67,400.0,0.0,32.45,57.93,0.0,0.0,0.0,0.0,0.0,0.0
2012-02-20,270,0.0,33.71,18.69,26.2,52.72,270.0,660.0,350.0,330.0,426.67,378.57,0.0,33.22,46.94,0.0,0.0,0.0,0.0,0.0,0.0
2012-02-21,250,0.0,33.14,19.66,26.4,57.33,270.0,270.0,660.0,330.0,400.0,370.0,0.0,33.71,52.72,0.0,0.0,0.0,0.0,0.0,0.0
2012-02-22,230,0.0,33.71,19.99,26.85,54.57,250.0,270.0,270.0,290.0,263.33,358.57,0.0,33.14,57.33,0.0,0.0,0.0,0.0,0.0,0.0
2012-02-23,330,0.0,33.42,18.76,26.09,50.79,230.0,250.0,270.0,420.0,250.0,350.0,0.0,33.71,54.57,0.0,0.0,0.0,0.0,0.0,0.0
2012-02-24,370,0.0,33.18,18.88,26.03,53.06,330.0,230.0,250.0,350.0,270.0,337.14,0.0,33.42,50.79,0.0,0.0,0.0,0.0,0.0,0.0
2012-02-25,660,0.0,34.15,19.7,26.92,47.29,370.0,330.0,230.0,660.0,310.0,340.0,0.0,33.18,53.06,0.0,0.0,0.0,0.0,0.0,0.0
2012-02-26,420,0.0,34.52,19.14,26.83,44.83,660.0,370.0,330.0,270.0,453.33,340.0,0.0,34.15,47.29,0.0,0.0,0.0,0.0,1.0,0.0
2012-02-27,310,0.0,35.14,19.43,27.29,48.43,420.0,660.0,370.0,270.0,483.33,361.43,0.0,34.52,44.83,0.0,0.0,0.0,0.0,1.0,0.0
2012-02-28,250,0.0,32.56,19.7,26.13,63.77,310.0,420.0,660.0,250.0,463.33,367.14,0.0,35.14,48.43,0.0,0.0,0.0,0.0,1.0,0.0
2012-02-29,420,0.0,32.02,20.44,26.23,65.09,250.0,310.0,420.0,230.0,326.67,367.14,0.0,32.56,63.77,0.0,0.0,0.0,0.0,0.0,0.0
2012-03-01,270,0.0,34.02,19.1,26.56,55.55,420.0,250.0,310.0,330.0,326.67,394.29,0.0,32.02,65.09,0.0,0.0,0.0,0.0,0.0,0.0
2012-03-02,290,0.0,32.95,18.31,25.63,55.65,270.0,420.0,250.0,370.0,313.33,385.71,0.0,34.02,55.55,0.0,0.0,0.0,0.0,1.0,0.0
2012-03-03,290,0.0,30.37,18.11,24.24,65.87,290.0,270.0,420.0,660.0,326.67,374.29,0.0,32.95,55.65,0.0,0.0,0.0,0.0,0.0,0.0
2012-03-04,210,0.0,33.42,18.3,25.86,62.14,290.0,290.0,270.0,420.0,283.33,321.43,0.0,30.37,65.87,0.0,0.0,0.0,0.0,0.0,0.0
2012-03-05,150,0.0,34.14,19.74,26.94,64.43,210.0,290.0,290.0,310.0,263.33,291.43,0.0,33.42,62.14,0.0,0.0,0.0,0.0,0.0,0.0
2012-03-06,150,0.0,31.48,21.7,26.59,70.15,150.0,210.0,290.0,250.0,216.67,268.57,0.0,34.14,64.43,0.0,0.0,0.0,0.0,1.0,0.0
2012-03-07,150,0.0,31.89,20.69,26.29,65.62,150.0,150.0,210.0,420.0,170.0,254.29,0.0,31.48,70.15,0.0,0.0,0.0,0.0,0.0,0.0
2012-03-08,150,0.0,30.68,19.14,24.91,65.31,150.0,150.0,150.0,270.0,150.0,215.71,0.0,31.89,65.62,0.0,0.0,0.0,0.0,0.0,0.0
2012-03-09,250,0.0,31.39,18.63,25.01,58.48,150.0,150.0,150.0,290.0,150.0,198.57,0.0,30.68,65.31,0.0,0.0,0.0,0.0,0.0,0.0
2012-03-10,390,0.0,32.94,18.74,25.84,59.15,250.0,150.0,150.0,290.0,183.33,192.86,0.0,31.39,58.48,0.0,0.0,0.0,0.0,0.0,0.0
2012-03-11,230,0.0,32.46,20.08,26.27,63.31,390.0,250.0,150.0,210.0,263.33,207.14,0.0,32.94,59.15,0.0,0.0,0.0,0.0,0.0,0.0
2012-03-12,150,0.0,33.38,20.82,27.1,58.38,230.0,390.0,250.0,150.0,290.0,210.0,0.0,32.46,63.31,0.0,0.0,0.0,0.0,0.0,0.0
2012-03-13,170,0.0,35.61,22.29,28.95,57.05,150.0,230.0,390.0,150.0,256.67,210.0,0.0,33.38,58.38,0.0,0.0,0.0,0.0,0.0,0.0
2012-03-14,230,0.0,34.33,23.54,28.93,61.02,170.0,150.0,230.0,150.0,183.33,212.86,0.0,35.61,57.05,0.0,0.0,0.0,0.0,1.0,0.0
2012-03-15,230,0.0,33.92,23.08,28.5,65.5,230.0,170.0,150.0,150.0,183.33,224.29,0.0,34.33,61.02,0.0,0.0,0.0,0.0,1.0,0.0
2012-03-16,110,0.0,32.86,22.86,27.86,67.92,230.0,230.0,170.0,250.0,210.0,235.71,0.0,33.92,65.5,0.0,0.0,0.0,0.0,1.0,0.0
2012-03-17,110,0.0,34.78,22.52,28.65,60.38,110.0,230.0,230.0,390.0,190.0,215.71,0.0,32.86,67.92,0.0,0.0,0.0,0.0,0.0,0.0
2012-03-18,110,0.0,33.7,22.34,28.02,64.93,110.0,110.0,230.0,230.0,150.0,175.71,0.0,34.78,60.38,0.0,0.0,0.0,0.0,1.0,0.0
2012-03-19,110,0.0,32.72,22.68,27.7,66.51,110.0,110.0,110.0,150.0,110.0,158.57,0.0,33.7,64.93,0.0,0.0,0.0,0.0,0.0,0.0
2012-03-20,90,0.0,33.4,22.48,27.94,65.85,110.0,110.0,110.0,170.0,110.0,152.86,0.0,32.72,66.51,0.0,0.0,0.0,0.0,0.0,0.0
2012-03-21,150,0.0,32.8,22.64,27.72,68.35,90.0,110.0,110.0,230.0,103.33,141.43,0.0,33.4,65.85,0.0,0.0,0.0,0.0,0.0,0.0
2012-03-22,150,0.0,33.56,22.68,28.12,66.65,150.0,90.0,110.0,230.0,116.67,130.0,0.0,32.8,68.35,0.0,0.0,0.0,0.0,0.0,0.0
2012-03-23,230,0.0,34.02,22.7,28.36,66.61,150.0,150.0,90.0,110.0,130.0,118.57,0.0,33.56,66.65,0.0,0.0,0.0,0.0,0.0,0.0
2012-03-24,620,0.0,34.6,22.12,28.36,63.1,230.0,150.0,150.0,110.0,176.67,135.71,0.0,34.02,66.61,0.0,0.0,0.0,0.0,1.0,0.0
2012-03-25,110,0.0,34.14,22.3,28.22,64.0,620.0,230.0,150.0,110.0,333.33,208.57,0.0,34.6,63.1,0.0,0.0,0.0,0.0,1.0,0.0
2012-03-26,130,0.0,34.66,21.24,27.95,60.72,110.0,620.0,230.0,110.0,320.0,208.57,0.0,34.14,64.0,0.0,0.0,0.0,0.0,1.0,0.0
2012-03-27,170,0.0,34.48,21.06,27.77,59.76,130.0,110.0,620.0,90.0,286.67,211.43,0.0,34.66,60.72,0.0,0.0,0.0,0.0,1.0,0.0
2012-03-28,210,0.0,34.52,21.48,28.0,61.58,170.0,130.0,110.0,150.0,136.67,222.86,0.0,34.48,59.76,0.0,0.0,0.0,0.0,1.0,0.0
2012-03-29,190,0.0,33.69,22.53,28.11,64.14,210.0,170.0,130.0,150.0,170.0,231.43,0.0,34.52,61.58,0.0,0.0,0.0,0.0,1.0,0.0
2012-03-30,150,0.0,32.12,22.35,27.24,68.35,190.0,210.0,170.0,230.0,190.0,237.14,0.0,33.69,64.14,0.0,0.0,0.0,0.0,0.0,0.0
2012-03-31,210,0.0,34.4,22.02,28.21,62.7,150.0,190.0,210.0,620.0,183.33,225.71,0.0,32.12,68.35,0.0,0.0,0.0,0.0,0.0,0.0
2012-04-01,250,0.23,34.35,23.21,28.78,62.61,210.0,150.0,190.0,110.0,183.33,167.14,0.0,34.4,62.7,0.0,0.0,0.0,0.0,1.0,0.0
2012-04-02,130,0.01,33.52,23.14,28.33,66.2,250.0,210.0,150.0,130.0,203.33,187.14,0.23,34.35,62.61,0.23000000000002843,0.2299999999999716,0.0,0.0,1.0,0.0
2012-04-03,130,0.0,33.41,23.19,28.3,65.33,130.0,250.0,210.0,170.0,196.67,187.14,0.01,33.52,66.2,0.24000000000002844,0.2399999999999716,0.0,0.0,0.0,0.0
2012-04-04,150,0.09,34.01,23.23,28.62,64.71,130.0,130.0,250.0,210.0,170.0,181.43,0.0,33.41,65.33,0.24000000000002844,0.2399999999999716,0.0,0.0,0.0,0.0
2012-04-05,270,0.06,33.62,23.36,28.49,65.35,150.0,130.0,130.0,190.0,136.67,172.86,0.09,34.01,64.71,0.10000000000002841,0.3299999999999716,0.0,0.0,1.0,0.0
2012-04-06,290,1.78,32.85,23.32,28.09,67.8,270.0,150.0,130.0,150.0,183.33,184.29,0.06,33.62,65.35,0.15000000000002842,0.3899999999999716,0.0,0.0,0.0,0.0
2012-04-07,270,0.58,34.38,23.1,28.74,64.32,290.0,270.0,150.0,210.0,236.67,204.29,1.78,32.85,67.8,1.9300000000000284,2.1699999999999715,1.0,0.0,0.0,0.0
2012-04-08,150,0.01,34.5,23.35,28.92,62.9,270.0,290.0,270.0,250.0,276.67,212.86,0.58,34.38,64.32,2.4200000000000284,2.7499999999999716,0.0,0.0,1.0,0.0
2012-04-09,170,0.0,32.69,23.85,28.27,63.18,150.0,270.0,290.0,130.0,236.67,198.57,0.01,34.5,62.9,2.370000000000028,2.529999999999972,0.0,0.0,1.0,0.0
2012-04-10,150,6.19,33.09,23.19,28.14,65.09,170.0,150.0,270.0,130.0,196.67,204.29,0.0,32.69,63.18,0.5900000000000284,2.5199999999999716,0.0,0.0,0.0,0.0
2012-04-11,270,7.39,32.03,23.13,27.58,69.95,150.0,170.0,150.0,150.0,156.67,207.14,6.19,33.09,65.09,6.200000000000029,8.709999999999972,1.0,0.0,0.0,0.0
2012-04-12,230,3.07,31.4,23.34,27.37,72.47,270.0,150.0,170.0,270.0,196.67,224.29,7.39,32.03,69.95,13.580000000000028,16.00999999999997,2.0,0.0,0.0,0.0
2012-04-13,270,0.23,32.53,23.45,27.99,70.12,230.0,270.0,150.0,290.0,216.67,218.57,3.07,31.4,72.47,16.650000000000027,19.01999999999997,3.0,0.0,0.0,0.0
2012-04-14,420,0.02,33.34,23.9,28.62,68.01,270.0,230.0,270.0,270.0,256.67,215.71,0.23,32.53,70.12,10.690000000000028,17.469999999999974,0.0,0.0,0.0,0.0
2012-04-15,230,0.0,33.84,23.68,28.76,65.88,420.0,270.0,230.0,150.0,306.67,237.14,0.02,33.34,68.01,3.3200000000000283,16.90999999999997,0.0,0.0,0.0,0.0
2012-04-16,190,0.05,33.02,23.76,28.39,67.85,230.0,420.0,270.0,170.0,306.67,248.57,0.0,33.84,65.88,0.2500000000000284,16.89999999999997,0.0,0.0,1.0,0.0
2012-04-17,130,0.98,31.01,23.83,27.42,72.09,190.0,230.0,420.0,150.0,280.0,251.43,0.05,33.02,67.85,0.07000000000002843,16.94999999999997,0.0,0.0,0.0,0.0
2012-04-18,230,8.93,29.86,23.6,26.73,79.5,130.0,190.0,230.0,270.0,183.33,248.57,0.98,31.01,72.09,1.0300000000000284,11.739999999999972,0.0,0.0,0.0,0.0
2012-04-19,270,0.62,29.83,23.27,26.55,74.13,230.0,130.0,190.0,230.0,183.33,242.86,8.93,29.86,79.5,9.960000000000027,13.279999999999971,1.0,0.0,0.0,0.0
2012-04-20,170,17.55,32.36,23.62,27.99,72.98,270.0,230.0,130.0,270.0,210.0,248.57,0.62,29.83,74.13,10.530000000000026,10.82999999999997,0.0,0.0,0.0,0.0
2012-04-21,170,1.21,29.82,24.04,26.93,80.45,170.0,270.0,230.0,420.0,223.33,234.29,17.55,32.36,72.98,27.10000000000003,28.14999999999997,1.0,0.0,0.0,0.0
2012-04-22,170,0.0,31.1,23.98,27.54,77.8,170.0,170.0,270.0,230.0,203.33,198.57,1.21,29.82,80.45,19.380000000000027,29.33999999999997,2.0,0.0,0.0,0.0
2012-04-23,290,1.62,28.79,23.89,26.34,78.56,170.0,170.0,170.0,190.0,170.0,190.0,0.0,31.1,77.8,18.760000000000026,29.33999999999997,0.0,0.0,0.0,0.0
2012-04-24,440,1.44,31.96,22.88,27.42,70.37,290.0,170.0,170.0,130.0,210.0,204.29,1.62,28.79,78.56,2.830000000000025,30.909999999999968,1.0,0.0,0.0,0.0
2012-04-25,670,6.58,30.92,23.22,27.07,79.23,440.0,290.0,170.0,230.0,300.0,248.57,1.44,31.96,70.37,3.060000000000025,31.36999999999997,2.0,0.0,0.0,0.0
2012-04-26,460,9.13,29.35,23.23,26.29,80.1,670.0,440.0,290.0,270.0,466.67,311.43,6.58,30.92,79.23,9.640000000000025,29.019999999999968,3.0,0.0,0.0,0.0
2012-04-27,560,9.43,29.7,23.44,26.57,81.15,460.0,670.0,440.0,170.0,523.33,338.57,9.13,29.35,80.1,17.150000000000027,37.52999999999997,4.0,0.0,0.0,0.0
2012-04-28,640,2.15,29.98,23.18,26.58,75.77,560.0,460.0,670.0,170.0,563.33,394.29,9.43,29.7,81.15,25.140000000000025,29.40999999999997,5.0,0.0,0.0,0.0
2012-04-29,350,0.3,30.92,23.6,27.26,74.7,640.0,560.0,460.0,170.0,553.33,461.43,2.15,29.98,75.77,20.710000000000022,30.34999999999997,6.0,0.0,0.0,0.0
2012-04-30,210,0.09,30.9,23.38,27.14,71.34,350.0,640.0,560.0,290.0,516.67,487.14,0.3,30.92,74.7,11.880000000000024,30.64999999999997,0.0,0.0,0.0,0.0
2012-05-01,310,0.05,31.36,23.26,27.31,73.12,210.0,350.0,640.0,440.0,400.0,475.71,0.09,30.9,71.34,2.540000000000025,29.119999999999973,0.0,0.0,0.0,0.0
2012-05-02,350,0.01,31.02,23.54,27.28,73.9,310.0,210.0,350.0,670.0,290.0,457.14,0.05,31.36,73.12,0.44000000000002487,27.729999999999972,0.0,0.0,0.0,0.0
2012-05-03,210,0.01,31.78,23.06,27.42,71.48,350.0,310.0,210.0,460.0,290.0,411.43,0.01,31.02,73.9,0.15000000000002486,21.15999999999997,0.0,0.0,0.0,0.0
2012-05-04,290,0.0,30.74,22.76,26.75,71.16,210.0,350.0,310.0,560.0,290.0,375.71,0.01,31.78,71.48,0.07000000000002488,12.03999999999997,0.0,0.0,0.0,0.0
2012-05-05,250,0.0,30.76,22.08,26.42,71.74,290.0,210.0,350.0,640.0,283.33,337.14,0.0,30.74,71.16,0.02000000000002487,2.6099999999999715,0.0,0.0,0.0,0.0
2012-05-06,420,0.0,30.6,22.12,26.36,73.06,250.0,290.0,210.0,350.0,250.0,281.43,0.0,30.76,71.74,0.01000000000002487,0.45999999999997154,0.0,0.0,0.0,0.0
2012-05-07,250,0.0,32.9,21.98,27.44,69.07,420.0,250.0,290.0,210.0,320.0,291.43,0.0,30.6,73.06,0.0,0.15999999999997158,0.0,0.0,0.0,0.0
2012-05-08,170,0.14,32.17,22.99,27.58,71.67,250.0,420.0,250.0,310.0,306.67,297.14,0.0,32.9,69.07,0.0,0.06999999999997158,0.0,0.0,0.0,0.0
2012-05-09,150,0.17,31.18,23.6,27.39,74.88,170.0,250.0,420.0,350.0,280.0,277.14,0.14,32.17,71.67,0.14000000000002488,0.1599999999999716,0.0,0.0,0.0,0.0
2012-05-10,150,0.3,29.66,24.1,26.88,77.53,150.0,170.0,250.0,210.0,190.0,248.57,0.17,31.18,74.88,0.3100000000000249,0.31999999999997164,0.0,0.0,0.0,0.0
2012-05-11,170,1.45,29.66,23.88,26.77,79.98,150.0,150.0,170.0,290.0,156.67,240.0,0.3,29.66,77.53,0.6100000000000249,0.6099999999999716,0.0,0.0,0.0,0.0
2012-05-12,110,1.91,27.08,24.28,25.68,85.45,170.0,150.0,150.0,250.0,156.67,222.86,1.45,29.66,79.98,1.9200000000000248,2.0599999999999716,1.0,0.0,0.0,0.0
2012-05-13,190,0.25,31.34,23.32,27.33,74.45,110.0,170.0,150.0,420.0,143.33,202.86,1.91,27.08,85.45,3.660000000000025,3.9699999999999713,2.0,0.0,0.0,0.0
2012-05-14,210,0.22,31.32,23.68,27.5,74.28,190.0,110.0,170.0,250.0,156.67,170.0,0.25,31.34,74.45,3.610000000000025,4.219999999999971,0.0,0.0,0.0,0.0
2012-05-15,70,0.11,31.07,23.91,27.49,74.93,210.0,190.0,110.0,170.0,170.0,164.29,0.22,31.32,74.28,2.3800000000000248,4.439999999999971,0.0,0.0,0.0,0.0
2012-05-16,45,0.14,31.6,24.1,27.85,72.72,70.0,210.0,190.0,150.0,156.67,150.0,0.11,31.07,74.93,0.5800000000000248,4.409999999999972,0.0,0.0,0.0,0.0
2012-05-17,110,0.02,31.86,24.2,28.03,71.22,45.0,70.0,210.0,150.0,108.33,135.0,0.14,31.6,72.72,0.4700000000000249,4.3799999999999715,0.0,0.0,0.0,0.0
2012-05-18,130,0.0,33.46,24.16,28.81,69.04,110.0,45.0,70.0,170.0,75.0,129.29,0.02,31.86,71.22,0.2700000000000249,4.099999999999971,0.0,0.0,0.0,0.0
2012-05-19,70,0.0,31.08,24.58,27.83,73.78,130.0,110.0,45.0,110.0,95.0,123.57,0.0,33.46,69.04,0.16000000000002487,2.6499999999999715,0.0,0.0,0.0,0.0
2012-05-20,70,0.0,32.68,23.9,28.29,69.86,70.0,130.0,110.0,190.0,103.33,117.86,0.0,31.08,73.78,0.02000000000002487,0.7399999999999713,0.0,0.0,0.0,0.0
2012-05-21,90,0.06,30.67,24.21,27.44,73.85,70.0,70.0,130.0,210.0,90.0,100.71,0.0,32.68,69.86,0.0,0.4899999999999714,0.0,0.0,0.0,0.0
2012-05-22,130,0.01,30.56,24.24,27.4,73.19,90.0,70.0,70.0,70.0,76.67,83.57,0.06,30.67,73.85,0.06000000000002487,0.32999999999997137,0.0,0.0,0.0,0.0
2012-05-23,250,0.0,30.86,24.48,27.67,72.45,130.0,90.0,70.0,45.0,96.67,92.14,0.01,30.56,73.19,0.07000000000002486,0.22999999999997137,0.0,0.0,0.0,0.0
2012-05-24,130,0.0,31.44,24.24,27.84,71.7,250.0,130.0,90.0,110.0,156.67,121.43,0.0,30.86,72.45,0.07000000000002486,0.08999999999997135,0.0,0.0,0.0,0.0
2012-05-25,150,0.0,31.47,24.21,27.84,69.54,130.0,250.0,130.0,130.0,170.0,124.29,0.0,31.44,71.7,0.01000000000002487,0.06999999999997135,0.0,0.0,0.0,0.0
2012-05-26,230,0.85,32.22,24.38,28.3,68.57,150.0,130.0,250.0,70.0,176.67,127.14,0.0,31.47,69.54,0.0,0.06999999999997135,0.0,0.0,0.0,0.0
2012-05-27,310,0.21,30.84,24.34,27.59,73.8,230.0,150.0,130.0,70.0,170.0,150.0,0.85,32.22,68.57,0.8500000000000248,0.9199999999999713,0.0,0.0,0.0,0.0
2012-05-28,350,0.0,31.72,24.3,28.01,70.1,310.0,230.0,150.0,90.0,230.0,184.29,0.21,30.84,73.8,1.060000000000025,1.1299999999999712,0.0,0.0,0.0,0.0
2012-05-29,520,0.01,30.73,24.53,27.63,72.35,350.0,310.0,230.0,130.0,296.67,221.43,0.0,31.72,70.1,1.060000000000025,1.0699999999999712,0.0,0.0,0.0,0.0
2012-05-30,820,0.0,30.2,24.44,27.32,73.59,520.0,350.0,310.0,250.0,393.33,277.14,0.01,30.73,72.35,0.22000000000002487,1.0699999999999712,0.0,0.0,0.0,0.0
2012-05-31,130,0.81,30.12,24.16,27.14,74.2,820.0,520.0,350.0,130.0,563.33,358.57,0.0,30.2,73.59,0.01000000000002487,1.0699999999999712,0.0,0.0,0.0,0.0
2012-06-01,150,0.16,31.38,23.96,27.67,72.72,130.0,820.0,520.0,150.0,490.0,358.57,0.81,30.12,74.2,0.8200000000000249,1.8799999999999712,0.0,0.0,0.0,0.0
2012-06-02,150,5.77,31.51,24.13,27.82,74.3,150.0,130.0,820.0,230.0,366.67,358.57,0.16,31.38,72.72,0.970000000000025,2.039999999999971,0.0,0.0,0.0,0.0
2012-06-03,170,10.4,29.74,24.52,27.13,80.34,150.0,150.0,130.0,310.0,143.33,347.14,5.77,31.51,74.3,6.740000000000024,6.959999999999971,1.0,0.0,0.0,0.0
2012-06-04,90,34.19,28.8,23.0,25.9,83.16,170.0,150.0,150.0,350.0,156.67,327.14,10.4,29.74,80.34,16.330000000000027,17.14999999999997,2.0,0.0,0.0,0.0
2012-06-05,70,30.91,27.88,23.56,25.72,83.01,90.0,170.0,150.0,520.0,136.67,290.0,34.19,28.8,83.16,50.36000000000003,51.33999999999997,3.0,0.0,0.0,0.0
2012-06-06,110,28.84,28.3,23.68,25.99,81.02,70.0,90.0,170.0,820.0,110.0,225.71,30.91,27.88,83.01,75.50000000000003,82.23999999999997,4.0,0.0,0.0,0.0
2012-06-07,110,11.78,27.77,23.09,25.43,78.84,110.0,70.0,90.0,130.0,90.0,124.29,28.84,28.3,81.02,93.94000000000003,111.07999999999997,5.0,0.0,0.0,0.0
2012-06-08,110,18.64,28.84,23.28,26.06,80.74,110.0,110.0,70.0,150.0,96.67,121.43,11.78,27.77,78.84,71.53000000000003,122.04999999999997,6.0,0.0,0.0,0.0
2012-06-09,110,8.71,28.33,23.85,26.09,85.48,110.0,110.0,110.0,150.0,110.0,115.71,18.64,28.84,80.74,59.26000000000003,140.52999999999997,7.0,0.0,0.0,0.0
2012-06-10,90,1.99,28.67,23.43,26.05,82.74,110.0,110.0,110.0,170.0,110.0,110.0,8.71,28.33,85.48,39.13000000000003,143.46999999999997,8.0,0.0,0.0,0.0
2012-06-11,90,28.12,28.12,23.84,25.98,84.4,90.0,110.0,110.0,90.0,103.33,98.57,1.99,28.67,82.74,29.34000000000003,135.05999999999995,9.0,0.0,0.0,0.0
2012-06-12,130,66.85,27.46,23.04,25.25,84.13,90.0,90.0,110.0,70.0,96.67,98.57,28.12,28.12,84.4,38.82000000000003,128.98999999999998,10.0,0.0,0.0,0.0
2012-06-13,210,18.14,28.0,22.84,25.42,78.6,130.0,90.0,90.0,110.0,103.33,107.14,66.85,27.46,84.13,96.96000000000002,164.92999999999998,11.0,1.0,0.0,0.0
2012-06-14,330,9.25,27.62,22.02,24.82,81.66,210.0,130.0,90.0,110.0,143.33,121.43,18.14,28.0,78.6,113.11000000000003,154.22999999999996,12.0,0.0,0.0,0.0
2012-06-15,110,3.34,28.76,22.53,25.65,84.47,330.0,210.0,130.0,110.0,223.33,152.86,9.25,27.62,81.66,94.24000000000002,151.7,13.0,0.0,0.0,0.0
2012-06-16,110,23.22,26.51,23.28,24.9,86.7,110.0,330.0,210.0,110.0,216.67,152.86,3.34,28.76,84.47,30.73000000000003,136.39999999999998,14.0,0.0,0.0,0.0
2012-06-17,90,95.43,25.09,23.03,24.06,90.56,110.0,110.0,330.0,90.0,183.33,152.86,23.22,26.51,86.7,35.81000000000003,150.90999999999997,15.0,0.0,0.0,0.0
2012-06-18,110,86.82,26.04,23.62,24.83,93.28,90.0,110.0,110.0,90.0,103.33,152.86,95.43,25.09,90.56,121.99000000000004,244.34999999999997,16.0,1.0,0.0,0.0
2012-06-19,110,34.98,25.96,23.86,24.91,92.09,110.0,90.0,110.0,130.0,103.33,155.71,86.82,26.04,93.28,205.47000000000003,303.04999999999995,17.0,1.0,0.0,1.0
2012-06-20,110,27.39,26.64,23.8,25.22,88.95,110.0,110.0,90.0,210.0,103.33,152.86,34.98,25.96,92.09,217.23000000000002,271.17999999999995,18.0,0.0,0.0,0.0
2012-06-21,150,23.2,26.99,23.19,25.09,88.36,110.0,110.0,110.0,330.0,110.0,138.57,27.39,26.64,88.95,149.19000000000003,280.43,19.0,0.0,0.0,0.0
2012-06-22,190,11.18,26.6,23.1,24.85,88.73,150.0,110.0,110.0,110.0,123.33,112.86,23.2,26.99,88.36,85.57000000000002,294.38,20.0,0.0,0.0,0.0
2012-06-23,2909,12.22,27.08,23.38,25.23,88.0,190.0,150.0,110.0,110.0,150.0,124.29,11.18,26.6,88.73,61.770000000000024,302.21999999999997,21.0,0.0,0.0,0.0
2012-06-24,150,33.47,27.33,23.41,25.37,87.46,2909.0,190.0,150.0,90.0,1083.0,524.14,12.22,27.08,88.0,46.60000000000003,291.21999999999997,22.0,0.0,0.0,0.0
2012-06-25,190,8.82,27.52,23.54,25.53,88.56,150.0,2909.0,190.0,110.0,1083.0,532.71,33.47,27.33,87.46,56.87000000000003,229.26,23.0,0.0,0.0,0.0
2012-06-26,170,32.52,26.74,22.7,24.72,87.3,190.0,150.0,2909.0,110.0,1083.0,544.14,8.82,27.52,88.56,54.51000000000003,151.26,24.0,0.0,0.0,0.0
2012-06-27,270,26.11,25.78,22.34,24.06,87.52,170.0,190.0,150.0,110.0,170.0,552.71,32.52,26.74,87.3,74.81000000000003,148.79999999999995,25.0,0.0,0.0,0.0
2012-06-28,350,33.73,25.82,22.08,23.95,87.15,270.0,170.0,190.0,150.0,210.0,575.57,26.11,25.78,87.52,67.45000000000005,147.51999999999998,26.0,0.0,0.0,0.0
2012-06-29,210,62.0,25.24,22.46,23.85,90.17,350.0,270.0,170.0,190.0,263.33,604.14,33.73,25.82,87.15,92.36000000000004,158.04999999999998,27.0,0.0,0.0,0.0
2012-06-30,250,18.8,25.18,22.1,23.64,90.12,210.0,350.0,270.0,2909.0,276.67,607.0,62.0,25.24,90.17,121.84000000000003,208.86999999999998,28.0,1.0,0.0,0.0
2012-07-01,150,52.39,25.02,22.5,23.76,90.46,250.0,210.0,350.0,150.0,270.0,227.14,18.8,25.18,90.12,114.53000000000003,215.44999999999996,29.0,0.0,0.0,0.0
2012-07-02,150,60.17,25.23,23.59,24.41,93.3,150.0,250.0,210.0,190.0,203.33,227.14,52.39,25.02,90.46,133.19000000000005,234.36999999999998,30.0,1.0,0.0,0.0
2012-07-03,90,17.42,25.99,23.04,24.51,91.4,150.0,150.0,250.0,170.0,183.33,221.43,60.17,25.23,93.3,131.36000000000004,285.71999999999997,31.0,1.0,0.0,1.0
2012-07-04,90,11.67,26.24,22.28,24.26,88.85,90.0,150.0,150.0,270.0,130.0,210.0,17.42,25.99,91.4,129.98000000000002,270.62,32.0,0.0,0.0,0.0
2012-07-05,90,4.04,27.02,22.68,24.85,89.37,90.0,90.0,150.0,350.0,110.0,184.29,11.67,26.24,88.85,89.26000000000003,256.17999999999995,33.0,0.0,0.0,0.0
2012-07-06,90,5.68,26.97,23.31,25.14,88.82,90.0,90.0,90.0,210.0,90.0,147.14,4.04,27.02,89.37,33.13000000000003,226.48999999999998,34.0,0.0,0.0,0.0
2012-07-07,90,17.76,26.65,23.38,25.01,89.74,90.0,90.0,90.0,250.0,90.0,130.0,5.68,26.97,88.82,21.39000000000003,170.16999999999996,35.0,0.0,0.0,0.0
2012-07-08,110,22.44,27.34,23.5,25.42,89.49,90.0,90.0,90.0,150.0,90.0,107.14,17.76,26.65,89.74,27.480000000000032,169.13,36.0,0.0,0.0,0.0
2012-07-09,90,45.1,26.76,24.02,25.39,91.75,110.0,90.0,90.0,150.0,96.67,101.43,22.44,27.34,89.49,45.88000000000003,139.17999999999998,37.0,0.0,0.0,0.0
2012-07-10,130,44.9,26.02,22.2,24.11,90.86,90.0,110.0,90.0,90.0,96.67,92.86,45.1,26.76,91.75,85.30000000000004,124.10999999999999,38.0,1.0,0.0,0.0
2012-07-11,330,19.6,25.52,22.52,24.02,91.54,130.0,90.0,110.0,90.0,110.0,98.57,44.9,26.02,90.86,112.44000000000003,151.58999999999997,39.0,1.0,0.0,0.0
2012-07-12,330,16.52,25.52,22.84,24.18,90.5,330.0,130.0,90.0,90.0,183.33,132.86,19.6,25.52,91.54,109.60000000000002,159.51999999999998,40.0,0.0,0.0,0.0
2012-07-13,210,12.56,27.01,22.81,24.91,88.92,330.0,330.0,130.0,90.0,263.33,167.14,16.52,25.52,90.5,81.02000000000004,171.99999999999997,41.0,0.0,0.0,0.0
2012-07-14,420,18.29,25.9,23.34,24.62,90.47,210.0,330.0,330.0,90.0,290.0,184.29,12.56,27.01,88.92,48.68000000000003,178.88,42.0,0.0,0.0,0.0
2012-07-15,520,27.13,26.24,23.34,24.79,89.56,420.0,210.0,330.0,110.0,320.0,231.43,18.29,25.9,90.47,47.370000000000026,179.40999999999997,43.0,0.0,0.0,0.0
2012-07-16,520,12.36,26.58,22.7,24.64,89.14,520.0,420.0,210.0,90.0,383.33,290.0,27.13,26.24,89.56,57.980000000000025,184.09999999999997,44.0,0.0,0.0,0.0
2012-07-17,330,12.8,25.99,22.37,24.18,88.01,520.0,520.0,420.0,130.0,486.67,351.43,12.36,26.58,89.14,57.78000000000002,151.35999999999999,45.0,0.0,0.0,0.0
2012-07-18,350,11.46,25.58,22.42,24.0,90.07,330.0,520.0,520.0,330.0,456.67,380.0,12.8,25.99,88.01,52.29000000000002,119.25999999999996,46.0,0.0,0.0,0.0
2012-07-19,620,7.17,26.44,23.16,24.8,90.02,350.0,330.0,520.0,330.0,400.0,382.86,11.46,25.58,90.07,36.620000000000026,111.11999999999998,47.0,0.0,0.0,0.0
2012-07-20,310,10.98,25.78,23.78,24.78,91.34,620.0,350.0,330.0,210.0,433.33,424.29,7.17,26.44,90.02,31.430000000000028,101.76999999999997,48.0,0.0,0.0,0.0
2012-07-21,420,28.98,25.75,23.67,24.71,91.04,310.0,620.0,350.0,420.0,426.67,438.57,10.98,25.78,91.34,29.610000000000028,100.18999999999997,49.0,0.0,0.0,0.0
2012-07-22,460,22.69,25.86,23.5,24.68,91.49,420.0,310.0,620.0,520.0,450.0,438.57,28.98,25.75,91.04,47.130000000000024,110.87999999999997,50.0,0.0,0.0,0.0
2012-07-23,290,21.94,26.04,23.24,24.64,90.85,460.0,420.0,310.0,520.0,396.67,430.0,22.69,25.86,91.49,62.65000000000002,106.43999999999998,51.0,0.0,0.0,0.0
2012-07-24,170,13.17,26.43,22.89,24.66,90.09,290.0,460.0,420.0,330.0,390.0,397.14,21.94,26.04,90.85,73.61000000000003,116.01999999999998,52.0,0.0,0.0,0.0
2012-07-25,230,19.01,26.53,23.37,24.95,91.3,170.0,290.0,460.0,350.0,306.67,374.29,13.17,26.43,90.09,57.800000000000026,116.38999999999997,53.0,0.0,0.0,0.0
2012-07-26,290,22.51,25.94,23.46,24.7,91.63,230.0,170.0,290.0,620.0,230.0,357.14,19.01,26.53,91.3,54.120000000000026,123.93999999999997,54.0,0.0,0.0,0.0
2012-07-27,230,8.32,25.83,23.01,24.42,91.8,290.0,230.0,170.0,310.0,230.0,310.0,22.51,25.94,91.63,54.690000000000026,139.27999999999997,55.0,0.0,0.0,0.0
2012-07-28,210,11.61,26.06,23.04,24.55,90.83,230.0,290.0,230.0,420.0,250.0,298.57,8.32,25.83,91.8,49.84000000000002,136.61999999999998,56.0,0.0,0.0,0.0
2012-07-29,130,5.44,26.35,22.97,24.66,89.35,210.0,230.0,290.0,460.0,243.33,268.57,11.61,26.06,90.83,42.440000000000026,119.24999999999997,57.0,0.0,0.0,0.0
2012-07-30,150,4.36,26.28,22.86,24.57,88.77,130.0,210.0,230.0,290.0,190.0,221.43,5.44,26.35,89.35,25.370000000000022,101.99999999999997,58.0,0.0,0.0,0.0
2012-07-31,130,14.01,26.51,22.74,24.62,87.21,150.0,130.0,210.0,170.0,163.33,201.43,4.36,26.28,88.77,21.41000000000002,84.41999999999997,59.0,0.0,0.0,0.0
2012-08-01,110,5.83,26.63,22.65,24.64,86.41,130.0,150.0,130.0,230.0,136.67,195.71,14.01,26.51,87.21,23.810000000000024,85.25999999999998,60.0,0.0,0.0,0.0
2012-08-02,190,9.48,26.58,22.74,24.66,87.64,110.0,130.0,150.0,290.0,130.0,178.57,5.83,26.63,86.41,24.20000000000002,72.07999999999997,61.0,0.0,0.0,0.0
2012-08-03,130,16.55,26.04,23.02,24.53,89.76,190.0,110.0,130.0,230.0,143.33,164.29,9.48,26.58,87.64,29.32000000000002,59.049999999999976,62.0,0.0,0.0,0.0
2012-08-04,70,7.68,25.36,22.78,24.07,91.27,130.0,190.0,110.0,210.0,143.33,150.0,16.55,26.04,89.76,31.86000000000002,67.27999999999997,63.0,0.0,0.0,0.0
2012-08-05,90,22.17,25.8,22.7,24.25,90.93,70.0,130.0,190.0,130.0,130.0,130.0,7.68,25.36,91.27,33.71000000000002,63.34999999999998,64.0,0.0,0.0,0.0
2012-08-06,70,41.25,25.72,22.62,24.17,90.38,90.0,70.0,130.0,150.0,96.67,124.29,22.17,25.8,90.93,46.40000000000002,80.07999999999997,65.0,0.0,0.0,0.0
2012-08-07,70,47.25,25.44,23.06,24.25,90.35,70.0,90.0,70.0,130.0,76.67,112.86,41.25,25.72,90.38,71.10000000000002,116.96999999999997,66.0,0.0,0.0,0.0
2012-08-08,110,49.61,25.52,23.12,24.32,90.96,70.0,70.0,90.0,110.0,76.67,104.29,47.25,25.44,90.35,110.67000000000002,150.20999999999998,67.0,1.0,0.0,0.0
2012-08-09,130,71.82,24.93,22.91,23.92,91.68,110.0,70.0,70.0,190.0,83.33,104.29,49.61,25.52,90.96,138.11,193.98999999999998,68.0,1.0,0.0,0.0
2012-08-10,130,92.21,25.25,23.51,24.38,93.07,130.0,110.0,70.0,130.0,103.33,95.71,71.82,24.93,91.68,168.68,256.3299999999999,69.0,1.0,0.0,0.0
2012-08-11,170,77.86,24.93,23.39,24.16,92.77,130.0,130.0,110.0,70.0,123.33,95.71,92.21,25.25,93.07,213.64,331.98999999999995,70.0,1.0,0.0,1.0
2012-08-12,110,48.56,25.55,22.57,24.06,91.36,170.0,130.0,130.0,90.0,143.33,110.0,77.86,24.93,92.77,241.89,402.16999999999996,71.0,1.0,0.0,1.0
2012-08-13,170,7.81,25.04,21.98,23.51,91.06,110.0,170.0,130.0,70.0,136.67,112.86,48.56,25.55,91.36,218.63,428.55999999999995,72.0,1.0,0.0,0.0
2012-08-14,210,8.23,26.65,22.1,24.38,88.96,170.0,110.0,170.0,70.0,150.0,127.14,7.81,25.04,91.06,134.23000000000002,395.11999999999995,73.0,0.0,0.0,0.0
2012-08-15,210,4.72,26.22,22.62,24.42,90.24,210.0,170.0,110.0,110.0,163.33,147.14,8.23,26.65,88.96,64.60000000000002,356.09999999999997,74.0,0.0,0.0,0.0
2012-08-16,420,20.59,26.34,22.8,24.57,89.99,210.0,210.0,170.0,130.0,196.67,161.43,4.72,26.22,90.24,20.760000000000012,311.21,75.0,0.0,0.0,0.0
2012-08-17,370,43.29,26.26,22.96,24.61,90.2,420.0,210.0,210.0,130.0,280.0,202.86,20.59,26.34,89.99,33.54000000000001,259.97999999999996,76.0,0.0,0.0,0.0
2012-08-18,370,29.96,25.46,23.1,24.28,90.52,370.0,420.0,210.0,170.0,333.33,237.14,43.29,26.26,90.2,68.60000000000001,211.06,77.0,1.0,0.0,0.0
2012-08-19,460,4.69,25.56,22.42,23.99,90.01,370.0,370.0,420.0,110.0,386.67,265.71,29.96,25.46,90.52,93.84000000000002,163.15999999999997,78.0,0.0,0.0,0.0
2012-08-20,230,5.99,26.72,22.22,24.47,88.82,460.0,370.0,370.0,170.0,400.0,315.71,4.69,25.56,90.01,77.94000000000001,119.28999999999998,79.0,0.0,0.0,0.0
2012-08-21,280,1.84,26.4,22.58,24.49,89.08,230.0,460.0,370.0,210.0,353.33,324.29,5.99,26.72,88.82,40.64000000000002,117.46999999999997,80.0,0.0,0.0,0.0
2012-08-22,330,4.34,26.51,22.2,24.35,89.51,280.0,230.0,460.0,210.0,323.33,334.29,1.84,26.4,89.08,12.520000000000023,111.07999999999998,81.0,0.0,0.0,0.0
2012-08-23,330,13.79,27.54,21.99,24.76,84.0,330.0,280.0,230.0,420.0,280.0,351.43,4.34,26.51,89.51,12.170000000000021,110.69999999999997,82.0,0.0,0.0,0.0
2012-08-24,330,7.38,28.14,22.64,25.39,85.1,330.0,330.0,280.0,370.0,313.33,338.57,13.79,27.54,84.0,19.97000000000002,103.89999999999998,83.0,0.0,0.0,0.0
2012-08-25,420,91.51,25.45,22.61,24.03,92.12,330.0,330.0,330.0,370.0,330.0,332.86,7.38,28.14,85.1,25.51000000000002,67.98999999999997,84.0,0.0,0.0,0.0
2012-08-26,250,71.45,24.78,22.78,23.78,91.08,420.0,330.0,330.0,460.0,360.0,340.0,91.51,25.45,92.12,112.68000000000002,129.53999999999996,85.0,1.0,0.0,0.0
2012-08-27,420,43.95,25.59,23.03,24.31,90.78,250.0,420.0,330.0,230.0,333.33,310.0,71.45,24.78,91.08,170.34000000000003,196.29999999999998,86.0,1.0,0.0,0.0
2012-08-28,520,55.14,26.1,23.22,24.66,90.4,420.0,250.0,420.0,280.0,363.33,337.14,43.95,25.59,90.78,206.91000000000003,234.26,87.0,1.0,0.0,0.0
2012-08-29,520,42.15,24.84,23.38,24.11,93.57,520.0,420.0,250.0,330.0,396.67,371.43,55.14,26.1,90.4,170.54000000000002,287.55999999999995,88.0,1.0,0.0,0.0
2012-08-30,520,60.75,25.3,22.94,24.12,92.52,520.0,520.0,420.0,330.0,486.67,398.57,42.15,24.84,93.57,141.24,325.37,89.0,0.0,0.0,1.0
2012-08-31,820,40.67,24.52,22.48,23.5,92.26,520.0,520.0,520.0,330.0,520.0,425.71,60.75,25.3,92.52,158.04000000000002,372.33,90.0,1.0,0.0,1.0
2012-09-01,820,31.23,25.08,22.58,23.83,91.84,820.0,520.0,520.0,420.0,620.0,495.71,40.67,24.52,92.26,143.57000000000002,405.62,91.0,0.0,0.0,0.0
2012-09-02,820,28.35,26.5,23.14,24.82,91.09,820.0,820.0,520.0,250.0,720.0,552.86,31.23,25.08,91.84,132.65,345.34,92.0,0.0,0.0,0.0
2012-09-03,420,60.35,25.34,23.4,24.37,93.5,820.0,820.0,820.0,420.0,820.0,634.29,28.35,26.5,91.09,100.25000000000001,302.24,93.0,0.0,0.0,0.0
2012-09-04,330,36.91,25.17,23.53,24.35,92.96,420.0,820.0,820.0,520.0,686.67,634.29,60.35,25.34,93.5,119.93,318.64,94.0,1.0,0.0,1.0
2012-09-05,420,11.46,25.46,23.1,24.28,91.99,330.0,420.0,820.0,520.0,523.33,607.14,36.91,25.17,92.96,125.61000000000001,300.40999999999997,95.0,0.0,0.0,1.0
2012-09-06,820,15.07,26.16,22.96,24.56,91.48,420.0,330.0,420.0,520.0,390.0,592.86,11.46,25.46,91.99,108.72000000000001,269.71999999999997,96.0,0.0,0.0,0.0
2012-09-07,820,13.71,26.06,22.78,24.42,91.68,820.0,420.0,330.0,820.0,523.33,635.71,15.07,26.16,91.48,63.440000000000005,224.03999999999996,97.0,0.0,0.0,0.0
2012-09-08,820,8.99,26.18,22.74,24.46,91.95,820.0,820.0,420.0,820.0,686.67,635.71,13.71,26.06,91.68,40.24000000000001,197.07999999999998,98.0,0.0,0.0,0.0
2012-09-09,620,11.47,25.89,22.65,24.27,92.19,820.0,820.0,820.0,820.0,820.0,635.71,8.99,26.18,91.95,37.77000000000001,174.83999999999995,99.0,0.0,0.0,0.0
2012-09-10,660,14.74,24.63,22.75,23.69,93.76,620.0,820.0,820.0,420.0,753.33,607.14,11.47,25.89,92.19,34.17000000000001,157.95999999999998,100.0,0.0,0.0,0.0
2012-09-11,520,10.96,25.26,21.92,23.59,91.53,660.0,620.0,820.0,330.0,700.0,641.43,14.74,24.63,93.76,35.20000000000001,112.34999999999997,101.0,0.0,0.0,1.0
2012-09-12,310,14.56,25.66,22.46,24.06,92.27,520.0,660.0,620.0,420.0,600.0,668.57,10.96,25.26,91.53,37.17000000000001,86.39999999999998,102.0,0.0,0.0,0.0
2012-09-13,270,6.6,26.32,22.46,24.39,89.61,310.0,520.0,660.0,820.0,496.67,652.86,14.56,25.66,92.27,40.260000000000005,89.49999999999997,103.0,0.0,0.0,0.0
2012-09-14,230,11.0,26.64,22.5,24.57,89.82,270.0,310.0,520.0,820.0,366.67,574.29,6.6,26.32,89.61,32.120000000000005,81.02999999999997,104.0,0.0,0.0,0.0
2012-09-15,230,7.04,26.49,22.67,24.58,89.08,230.0,270.0,310.0,820.0,270.0,490.0,11.0,26.64,89.82,32.160000000000004,78.31999999999996,105.0,0.0,0.0,0.0
2012-09-16,270,6.89,26.68,22.68,24.68,88.52,230.0,230.0,270.0,620.0,243.33,405.71,7.04,26.49,89.08,24.640000000000008,76.36999999999998,106.0,0.0,0.0,0.0
2012-09-17,350,11.3,26.88,22.4,24.64,87.94,270.0,230.0,230.0,660.0,243.33,355.71,6.89,26.68,88.52,24.930000000000007,71.78999999999998,107.0,0.0,0.0,0.0
2012-09-18,290,32.4,26.76,22.26,24.51,87.05,350.0,270.0,230.0,520.0,283.33,311.43,11.3,26.88,87.94,25.230000000000008,68.34999999999997,108.0,0.0,0.0,0.0
2012-09-19,230,1.83,27.38,21.78,24.58,84.93,290.0,350.0,270.0,310.0,303.33,278.57,32.4,26.76,87.05,50.59,89.78999999999996,109.0,0.0,0.0,0.0
2012-09-20,230,0.0,27.22,21.74,24.48,84.22,230.0,290.0,350.0,270.0,290.0,267.14,1.83,27.38,84.93,45.53000000000001,77.05999999999997,110.0,0.0,0.0,0.0
2012-09-21,230,0.0,27.39,21.61,24.5,83.21,230.0,230.0,290.0,230.0,250.0,261.43,0.0,27.22,84.22,34.230000000000004,70.45999999999998,0.0,0.0,0.0,0.0
2012-09-22,520,0.0,26.35,21.31,23.83,85.34,230.0,230.0,230.0,230.0,230.0,261.43,0.0,27.39,83.21,1.8300000000000143,59.45999999999997,0.0,0.0,0.0,0.0
2012-09-23,230,0.0,27.26,20.96,24.11,83.97,520.0,230.0,230.0,270.0,326.67,302.86,0.0,26.35,85.34,0.0,52.41999999999997,0.0,0.0,0.0,0.0
2012-09-24,250,0.01,26.37,21.03,23.7,85.67,230.0,520.0,230.0,350.0,326.67,297.14,0.0,27.26,83.97,0.0,45.52999999999997,0.0,0.0,0.0,0.0
2012-09-25,210,0.0,27.32,21.22,24.27,85.54,250.0,230.0,520.0,290.0,333.33,282.86,0.01,26.37,85.67,0.010000000000014211,34.239999999999974,0.0,0.0,0.0,0.0
2012-09-26,420,0.0,27.92,21.74,24.83,85.45,210.0,250.0,230.0,230.0,230.0,271.43,0.0,27.32,85.54,0.010000000000014211,1.8399999999999717,0.0,0.0,0.0,0.0
2012-09-27,520,0.21,27.29,22.56,24.92,86.11,420.0,210.0,250.0,230.0,293.33,298.57,0.0,27.92,85.45,0.010000000000014211,0.009999999999971578,0.0,0.0,0.0,0.0
2012-09-28,540,1.6,26.94,22.7,24.82,87.7,520.0,420.0,210.0,230.0,383.33,340.0,0.21,27.29,86.11,0.2100000000000142,0.21999999999997158,0.0,0.0,0.0,0.0
2012-09-29,610,1.36,26.98,22.44,24.71,87.06,540.0,520.0,420.0,520.0,493.33,384.29,1.6,26.94,87.7,1.8100000000000143,1.8199999999999716,1.0,0.0,0.0,0.0
2012-09-30,270,25.22,25.83,22.61,24.22,89.59,610.0,540.0,520.0,230.0,556.67,397.14,1.36,26.98,87.06,3.170000000000014,3.1799999999999717,2.0,0.0,0.0,0.0
2012-10-01,270,9.89,26.55,22.43,24.49,88.7,270.0,610.0,540.0,250.0,473.33,402.86,25.22,25.83,89.59,28.180000000000014,28.39999999999997,3.0,0.0,0.0,0.0
2012-10-02,130,40.52,25.25,22.63,23.94,92.46,270.0,270.0,610.0,210.0,383.33,405.71,9.89,26.55,88.7,36.47000000000001,38.27999999999997,4.0,0.0,0.0,0.0
2012-10-03,150,19.35,26.36,22.28,24.32,87.56,130.0,270.0,270.0,420.0,223.33,394.29,40.52,25.25,92.46,75.63000000000002,78.79999999999997,5.0,0.0,0.0,1.0
2012-10-04,170,18.46,26.26,22.3,24.28,88.57,150.0,130.0,270.0,520.0,183.33,355.71,19.35,26.36,87.56,69.76000000000002,98.14999999999998,6.0,0.0,0.0,0.0
2012-10-05,130,2.2,27.38,22.24,24.81,87.25,170.0,150.0,130.0,540.0,150.0,305.71,18.46,26.26,88.57,78.33000000000001,116.39999999999998,7.0,0.0,0.0,0.0
2012-10-06,90,0.09,27.83,22.51,25.17,85.39,130.0,170.0,150.0,610.0,150.0,247.14,2.2,27.38,87.25,40.01000000000002,116.99999999999997,8.0,0.0,0.0,0.0
2012-10-07,110,0.0,27.66,22.5,25.08,86.54,90.0,130.0,170.0,270.0,130.0,172.86,0.09,27.83,85.39,20.750000000000014,115.72999999999998,0.0,0.0,0.0,0.0
2012-10-08,170,6.34,28.59,22.21,25.4,83.78,110.0,90.0,130.0,270.0,110.0,150.0,0.0,27.66,86.54,2.2900000000000142,90.50999999999998,0.0,0.0,0.0,0.0
2012-10-09,90,6.46,27.74,22.62,25.18,86.45,170.0,110.0,90.0,130.0,123.33,135.71,6.34,28.59,83.78,6.430000000000014,86.95999999999997,1.0,0.0,0.0,0.0
2012-10-10,90,0.76,28.79,21.97,25.38,82.75,90.0,170.0,110.0,150.0,123.33,130.0,6.46,27.74,86.45,12.800000000000015,52.89999999999998,2.0,0.0,0.0,0.0
2012-10-11,170,0.05,29.32,20.72,25.02,76.38,90.0,90.0,170.0,170.0,116.67,121.43,0.76,28.79,82.75,13.560000000000015,34.309999999999974,0.0,0.0,0.0,0.0
2012-10-12,150,0.02,30.17,20.11,25.14,75.71,170.0,90.0,90.0,130.0,116.67,121.43,0.05,29.32,76.38,7.270000000000014,15.899999999999972,0.0,0.0,0.0,0.0
2012-10-13,190,0.02,28.61,21.13,24.87,81.17,150.0,170.0,90.0,90.0,136.67,124.29,0.02,30.17,75.71,0.8300000000000142,13.71999999999997,0.0,0.0,0.0,0.0
2012-10-14,250,12.56,28.4,22.74,25.57,78.38,190.0,150.0,170.0,110.0,170.0,138.57,0.02,28.61,81.17,0.09000000000001421,13.64999999999997,0.0,0.0,0.0,0.0
2012-10-15,250,2.85,27.74,22.26,25.0,83.41,250.0,190.0,150.0,170.0,196.67,158.57,12.56,28.4,78.38,12.600000000000014,26.209999999999972,1.0,0.0,0.0,0.0
2012-10-16,420,0.05,28.52,21.34,24.93,78.74,250.0,250.0,190.0,90.0,230.0,170.0,2.85,27.74,83.41,15.430000000000014,22.71999999999997,2.0,0.0,0.0,0.0
2012-10-17,420,0.0,29.29,20.93,25.11,76.0,420.0,250.0,250.0,90.0,306.67,217.14,0.05,28.52,78.74,15.460000000000015,16.30999999999997,0.0,0.0,0.0,0.0
2012-10-18,440,0.0,29.44,21.08,25.26,71.24,420.0,420.0,250.0,170.0,363.33,264.29,0.0,29.29,76.0,2.900000000000014,15.549999999999972,0.0,0.0,0.0,0.0
2012-10-19,560,1.51,29.75,22.47,26.11,77.06,440.0,420.0,420.0,150.0,426.67,302.86,0.0,29.44,71.24,0.050000000000014214,15.499999999999972,0.0,0.0,0.0,0.0
2012-10-20,720,7.85,29.08,21.32,25.2,79.7,560.0,440.0,420.0,190.0,473.33,361.43,1.51,29.75,77.06,1.5100000000000142,16.989999999999974,1.0,0.0,0.0,0.0
2012-10-21,820,7.08,26.52,21.18,23.85,86.51,720.0,560.0,440.0,250.0,573.33,437.14,7.85,29.08,79.7,9.360000000000014,24.819999999999972,2.0,0.0,0.0,0.0
2012-10-22,820,10.6,28.49,22.26,25.38,85.92,820.0,720.0,560.0,250.0,700.0,518.57,7.08,26.52,86.51,16.440000000000012,19.33999999999997,3.0,0.0,0.0,0.0
2012-10-23,820,0.16,28.72,22.12,25.42,79.33,820.0,820.0,720.0,420.0,786.67,600.0,10.6,28.49,85.92,25.530000000000015,27.089999999999968,4.0,0.0,0.0,0.0
2012-10-24,820,0.0,28.79,23.13,25.96,77.65,820.0,820.0,820.0,420.0,820.0,657.14,0.16,28.72,79.33,17.84000000000001,27.19999999999997,0.0,0.0,0.0,0.0
2012-10-25,820,0.0,28.28,22.78,25.53,82.8,820.0,820.0,820.0,440.0,820.0,714.29,0.0,28.79,77.65,10.760000000000014,27.19999999999997,0.0,0.0,0.0,0.0
2012-10-26,820,0.1,28.28,22.54,25.41,81.9,820.0,820.0,820.0,560.0,820.0,768.57,0.0,28.28,82.8,0.16000000000001421,27.19999999999997,0.0,0.0,0.0,0.0
2012-10-27,820,0.01,29.3,21.34,25.32,74.69,820.0,820.0,820.0,720.0,820.0,805.71,0.1,28.28,81.9,0.10000000000001422,25.78999999999997,0.0,0.0,0.0,0.0
2012-10-28,820,0.0,28.65,20.73,24.69,73.09,820.0,820.0,820.0,820.0,820.0,820.0,0.01,29.3,74.69,0.11000000000001421,17.94999999999997,0.0,0.0,0.0,0.0
2012-10-29,820,0.03,29.44,21.03,25.24,75.59,820.0,820.0,820.0,820.0,820.0,820.0,0.0,28.65,73.09,0.11000000000001421,10.86999999999997,0.0,0.0,0.0,0.0
2012-10-30,660,0.0,28.1,21.98,25.04,76.02,820.0,820.0,820.0,820.0,820.0,820.0,0.03,29.44,75.59,0.04000000000001421,0.29999999999997157,0.0,0.0,0.0,0.0
2012-10-31,820,15.39,28.34,21.76,25.05,78.08,660.0,820.0,820.0,820.0,766.67,797.14,0.0,28.1,76.02,0.03000000000001421,0.1399999999999716,0.0,0.0,0.0,0.0
2012-11-01,820,34.78,24.08,22.62,23.35,93.31,820.0,660.0,820.0,820.0,766.67,797.14,15.39,28.34,78.08,15.420000000000014,15.529999999999973,1.0,0.0,0.0,0.0
2012-11-02,620,22.49,24.51,22.28,23.4,89.28,820.0,820.0,660.0,820.0,766.67,797.14,34.78,24.08,93.31,50.170000000000016,50.309999999999974,2.0,0.0,0.0,1.0
2012-11-03,330,10.21,26.24,21.88,24.06,85.65,620.0,820.0,820.0,820.0,753.33,768.57,22.49,24.51,89.28,72.66000000000001,72.69999999999997,3.0,0.0,0.0,0.0
2012-11-04,370,8.46,26.95,22.13,24.54,87.52,330.0,620.0,820.0,820.0,590.0,698.57,10.21,26.24,85.65,67.48000000000002,82.89999999999996,4.0,0.0,0.0,0.0
2012-11-05,270,4.13,25.6,22.64,24.12,91.47,370.0,330.0,620.0,820.0,440.0,634.29,8.46,26.95,87.52,41.16000000000001,91.35999999999997,5.0,0.0,0.0,0.0
2012-11-06,170,2.56,27.99,22.19,25.09,84.3,270.0,370.0,330.0,660.0,323.33,555.71,4.13,25.6,91.47,22.800000000000015,95.45999999999998,6.0,0.0,0.0,0.0
2012-11-07,210,0.14,27.99,22.66,25.33,85.97,170.0,270.0,370.0,820.0,270.0,485.71,2.56,27.99,84.3,15.150000000000015,98.01999999999998,7.0,0.0,0.0,0.0
2012-11-08,230,0.46,28.13,23.15,25.64,85.1,210.0,170.0,270.0,820.0,216.67,398.57,0.14,27.99,85.97,6.830000000000014,82.76999999999997,0.0,0.0,0.0,0.0
2012-11-09,250,0.03,26.15,21.79,23.97,86.96,230.0,210.0,170.0,620.0,203.33,314.29,0.46,28.13,85.1,3.1600000000000144,48.449999999999974,0.0,0.0,0.0,0.0
2012-11-10,420,5.01,28.9,21.64,25.27,80.03,250.0,230.0,210.0,330.0,230.0,261.43,0.03,26.15,86.96,0.6300000000000142,25.989999999999974,0.0,0.0,0.0,0.0
2012-11-11,270,0.62,28.99,21.79,25.39,79.95,420.0,250.0,230.0,370.0,300.0,274.29,5.01,28.9,80.03,5.500000000000014,20.78999999999997,1.0,0.0,0.0,0.0
2012-11-12,520,12.12,28.04,21.66,24.85,81.65,270.0,420.0,250.0,270.0,313.33,260.0,0.62,28.99,79.95,5.660000000000014,12.94999999999997,0.0,0.0,0.0,0.0
2012-11-13,310,0.57,29.08,19.3,24.19,78.06,520.0,270.0,420.0,170.0,403.33,295.71,12.12,28.04,81.65,17.750000000000014,20.93999999999997,1.0,0.0,0.0,0.0
2012-11-14,310,0.0,27.37,16.69,22.03,72.3,310.0,520.0,270.0,210.0,366.67,315.71,0.57,29.08,78.06,13.310000000000013,18.949999999999967,0.0,0.0,0.0,0.0
2012-11-15,460,0.0,26.96,16.56,21.76,67.64,310.0,310.0,520.0,230.0,380.0,330.0,0.0,27.37,72.3,12.690000000000014,18.80999999999997,0.0,0.0,0.0,0.0
2012-11-16,820,0.0,27.61,17.47,22.54,65.19,460.0,310.0,310.0,250.0,360.0,362.86,0.0,26.96,67.64,0.5700000000000142,18.34999999999997,0.0,0.0,0.0,0.0
2012-11-17,820,0.0,28.04,17.7,22.87,61.61,820.0,460.0,310.0,420.0,530.0,444.29,0.0,27.61,65.19,0.0,18.31999999999997,0.0,0.0,0.0,0.0
2012-11-18,420,0.0,27.67,17.77,22.72,58.74,820.0,820.0,460.0,270.0,700.0,501.43,0.0,28.04,61.61,0.0,13.30999999999997,0.0,0.0,0.0,0.0
2012-11-19,250,0.0,28.52,17.88,23.2,62.28,420.0,820.0,820.0,520.0,686.67,522.86,0.0,27.67,58.74,0.0,12.689999999999971,0.0,0.0,0.0,0.0
2012-11-20,290,0.0,28.84,19.06,23.95,67.91,250.0,420.0,820.0,310.0,496.67,484.29,0.0,28.52,62.28,0.0,0.5699999999999715,0.0,0.0,0.0,0.0
2012-11-21,350,0.0,28.36,20.32,24.34,76.96,290.0,250.0,420.0,310.0,320.0,481.43,0.0,28.84,67.91,0.0,0.0,0.0,0.0,0.0,0.0
2012-11-22,820,0.0,29.44,21.38,25.41,78.66,350.0,290.0,250.0,460.0,296.67,487.14,0.0,28.36,76.96,0.0,0.0,0.0,0.0,0.0,0.0
2012-11-23,420,0.0,29.23,21.81,25.52,84.29,820.0,350.0,290.0,820.0,486.67,538.57,0.0,29.44,78.66,0.0,0.0,0.0,0.0,0.0,0.0
2012-11-24,460,2.93,29.16,21.8,25.48,82.1,420.0,820.0,350.0,820.0,530.0,481.43,0.0,29.23,84.29,0.0,0.0,0.0,0.0,0.0,0.0
2012-11-25,460,0.15,29.64,20.88,25.26,78.65,460.0,420.0,820.0,420.0,566.67,430.0,2.93,29.16,82.1,2.9300000000000144,2.9299999999999717,1.0,0.0,0.0,0.0
2012-11-26,370,0.0,29.56,20.38,24.97,76.67,460.0,460.0,420.0,250.0,446.67,435.71,0.15,29.64,78.65,3.0800000000000143,3.0799999999999716,0.0,0.0,0.0,0.0
2012-11-27,520,0.0,28.98,19.66,24.32,74.5,370.0,460.0,460.0,290.0,430.0,452.86,0.0,29.56,76.67,3.0800000000000143,3.0799999999999716,0.0,0.0,0.0,0.0
2012-11-28,820,0.0,28.72,18.06,23.39,71.92,520.0,370.0,460.0,350.0,450.0,485.71,0.0,28.98,74.5,0.1500000000000142,3.0799999999999716,0.0,0.0,0.0,0.0
2012-11-29,820,0.0,28.51,18.02,23.26,68.81,820.0,520.0,370.0,820.0,570.0,552.86,0.0,28.72,71.92,0.0,3.0799999999999716,0.0,0.0,0.0,0.0
2012-11-30,820,0.0,28.47,19.23,23.85,73.51,820.0,820.0,520.0,420.0,720.0,552.86,0.0,28.51,68.81,0.0,3.0799999999999716,0.0,0.0,0.0,0.0
2012-12-01,820,0.0,28.12,19.38,23.75,74.31,820.0,820.0,820.0,460.0,820.0,610.0,0.0,28.47,73.51,0.0,3.0799999999999716,0.0,0.0,0.0,0.0
2012-12-02,820,0.0,28.16,18.16,23.16,72.52,820.0,820.0,820.0,460.0,820.0,661.43,0.0,28.12,74.31,0.0,0.14999999999997157,0.0,0.0,0.0,0.0
2012-12-03,820,0.2,29.58,18.94,24.26,73.19,820.0,820.0,820.0,370.0,820.0,712.86,0.0,28.16,72.52,0.0,0.0,0.0,0.0,0.0,0.0
2012-12-04,820,1.64,28.41,22.03,25.22,80.3,820.0,820.0,820.0,520.0,820.0,777.14,0.2,29.58,73.19,0.20000000000001422,0.1999999999999716,0.0,0.0,0.0,0.0
2012-12-05,420,0.02,29.41,22.67,26.04,78.62,820.0,820.0,820.0,820.0,820.0,820.0,1.64,28.41,80.3,1.840000000000014,1.8399999999999714,1.0,0.0,0.0,0.0
2012-12-06,420,0.0,30.12,21.42,25.77,75.1,420.0,820.0,820.0,820.0,686.67,762.86,0.02,29.41,78.62,1.860000000000014,1.8599999999999715,0.0,0.0,0.0,0.0
2012-12-07,420,0.0,28.46,20.9,24.68,71.66,420.0,420.0,820.0,820.0,553.33,705.71,0.0,30.12,75.1,1.6600000000000141,1.8599999999999715,0.0,0.0,0.0,0.0
2012-12-08,820,0.0,28.59,20.69,24.64,74.66,420.0,420.0,420.0,820.0,420.0,648.57,0.0,28.46,71.66,0.02000000000001421,1.8599999999999715,0.0,0.0,0.0,0.0
2012-12-09,330,0.0,28.72,19.57,24.14,78.33,820.0,420.0,420.0,820.0,553.33,648.57,0.0,28.59,74.66,0.0,1.8599999999999715,0.0,0.0,0.0,0.0
2012-12-10,310,0.0,28.94,19.28,24.11,77.01,330.0,820.0,420.0,820.0,523.33,578.57,0.0,28.72,78.33,0.0,1.8599999999999715,0.0,0.0,0.0,0.0
2012-12-11,330,0.0,28.89,19.37,24.13,79.26,310.0,330.0,820.0,820.0,486.67,505.71,0.0,28.94,77.01,0.0,1.6599999999999715,0.0,0.0,0.0,0.0
2012-12-12,370,0.0,28.58,19.3,23.94,79.03,330.0,310.0,330.0,420.0,323.33,435.71,0.0,28.89,79.26,0.0,0.01999999999997158,0.0,0.0,0.0,0.0
2012-12-13,720,0.0,27.68,19.26,23.47,80.26,370.0,330.0,310.0,420.0,336.67,428.57,0.0,28.58,79.03,0.0,0.0,0.0,0.0,0.0,0.0
2012-12-14,820,0.0,28.88,19.44,24.16,75.28,720.0,370.0,330.0,420.0,473.33,471.43,0.0,27.68,80.26,0.0,0.0,0.0,0.0,0.0,0.0
2012-12-15,820,0.0,27.6,17.79,22.7,67.63,820.0,720.0,370.0,820.0,636.67,528.57,0.0,28.88,75.28,0.0,0.0,0.0,0.0,0.0,0.0
2012-12-16,670,0.0,27.3,17.24,22.27,69.02,820.0,820.0,720.0,330.0,786.67,528.57,0.0,27.6,67.63,0.0,0.0,0.0,0.0,0.0,0.0
2012-12-17,370,0.0,27.84,18.02,22.93,71.36,670.0,820.0,820.0,310.0,770.0,577.14,0.0,27.3,69.02,0.0,0.0,0.0,0.0,0.0,0.0
2012-12-18,290,0.0,27.61,18.57,23.09,68.34,370.0,670.0,820.0,330.0,620.0,585.71,0.0,27.84,71.36,0.0,0.0,0.0,0.0,0.0,0.0
2012-12-19,520,0.0,27.58,18.28,22.93,68.15,290.0,370.0,670.0,370.0,443.33,580.0,0.0,27.61,68.34,0.0,0.0,0.0,0.0,0.0,0.0
2012-12-20,390,0.0,29.82,19.33,24.58,70.67,520.0,290.0,370.0,720.0,393.33,601.43,0.0,27.58,68.15,0.0,0.0,0.0,0.0,0.0,0.0
2012-12-21,330,0.0,29.34,19.58,24.46,68.6,390.0,520.0,290.0,820.0,400.0,554.29,0.0,29.82,70.67,0.0,0.0,0.0,0.0,0.0,0.0
2012-12-22,330,0.0,27.06,17.38,22.22,68.17,330.0,390.0,520.0,820.0,413.33,484.29,0.0,29.34,68.6,0.0,0.0,0.0,0.0,0.0,0.0
2012-12-23,210,0.0,29.11,17.67,23.39,71.02,330.0,330.0,390.0,670.0,350.0,414.29,0.0,27.06,68.17,0.0,0.0,0.0,0.0,0.0,0.0
2012-12-24,230,0.0,28.79,18.63,23.71,73.18,210.0,330.0,330.0,370.0,290.0,348.57,0.0,29.11,71.02,0.0,0.0,0.0,0.0,0.0,0.0
2012-12-25,820,0.0,28.55,18.35,23.45,72.24,230.0,210.0,330.0,290.0,256.67,328.57,0.0,28.79,73.18,0.0,0.0,0.0,0.0,0.0,0.0
2012-12-26,820,0.0,28.48,19.08,23.78,70.19,820.0,230.0,210.0,520.0,420.0,404.29,0.0,28.55,72.24,0.0,0.0,0.0,0.0,0.0,0.0
2012-12-27,720,0.0,28.34,18.74,23.54,70.56,820.0,820.0,230.0,390.0,623.33,447.14,0.0,28.48,70.19,0.0,0.0,0.0,0.0,0.0,0.0
2012-12-28,660,0.0,29.64,19.23,24.43,75.77,720.0,820.0,820.0,330.0,786.67,494.29,0.0,28.34,70.56,0.0,0.0,0.0,0.0,0.0,0.0
2012-12-29,820,0.02,30.5,21.54,26.02,76.22,660.0,720.0,820.0,330.0,733.33,541.43,0.0,29.64,75.77,0.0,0.0,0.0,0.0,0.0,0.0
2012-12-30,620,0.0,28.03,22.73,25.38,82.31,820.0,660.0,720.0,210.0,733.33,611.43,0.02,30.5,76.22,0.02000000000001421,0.01999999999997158,0.0,0.0,0.0,0.0
2012-12-31,420,0.0,28.7,22.18,25.44,83.07,620.0,820.0,660.0,230.0,700.0,670.0,0.0,28.03,82.31,0.02000000000001421,0.01999999999997158,0.0,0.0,0.0,0.0
2013-01-01,420,0.0,30.14,20.9,25.52,78.23,420.0,620.0,820.0,820.0,620.0,697.14,0.0,28.7,83.07,0.02000000000001421,0.01999999999997158,0.0,0.0,0.0,0.0
2013-01-02,620,0.0,29.62,19.86,24.74,75.48,420.0,420.0,620.0,820.0,486.67,640.0,0.0,30.14,78.23,0.0,0.01999999999997158,0.0,0.0,0.0,0.0
2013-01-03,560,0.0,29.11,19.89,24.5,78.86,620.0,420.0,420.0,720.0,486.67,611.43,0.0,29.62,75.48,0.0,0.01999999999997158,0.0,0.0,0.0,0.0
2013-01-04,820,0.0,28.62,19.45,24.04,79.09,560.0,620.0,420.0,660.0,533.33,588.57,0.0,29.11,78.86,0.0,0.01999999999997158,0.0,0.0,0.0,0.0
2013-01-05,820,0.0,28.85,19.55,24.2,77.07,820.0,560.0,620.0,820.0,666.67,611.43,0.0,28.62,79.09,0.0,0.01999999999997158,0.0,0.0,0.0,0.0
2013-01-06,620,0.0,28.36,19.58,23.97,76.6,820.0,820.0,560.0,620.0,733.33,611.43,0.0,28.85,77.07,0.0,0.0,0.0,0.0,0.0,0.0
2013-01-07,520,0.0,28.88,19.5,24.19,75.31,620.0,820.0,820.0,420.0,753.33,611.43,0.0,28.36,76.6,0.0,0.0,0.0,0.0,0.0,0.0
2013-01-08,330,0.0,29.0,19.28,24.14,76.3,520.0,620.0,820.0,420.0,653.33,625.71,0.0,28.88,75.31,0.0,0.0,0.0,0.0,0.0,0.0
2013-01-09,350,0.0,29.19,18.89,24.04,70.3,330.0,520.0,620.0,620.0,490.0,612.86,0.0,29.0,76.3,0.0,0.0,0.0,0.0,0.0,0.0
2013-01-10,370,0.0,29.2,18.23,23.71,66.24,350.0,330.0,520.0,560.0,400.0,574.29,0.0,29.19,70.3,0.0,0.0,0.0,0.0,0.0,0.0
2013-01-11,460,0.0,29.32,17.84,23.58,64.38,370.0,350.0,330.0,820.0,350.0,547.14,0.0,29.2,66.24,0.0,0.0,0.0,0.0,0.0,0.0
2013-01-12,720,0.0,29.56,17.92,23.74,63.73,460.0,370.0,350.0,820.0,393.33,495.71,0.0,29.32,64.38,0.0,0.0,0.0,0.0,0.0,0.0
2013-01-13,620,0.0,29.35,16.49,22.92,56.87,720.0,460.0,370.0,620.0,516.67,481.43,0.0,29.56,63.73,0.0,0.0,0.0,0.0,0.0,0.0
2013-01-14,460,0.0,29.63,16.57,23.1,56.57,620.0,720.0,460.0,520.0,600.0,481.43,0.0,29.35,56.87,0.0,0.0,0.0,0.0,0.0,0.0
2013-01-15,620,0.0,29.6,16.98,23.29,55.46,460.0,620.0,720.0,330.0,600.0,472.86,0.0,29.63,56.57,0.0,0.0,0.0,0.0,0.0,0.0
2013-01-16,820,0.0,29.29,17.53,23.41,57.98,620.0,460.0,620.0,350.0,566.67,514.29,0.0,29.6,55.46,0.0,0.0,0.0,0.0,0.0,0.0
2013-01-17,820,0.0,28.99,18.3,23.65,62.94,820.0,620.0,460.0,370.0,633.33,581.43,0.0,29.29,57.98,0.0,0.0,0.0,0.0,0.0,0.0
2013-01-18,720,0.0,28.96,18.02,23.49,64.45,820.0,820.0,620.0,460.0,753.33,645.71,0.0,28.99,62.94,0.0,0.0,0.0,0.0,0.0,0.0
2013-01-19,520,0.0,29.4,17.72,23.56,66.97,720.0,820.0,820.0,720.0,786.67,682.86,0.0,28.96,64.45,0.0,0.0,0.0,0.0,0.0,0.0
2013-01-20,370,0.0,29.7,17.88,23.79,60.95,520.0,720.0,820.0,620.0,686.67,654.29,0.0,29.4,66.97,0.0,0.0,0.0,0.0,0.0,0.0
2013-01-21,390,0.0,29.56,18.08,23.82,59.44,370.0,520.0,720.0,460.0,536.67,618.57,0.0,29.7,60.95,0.0,0.0,0.0,0.0,0.0,0.0
2013-01-22,420,0.0,29.5,18.38,23.94,56.93,390.0,370.0,520.0,620.0,426.67,608.57,0.0,29.56,59.44,0.0,0.0,0.0,0.0,0.0,0.0
2013-01-23,330,0.0,29.41,18.31,23.86,61.05,420.0,390.0,370.0,820.0,393.33,580.0,0.0,29.5,56.93,0.0,0.0,0.0,0.0,0.0,0.0
2013-01-24,390,0.0,29.28,18.1,23.69,61.34,330.0,420.0,390.0,820.0,380.0,510.0,0.0,29.41,61.05,0.0,0.0,0.0,0.0,0.0,0.0
2013-01-25,520,0.0,29.67,17.63,23.65,55.69,390.0,330.0,420.0,720.0,380.0,448.57,0.0,29.28,61.34,0.0,0.0,0.0,0.0,0.0,0.0
2013-01-26,620,0.0,29.55,17.27,23.41,55.11,520.0,390.0,330.0,520.0,413.33,420.0,0.0,29.67,55.69,0.0,0.0,0.0,0.0,0.0,0.0
2013-01-27,290,0.0,30.39,17.61,24.0,59.58,620.0,520.0,390.0,370.0,510.0,434.29,0.0,29.55,55.11,0.0,0.0,0.0,0.0,0.0,0.0
2013-01-28,250,0.0,29.38,18.33,23.85,66.35,290.0,620.0,520.0,390.0,476.67,422.86,0.0,30.39,59.58,0.0,0.0,0.0,0.0,0.0,0.0
2013-01-29,250,0.0,29.7,18.87,24.28,62.6,250.0,290.0,620.0,420.0,386.67,402.86,0.0,29.38,66.35,0.0,0.0,0.0,0.0,0.0,0.0
2013-01-30,270,0.0,30.3,18.96,24.63,61.36,250.0,250.0,290.0,330.0,263.33,378.57,0.0,29.7,62.6,0.0,0.0,0.0,0.0,0.0,0.0
2013-01-31,420,0.0,30.06,19.1,24.58,66.09,270.0,250.0,250.0,390.0,256.67,370.0,0.0,30.3,61.36,0.0,0.0,0.0,0.0,0.0,0.0
2013-02-01,620,0.0,30.16,18.46,24.31,56.77,420.0,270.0,250.0,520.0,313.33,374.29,0.0,30.06,66.09,0.0,0.0,0.0,0.0,0.0,0.0
2013-02-02,420,0.0,30.22,17.14,23.68,57.27,620.0,420.0,270.0,620.0,436.67,388.57,0.0,30.16,56.77,0.0,0.0,0.0,0.0,0.0,0.0
2013-02-03,210,0.0,30.48,17.62,24.05,59.02,420.0,620.0,420.0,290.0,486.67,360.0,0.0,30.22,57.27,0.0,0.0,0.0,0.0,0.0,0.0
2013-02-04,230,0.0,30.13,19.17,24.65,66.78,210.0,420.0,620.0,250.0,416.67,348.57,0.0,30.48,59.02,0.0,0.0,0.0,0.0,0.0,0.0
2013-02-05,170,0.0,29.46,21.62,25.54,72.74,230.0,210.0,420.0,250.0,286.67,345.71,0.0,30.13,66.78,0.0,0.0,0.0,0.0,0.0,0.0
2013-02-06,210,0.0,29.4,22.08,25.74,73.45,170.0,230.0,210.0,270.0,203.33,334.29,0.0,29.46,72.74,0.0,0.0,0.0,0.0,0.0,0.0
2013-02-07,250,0.0,30.18,21.18,25.68,72.69,210.0,170.0,230.0,420.0,203.33,325.71,0.0,29.4,73.45,0.0,0.0,0.0,0.0,0.0,0.0
2013-02-08,270,0.0,29.76,20.66,25.21,69.31,250.0,210.0,170.0,620.0,210.0,301.43,0.0,30.18,72.69,0.0,0.0,0.0,0.0,0.0,0.0
2013-02-09,350,0.0,31.04,21.22,26.13,67.33,270.0,250.0,210.0,420.0,243.33,251.43,0.0,29.76,69.31,0.0,0.0,0.0,0.0,0.0,0.0
2013-02-10,420,0.0,31.98,21.67,26.83,58.61,350.0,270.0,250.0,210.0,290.0,241.43,0.0,31.04,67.33,0.0,0.0,0.0,0.0,0.0,0.0
2013-02-11,440,0.0,32.06,20.84,26.45,54.04,420.0,350.0,270.0,230.0,346.67,271.43,0.0,31.98,58.61,0.0,0.0,0.0,0.0,0.0,0.0
2013-02-12,720,0.0,32.95,21.45,27.2,52.96,440.0,420.0,350.0,170.0,403.33,301.43,0.0,32.06,54.04,0.0,0.0,0.0,0.0,0.0,0.0
2013-02-13,820,0.0,33.05,21.37,27.21,52.32,720.0,440.0,420.0,210.0,526.67,380.0,0.0,32.95,52.96,0.0,0.0,0.0,0.0,0.0,0.0
2013-02-14,820,1.44,31.23,22.23,26.73,66.83,820.0,720.0,440.0,250.0,660.0,467.14,0.0,33.05,52.32,0.0,0.0,0.0,0.0,0.0,0.0
2013-02-15,440,1.76,27.95,23.05,25.5,79.54,820.0,820.0,720.0,270.0,786.67,548.57,1.44,31.23,66.83,1.4400000000000142,1.4399999999999715,1.0,0.0,0.0,0.0
2013-02-16,460,16.88,28.26,21.7,24.98,79.09,440.0,820.0,820.0,350.0,693.33,572.86,1.76,27.95,79.54,3.2000000000000144,3.1999999999999718,2.0,0.0,0.0,0.0
2013-02-17,460,9.92,28.7,20.23,24.46,79.53,460.0,440.0,820.0,420.0,573.33,588.57,16.88,28.26,79.09,20.080000000000013,20.07999999999997,3.0,0.0,0.0,0.0
2013-02-18,620,0.04,30.14,19.92,25.03,69.17,460.0,460.0,440.0,440.0,453.33,594.29,9.92,28.7,79.53,28.56000000000001,29.99999999999997,4.0,0.0,0.0,0.0
2013-02-19,620,0.0,31.18,20.8,25.99,71.43,620.0,460.0,460.0,720.0,513.33,620.0,0.04,30.14,69.17,26.840000000000014,30.03999999999997,0.0,0.0,0.0,0.0
2013-02-20,250,0.0,31.42,20.66,26.04,68.94,620.0,620.0,460.0,820.0,566.67,605.71,0.0,31.18,71.43,9.960000000000013,30.03999999999997,0.0,0.0,0.0,0.0
2013-02-21,370,0.0,31.48,19.94,25.71,64.85,250.0,620.0,620.0,820.0,496.67,524.29,0.0,31.42,68.94,0.04000000000001421,30.03999999999997,0.0,0.0,0.0,0.0
2013-02-22,310,0.0,32.38,19.3,25.84,62.98,370.0,250.0,620.0,440.0,413.33,460.0,0.0,31.48,64.85,0.0,28.59999999999997,0.0,0.0,0.0,0.0
2013-02-23,370,0.0,31.6,19.5,25.55,63.21,310.0,370.0,250.0,460.0,310.0,441.43,0.0,32.38,62.98,0.0,26.83999999999997,0.0,0.0,0.0,0.0
2013-02-24,390,0.0,32.34,19.34,25.84,56.75,370.0,310.0,370.0,460.0,350.0,428.57,0.0,31.6,63.21,0.0,9.95999999999997,0.0,0.0,0.0,0.0
2013-02-25,390,0.0,31.87,19.11,25.49,60.63,390.0,370.0,310.0,620.0,356.67,418.57,0.0,32.34,56.75,0.0,0.03999999999997158,0.0,0.0,0.0,0.0
2013-02-26,250,0.0,32.46,19.44,25.95,59.19,390.0,390.0,370.0,620.0,383.33,385.71,0.0,31.87,60.63,0.0,0.0,0.0,0.0,0.0,0.0
2013-02-27,210,0.0,31.06,20.12,25.59,66.55,250.0,390.0,390.0,250.0,343.33,332.86,0.0,32.46,59.19,0.0,0.0,0.0,0.0,0.0,0.0
2013-02-28,210,0.0,32.76,19.84,26.3,54.03,210.0,250.0,390.0,370.0,283.33,327.14,0.0,31.06,66.55,0.0,0.0,0.0,0.0,0.0,0.0
2013-03-01,210,0.0,33.02,19.96,26.49,49.87,210.0,210.0,250.0,310.0,223.33,304.29,0.0,32.76,54.03,0.0,0.0,0.0,0.0,0.0,0.0
2013-03-02,210,0.0,34.42,19.78,27.1,48.42,210.0,210.0,210.0,370.0,210.0,290.0,0.0,33.02,49.87,0.0,0.0,0.0,0.0,0.0,0.0
2013-03-03,170,0.0,33.92,20.12,27.02,49.29,210.0,210.0,210.0,390.0,210.0,267.14,0.0,34.42,48.42,0.0,0.0,0.0,0.0,1.0,0.0
2013-03-04,130,0.0,34.53,20.1,27.32,46.61,170.0,210.0,210.0,390.0,196.67,235.71,0.0,33.92,49.29,0.0,0.0,0.0,0.0,1.0,0.0
2013-03-05,110,0.0,35.28,21.72,28.5,51.7,130.0,170.0,210.0,250.0,170.0,198.57,0.0,34.53,46.61,0.0,0.0,0.0,0.0,1.0,0.0
2013-03-06,130,0.69,34.22,22.98,28.6,59.67,110.0,130.0,170.0,210.0,136.67,178.57,0.0,35.28,51.7,0.0,0.0,0.0,0.0,1.0,0.0
2013-03-07,130,5.58,30.72,23.48,27.1,71.28,130.0,110.0,130.0,210.0,123.33,167.14,0.69,34.22,59.67,0.6900000000000142,0.6899999999999715,0.0,0.0,1.0,0.0
2013-03-08,130,0.52,30.94,22.8,26.87,72.64,130.0,130.0,110.0,210.0,123.33,155.71,5.58,30.72,71.28,6.270000000000014,6.269999999999971,1.0,0.0,0.0,0.0
2013-03-09,150,0.08,31.97,23.27,27.62,70.15,130.0,130.0,130.0,210.0,130.0,144.29,0.52,30.94,72.64,6.790000000000013,6.789999999999971,0.0,0.0,0.0,0.0
2013-03-10,170,0.05,32.41,23.29,27.85,67.6,150.0,130.0,130.0,170.0,136.67,135.71,0.08,31.97,70.15,6.180000000000014,6.869999999999971,0.0,0.0,0.0,0.0
2013-03-11,110,5.08,32.24,22.98,27.61,68.0,170.0,150.0,130.0,130.0,150.0,135.71,0.05,32.41,67.6,0.6500000000000142,6.9199999999999715,0.0,0.0,0.0,0.0
2013-03-12,110,0.05,32.1,22.36,27.23,66.07,110.0,170.0,150.0,110.0,143.33,132.86,5.08,32.24,68.0,5.210000000000014,11.999999999999972,1.0,0.0,0.0,0.0
2013-03-13,270,0.0,33.01,22.14,27.57,64.47,110.0,110.0,170.0,130.0,130.0,132.86,0.05,32.1,66.07,5.180000000000014,12.049999999999972,0.0,0.0,0.0,0.0
2013-03-14,290,0.0,32.18,22.76,27.47,62.59,270.0,110.0,110.0,130.0,163.33,152.86,0.0,33.01,64.47,5.130000000000014,11.359999999999973,0.0,0.0,0.0,0.0
2013-03-15,230,0.0,33.34,22.66,28.0,59.89,290.0,270.0,110.0,130.0,223.33,175.71,0.0,32.18,62.59,0.050000000000014214,5.779999999999972,0.0,0.0,0.0,0.0
2013-03-16,210,0.0,32.5,22.9,27.7,66.52,230.0,290.0,270.0,150.0,263.33,190.0,0.0,33.34,59.89,0.0,5.259999999999971,0.0,0.0,0.0,0.0
2013-03-17,210,0.0,33.32,22.8,28.06,65.72,210.0,230.0,290.0,170.0,243.33,198.57,0.0,32.5,66.52,0.0,5.179999999999972,0.0,0.0,0.0,0.0
2013-03-18,190,0.09,32.85,22.94,27.9,64.84,210.0,210.0,230.0,110.0,216.67,204.29,0.0,33.32,65.72,0.0,5.1299999999999715,0.0,0.0,0.0,0.0
2013-03-19,170,0.01,33.57,23.07,28.32,63.89,190.0,210.0,210.0,110.0,203.33,215.71,0.09,32.85,64.84,0.09000000000001421,0.1399999999999716,0.0,0.0,0.0,0.0
2013-03-20,110,0.0,33.6,23.1,28.35,60.07,170.0,190.0,210.0,270.0,190.0,224.29,0.01,33.57,63.89,0.1000000000000142,0.09999999999997157,0.0,0.0,0.0,0.0
2013-03-21,170,0.0,33.69,22.87,28.28,55.99,110.0,170.0,190.0,290.0,156.67,201.43,0.0,33.6,60.07,0.1000000000000142,0.09999999999997157,0.0,0.0,0.0,0.0
2013-03-22,110,0.0,33.08,22.2,27.64,59.74,170.0,110.0,170.0,230.0,150.0,184.29,0.0,33.69,55.99,0.010000000000014211,0.09999999999997157,0.0,0.0,0.0,0.0
2013-03-23,170,0.0,32.47,22.27,27.37,63.96,110.0,170.0,110.0,210.0,130.0,167.14,0.0,33.08,59.74,0.0,0.09999999999997157,0.0,0.0,0.0,0.0
2013-03-24,230,0.0,34.45,22.41,28.43,59.24,170.0,110.0,170.0,210.0,150.0,161.43,0.0,32.47,63.96,0.0,0.09999999999997157,0.0,0.0,0.0,0.0
2013-03-25,210,0.01,33.17,22.63,27.9,64.62,230.0,170.0,110.0,190.0,170.0,164.29,0.0,34.45,59.24,0.0,0.09999999999997157,0.0,0.0,1.0,0.0
2013-03-26,270,0.0,32.83,23.24,28.03,66.25,210.0,230.0,170.0,170.0,203.33,167.14,0.01,33.17,64.62,0.010000000000014211,0.01999999999997158,0.0,0.0,0.0,0.0
2013-03-27,170,0.0,34.08,23.04,28.56,63.15,270.0,210.0,230.0,110.0,236.67,181.43,0.0,32.83,66.25,0.010000000000014211,0.009999999999971578,0.0,0.0,0.0,0.0
2013-03-28,230,0.0,33.4,23.18,28.29,64.43,170.0,270.0,210.0,170.0,216.67,190.0,0.0,34.08,63.15,0.010000000000014211,0.009999999999971578,0.0,0.0,1.0,0.0
2013-03-29,270,0.0,33.88,22.26,28.07,62.87,230.0,170.0,270.0,110.0,223.33,198.57,0.0,33.4,64.43,0.0,0.009999999999971578,0.0,0.0,0.0,0.0
2013-03-30,310,0.0,33.85,22.0,27.93,59.54,270.0,230.0,170.0,170.0,223.33,221.43,0.0,33.88,62.87,0.0,0.009999999999971578,0.0,0.0,1.0,0.0
2013-03-31,230,0.06,33.65,22.85,28.25,62.56,310.0,270.0,230.0,230.0,270.0,241.43,0.0,33.85,59.54,0.0,0.009999999999971578,0.0,0.0,1.0,0.0
2013-04-01,290,0.0,33.05,23.31,28.18,64.01,230.0,310.0,270.0,210.0,270.0,241.43,0.06,33.65,62.56,0.06000000000001421,0.06999999999997157,0.0,0.0,0.0,0.0
2013-04-02,110,0.01,33.13,23.61,28.37,64.16,290.0,230.0,310.0,270.0,276.67,252.86,0.0,33.05,64.01,0.06000000000001421,0.059999999999971576,0.0,0.0,0.0,0.0
2013-04-03,130,0.35,34.16,23.58,28.87,63.46,110.0,290.0,230.0,170.0,210.0,230.0,0.01,33.13,64.16,0.0700000000000142,0.06999999999997157,0.0,0.0,0.0,0.0
2013-04-04,150,0.0,33.32,23.08,28.2,63.23,130.0,110.0,290.0,230.0,176.67,224.29,0.35,34.16,63.46,0.3600000000000142,0.41999999999997156,0.0,0.0,1.0,0.0
2013-04-05,130,0.07,33.89,22.86,28.38,62.37,150.0,130.0,110.0,270.0,130.0,212.86,0.0,33.32,63.23,0.3600000000000142,0.41999999999997156,0.0,0.0,0.0,0.0
2013-04-06,130,0.07,33.15,22.47,27.81,64.8,130.0,150.0,130.0,310.0,136.67,192.86,0.07,33.89,62.37,0.4200000000000142,0.48999999999997157,0.0,0.0,1.0,0.0
2013-04-07,150,0.0,34.49,21.82,28.16,61.68,130.0,130.0,150.0,230.0,136.67,167.14,0.07,33.15,64.8,0.14000000000001422,0.5599999999999716,0.0,0.0,0.0,0.0
2013-04-08,150,0.0,36.38,21.76,29.07,55.38,150.0,130.0,130.0,290.0,136.67,155.71,0.0,34.49,61.68,0.14000000000001422,0.4999999999999716,0.0,0.0,1.0,0.0
2013-04-09,110,0.0,33.2,23.26,28.23,64.34,150.0,150.0,130.0,110.0,143.33,135.71,0.0,36.38,55.38,0.07000000000001422,0.4999999999999716,0.0,0.0,1.0,0.0
2013-04-10,150,0.0,33.12,23.38,28.25,65.31,110.0,150.0,150.0,130.0,136.67,135.71,0.0,33.2,64.34,0.0,0.48999999999997157,0.0,0.0,0.0,0.0
2013-04-11,210,0.0,34.7,23.16,28.93,63.09,150.0,110.0,150.0,150.0,136.67,138.57,0.0,33.12,65.31,0.0,0.1399999999999716,0.0,0.0,0.0,0.0
2013-04-12,190,0.0,35.26,23.08,29.17,62.3,210.0,150.0,110.0,130.0,156.67,147.14,0.0,34.7,63.09,0.0,0.1399999999999716,0.0,0.0,1.0,0.0
2013-04-13,420,0.0,34.74,23.72,29.23,64.99,190.0,210.0,150.0,130.0,183.33,155.71,0.0,35.26,62.3,0.0,0.06999999999997158,0.0,0.0,1.0,0.0
2013-04-14,250,0.0,34.18,23.44,28.81,66.28,420.0,190.0,210.0,150.0,273.33,197.14,0.0,34.74,64.99,0.0,0.0,0.0,0.0,1.0,0.0
2013-04-15,150,0.05,32.89,23.07,27.98,66.49,250.0,420.0,190.0,150.0,286.67,211.43,0.0,34.18,66.28,0.0,0.0,0.0,0.0,1.0,0.0
2013-04-16,150,0.01,33.38,22.36,27.87,62.62,150.0,250.0,420.0,110.0,273.33,211.43,0.05,32.89,66.49,0.050000000000014214,0.04999999999997158,0.0,0.0,0.0,0.0
2013-04-17,250,0.0,32.97,21.81,27.39,63.14,150.0,150.0,250.0,150.0,183.33,217.14,0.01,33.38,62.62,0.060000000000014216,0.05999999999997158,0.0,0.0,0.0,0.0
2013-04-18,270,0.0,32.16,21.56,26.86,63.53,250.0,150.0,150.0,210.0,183.33,231.43,0.0,32.97,63.14,0.060000000000014216,0.05999999999997158,0.0,0.0,0.0,0.0
2013-04-19,520,0.0,32.47,21.42,26.94,63.72,270.0,250.0,150.0,190.0,223.33,240.0,0.0,32.16,63.53,0.010000000000014211,0.05999999999997158,0.0,0.0,0.0,0.0
2013-04-20,440,0.0,32.44,21.22,26.83,65.34,520.0,270.0,250.0,420.0,346.67,287.14,0.0,32.47,63.72,0.0,0.05999999999997158,0.0,0.0,0.0,0.0
2013-04-21,270,0.0,33.34,21.6,27.47,61.12,440.0,520.0,270.0,250.0,410.0,290.0,0.0,32.44,65.34,0.0,0.05999999999997158,0.0,0.0,0.0,0.0
2013-04-22,290,0.0,33.98,21.78,27.88,62.53,270.0,440.0,520.0,150.0,410.0,292.86,0.0,33.34,61.12,0.0,0.05999999999997158,0.0,0.0,0.0,0.0
2013-04-23,310,0.16,34.01,22.99,28.5,63.74,290.0,270.0,440.0,150.0,333.33,312.86,0.0,33.98,62.53,0.0,0.009999999999971578,0.0,0.0,1.0,0.0
2013-04-24,620,4.16,33.25,23.65,28.45,66.1,310.0,290.0,270.0,250.0,290.0,335.71,0.16,34.01,63.74,0.16000000000001421,0.15999999999997158,0.0,0.0,1.0,0.0
2013-04-25,420,0.49,32.57,24.33,28.45,69.74,620.0,310.0,290.0,270.0,406.67,388.57,4.16,33.25,66.1,4.3200000000000145,4.319999999999972,1.0,0.0,0.0,0.0
2013-04-26,390,0.93,32.16,24.54,28.35,72.8,420.0,620.0,310.0,520.0,450.0,410.0,0.49,32.57,69.74,4.810000000000015,4.809999999999972,0.0,0.0,0.0,0.0
2013-04-27,460,0.27,31.28,24.98,28.13,73.48,390.0,420.0,620.0,440.0,476.67,391.43,0.93,32.16,72.8,5.580000000000014,5.739999999999972,0.0,0.0,0.0,0.0
2013-04-28,620,0.88,30.68,24.62,27.65,75.06,460.0,390.0,420.0,270.0,423.33,394.29,0.27,31.28,73.48,1.6900000000000142,6.009999999999972,0.0,0.0,0.0,0.0
2013-04-29,270,0.09,30.19,24.13,27.16,70.38,620.0,460.0,390.0,290.0,490.0,444.29,0.88,30.68,75.06,2.0800000000000143,6.889999999999972,0.0,0.0,0.0,0.0
2013-04-30,520,0.0,35.7,24.18,29.94,63.54,270.0,620.0,460.0,310.0,450.0,441.43,0.09,30.19,70.38,1.2400000000000142,6.979999999999972,0.0,0.0,0.0,0.0
2013-05-01,420,0.0,32.72,24.82,28.77,69.24,520.0,270.0,620.0,620.0,470.0,471.43,0.0,35.7,63.54,0.9700000000000142,6.819999999999972,0.0,0.0,1.0,0.0
2013-05-02,420,0.29,32.61,24.77,28.69,70.71,420.0,520.0,270.0,420.0,403.33,442.86,0.0,32.72,69.24,0.09000000000001421,2.6599999999999717,0.0,0.0,0.0,0.0
2013-05-03,210,0.07,31.81,25.01,28.41,72.1,420.0,420.0,520.0,390.0,453.33,442.86,0.29,32.61,70.71,0.2900000000000142,2.4599999999999715,0.0,0.0,0.0,0.0
2013-05-04,150,0.01,33.58,24.18,28.88,66.93,210.0,420.0,420.0,460.0,350.0,417.14,0.07,31.81,72.1,0.3600000000000142,1.5999999999999717,0.0,0.0,0.0,0.0
2013-05-05,90,0.13,33.15,24.46,28.8,68.06,150.0,210.0,420.0,620.0,260.0,372.86,0.01,33.58,66.93,0.3700000000000142,1.3399999999999717,0.0,0.0,0.0,0.0
2013-05-06,110,0.02,32.86,24.54,28.7,69.18,90.0,150.0,210.0,270.0,150.0,297.14,0.13,33.15,68.06,0.21000000000001423,0.5899999999999717,0.0,0.0,0.0,0.0
2013-05-07,150,0.0,29.68,25.26,27.47,77.11,110.0,90.0,150.0,520.0,116.67,274.29,0.02,32.86,69.18,0.16000000000001421,0.5199999999999716,0.0,0.0,0.0,0.0
2013-05-08,170,5.46,30.83,24.41,27.62,73.58,150.0,110.0,90.0,420.0,116.67,221.43,0.0,29.68,77.11,0.1500000000000142,0.5199999999999716,0.0,0.0,0.0,0.0
2013-05-09,170,1.26,31.02,24.34,27.68,77.49,170.0,150.0,110.0,420.0,143.33,185.71,5.46,30.83,73.58,5.480000000000014,5.979999999999972,1.0,0.0,0.0,0.0
2013-05-10,190,0.53,29.75,24.29,27.02,78.25,170.0,170.0,150.0,210.0,163.33,150.0,1.26,31.02,77.49,6.720000000000014,6.949999999999971,2.0,0.0,0.0,0.0
2013-05-11,620,0.19,30.64,23.9,27.27,75.86,190.0,170.0,170.0,150.0,176.67,147.14,0.53,29.75,78.25,7.250000000000014,7.409999999999971,0.0,0.0,0.0,0.0
2013-05-12,460,0.89,28.72,24.46,26.59,78.22,620.0,190.0,170.0,90.0,326.67,214.29,0.19,30.64,75.86,1.9800000000000142,7.589999999999971,0.0,0.0,0.0,0.0
2013-05-13,420,0.07,31.7,23.76,27.73,71.11,460.0,620.0,190.0,110.0,423.33,267.14,0.89,28.72,78.22,1.6100000000000143,8.349999999999971,0.0,0.0,0.0,0.0
2013-05-14,420,0.0,31.24,23.76,27.5,69.28,420.0,460.0,620.0,150.0,500.0,311.43,0.07,31.7,71.11,1.1500000000000143,8.399999999999972,0.0,0.0,0.0,0.0
2013-05-15,390,0.0,31.32,23.5,27.41,66.19,420.0,420.0,460.0,170.0,433.33,350.0,0.0,31.24,69.28,0.9600000000000144,8.399999999999972,0.0,0.0,0.0,0.0
2013-05-16,370,0.0,32.24,23.48,27.86,65.97,390.0,420.0,420.0,170.0,410.0,381.43,0.0,31.32,66.19,0.07000000000001422,2.9399999999999706,0.0,0.0,0.0,0.0
2013-05-17,310,0.14,32.16,24.22,28.19,67.39,370.0,390.0,420.0,190.0,393.33,410.0,0.0,32.24,65.97,0.0,1.6799999999999708,0.0,0.0,0.0,0.0
2013-05-18,270,6.38,30.4,24.68,27.54,75.83,310.0,370.0,390.0,620.0,356.67,427.14,0.14,32.16,67.39,0.14000000000001422,1.2899999999999707,0.0,0.0,0.0,0.0
2013-05-19,310,1.59,31.42,24.64,28.03,77.54,270.0,310.0,370.0,460.0,316.67,377.14,6.38,30.4,75.83,6.520000000000014,7.47999999999997,1.0,0.0,0.0,0.0
2013-05-20,170,25.68,31.43,24.47,27.95,78.86,310.0,270.0,310.0,420.0,296.67,355.71,1.59,31.42,77.54,8.110000000000014,8.179999999999971,2.0,0.0,0.0,0.0
2013-05-21,150,1.89,29.17,24.31,26.74,79.38,170.0,310.0,270.0,420.0,250.0,320.0,25.68,31.43,78.86,33.65000000000001,33.78999999999997,3.0,0.0,0.0,0.0
2013-05-22,310,0.16,30.5,24.36,27.43,77.55,150.0,170.0,310.0,390.0,210.0,281.43,1.89,29.17,79.38,29.160000000000014,35.67999999999997,4.0,0.0,0.0,0.0
2013-05-23,150,0.02,30.73,24.37,27.55,75.68,310.0,150.0,170.0,370.0,210.0,270.0,0.16,30.5,77.55,27.730000000000015,35.83999999999997,0.0,0.0,0.0,0.0
2013-05-24,150,0.0,30.71,24.47,27.59,76.54,150.0,310.0,150.0,310.0,203.33,238.57,0.02,30.73,75.68,2.070000000000014,35.85999999999997,0.0,0.0,0.0,0.0
2013-05-25,170,2.63,29.25,24.49,26.87,81.7,150.0,150.0,310.0,270.0,203.33,215.71,0.0,30.71,76.54,0.1800000000000142,35.71999999999997,0.0,0.0,0.0,0.0
2013-05-26,190,9.38,28.04,24.82,26.43,84.88,170.0,150.0,150.0,310.0,156.67,201.43,2.63,29.25,81.7,2.650000000000014,31.96999999999997,1.0,0.0,0.0,0.0
2013-05-27,170,8.55,27.78,24.22,26.0,83.57,190.0,170.0,150.0,170.0,170.0,184.29,9.38,28.04,84.88,12.010000000000016,39.75999999999997,2.0,0.0,0.0,0.0
2013-05-28,190,4.49,28.24,23.82,26.03,80.27,170.0,190.0,170.0,150.0,176.67,184.29,8.55,27.78,83.57,20.560000000000016,22.629999999999974,3.0,0.0,0.0,0.0
2013-05-29,150,1.36,27.79,23.89,25.84,80.48,190.0,170.0,190.0,310.0,183.33,190.0,4.49,28.24,80.27,22.420000000000016,25.229999999999972,4.0,0.0,0.0,0.0
2013-05-30,210,36.94,28.51,23.31,25.91,84.91,150.0,190.0,170.0,150.0,170.0,167.14,1.36,27.79,80.48,14.400000000000013,26.42999999999997,5.0,0.0,0.0,0.0
2013-05-31,210,45.04,27.31,22.95,25.13,84.72,210.0,150.0,190.0,150.0,183.33,175.71,36.94,28.51,84.91,42.790000000000006,63.349999999999966,6.0,0.0,0.0,0.0
2013-06-01,390,12.25,25.76,23.02,24.39,88.62,210.0,210.0,150.0,170.0,190.0,184.29,45.04,27.31,84.72,83.34,108.38999999999996,7.0,1.0,0.0,0.0
2013-06-02,390,40.87,25.82,23.04,24.43,88.81,390.0,210.0,210.0,190.0,270.0,215.71,12.25,25.76,88.62,94.23,118.00999999999996,8.0,0.0,0.0,0.0
2013-06-03,190,6.53,26.68,23.32,25.0,87.57,390.0,390.0,210.0,170.0,330.0,244.29,40.87,25.82,88.81,98.16,149.49999999999994,9.0,0.0,0.0,0.0
2013-06-04,150,1.24,28.25,23.61,25.93,83.04,190.0,390.0,390.0,190.0,323.33,247.14,6.53,26.68,87.57,59.650000000000006,147.47999999999996,10.0,0.0,0.0,0.0
2013-06-05,110,20.69,28.06,23.28,25.67,83.77,150.0,190.0,390.0,150.0,243.33,241.43,1.24,28.25,83.04,48.64000000000001,144.22999999999996,11.0,0.0,0.0,0.0
2013-06-06,130,28.78,27.88,23.97,25.92,88.03,110.0,150.0,190.0,210.0,150.0,235.71,20.69,28.06,83.77,28.460000000000008,163.55999999999995,12.0,0.0,0.0,0.0
2013-06-07,170,37.49,25.7,22.4,24.05,88.56,130.0,110.0,150.0,210.0,130.0,224.29,28.78,27.88,88.03,50.71000000000001,155.39999999999995,13.0,0.0,0.0,0.0
2013-06-08,290,80.79,26.14,22.6,24.37,87.06,170.0,130.0,110.0,390.0,136.67,218.57,37.49,25.7,88.56,86.96000000000001,147.84999999999997,14.0,0.0,0.0,0.0
2013-06-09,150,28.61,25.76,22.76,24.26,86.31,290.0,170.0,130.0,390.0,196.67,204.29,80.79,26.14,87.06,147.06,216.39,15.0,1.0,0.0,0.0
2013-06-10,130,70.38,26.53,23.57,25.05,90.4,150.0,290.0,170.0,190.0,203.33,170.0,28.61,25.76,86.31,146.89000000000001,204.12999999999997,16.0,0.0,0.0,0.0
2013-06-11,150,47.92,26.64,24.01,25.33,90.29,130.0,150.0,290.0,150.0,190.0,161.43,70.38,26.53,90.4,179.78,267.97999999999996,17.0,1.0,0.0,0.0
2013-06-12,210,39.61,26.86,24.28,25.57,89.81,150.0,130.0,150.0,110.0,143.33,161.43,47.92,26.64,90.29,146.91000000000003,314.65999999999997,18.0,1.0,0.0,0.0
2013-06-13,330,28.51,26.4,23.72,25.06,89.85,210.0,150.0,130.0,130.0,163.33,175.71,39.61,26.86,89.81,157.91000000000003,333.5799999999999,19.0,0.0,0.0,0.0
2013-06-14,170,16.12,26.36,23.85,25.1,89.9,330.0,210.0,150.0,170.0,230.0,204.29,28.51,26.4,89.85,116.04000000000002,333.31,20.0,0.0,0.0,0.0
2013-06-15,150,36.49,26.88,24.58,25.73,89.13,170.0,330.0,210.0,290.0,236.67,204.29,16.12,26.36,89.9,84.24000000000001,311.94,21.0,0.0,0.0,0.0
2013-06-16,70,40.73,26.91,24.51,25.71,88.95,150.0,170.0,330.0,150.0,216.67,184.29,36.49,26.88,89.13,81.12000000000002,267.64,22.0,0.0,0.0,0.0
2013-06-17,70,109.36,26.42,23.6,25.01,92.17,70.0,150.0,170.0,130.0,130.0,172.86,40.73,26.91,88.95,93.34,279.75999999999993,23.0,0.0,0.0,0.0
2013-06-18,70,55.49,25.84,23.34,24.59,91.57,70.0,70.0,150.0,150.0,96.67,164.29,109.36,26.42,92.17,186.58,318.73999999999995,24.0,1.0,0.0,0.0
2013-06-19,90,60.53,25.85,23.4,24.62,91.94,70.0,70.0,70.0,210.0,70.0,152.86,55.49,25.84,91.57,205.58000000000004,326.30999999999995,25.0,1.0,0.0,0.0
2013-06-20,70,10.3,25.83,23.38,24.6,91.57,90.0,70.0,70.0,330.0,76.67,135.71,60.53,25.85,91.94,225.38000000000002,347.22999999999996,26.0,1.0,0.0,0.0
2013-06-21,70,30.96,26.28,23.64,24.96,92.32,70.0,90.0,70.0,170.0,76.67,98.57,10.3,25.83,91.57,126.32000000000004,329.02,27.0,0.0,0.0,0.0
2013-06-22,90,50.2,25.06,23.54,24.3,91.71,70.0,70.0,90.0,150.0,76.67,84.29,30.96,26.28,92.32,101.79000000000003,343.86,28.0,0.0,0.0,0.0
2013-06-23,110,36.61,25.68,23.92,24.8,92.03,90.0,70.0,70.0,70.0,76.67,75.71,50.2,25.06,91.71,91.46000000000004,357.57,29.0,1.0,0.0,0.0
2013-06-24,90,50.97,26.02,24.24,25.13,91.76,110.0,90.0,70.0,70.0,90.0,81.43,36.61,25.68,92.03,117.77000000000004,353.44999999999993,30.0,0.0,0.0,0.0
2013-06-25,90,37.64,25.96,24.54,25.25,92.42,90.0,110.0,90.0,70.0,96.67,84.29,50.97,26.02,91.76,137.78000000000003,295.05999999999995,31.0,1.0,0.0,0.0
2013-06-26,110,42.74,26.62,24.2,25.41,91.34,90.0,90.0,110.0,90.0,96.67,87.14,37.64,25.96,92.42,125.22000000000003,277.21,32.0,0.0,0.0,1.0
2013-06-27,210,30.1,26.26,23.94,25.1,92.08,110.0,90.0,90.0,70.0,96.67,90.0,42.74,26.62,91.34,131.35000000000002,259.41999999999996,33.0,0.0,0.0,0.0
2013-06-28,230,31.16,26.06,23.46,24.76,91.65,210.0,110.0,90.0,70.0,136.67,110.0,30.1,26.26,92.08,110.48000000000002,279.21999999999997,34.0,0.0,0.0,0.0
2013-06-29,270,12.3,26.14,23.22,24.68,90.2,230.0,210.0,110.0,90.0,183.33,132.86,31.16,26.06,91.65,104.00000000000003,279.41999999999996,35.0,0.0,0.0,0.0
2013-06-30,270,19.19,25.6,22.51,24.05,91.41,270.0,230.0,210.0,110.0,236.67,158.57,12.3,26.14,90.2,73.56000000000003,241.51999999999998,36.0,0.0,0.0,0.0
2013-07-01,310,59.16,24.56,22.3,23.43,90.15,270.0,270.0,230.0,90.0,256.67,181.43,19.19,25.6,91.41,62.65000000000002,224.09999999999997,37.0,0.0,0.0,0.0
2013-07-02,210,88.61,25.02,23.06,24.04,93.13,310.0,270.0,270.0,90.0,283.33,212.86,59.16,24.56,90.15,90.65000000000002,232.28999999999996,38.0,1.0,0.0,0.0
2013-07-03,310,65.2,25.16,23.68,24.42,93.42,210.0,310.0,270.0,110.0,263.33,230.0,88.61,25.02,93.13,166.96000000000004,283.26,39.0,1.0,0.0,1.0
2013-07-04,420,51.38,25.8,23.42,24.61,91.99,310.0,210.0,310.0,210.0,276.67,258.57,65.2,25.16,93.42,212.97000000000003,305.71999999999997,40.0,1.0,0.0,1.0
2013-07-05,620,23.86,26.2,23.3,24.75,90.57,420.0,310.0,210.0,230.0,313.33,288.57,51.38,25.8,91.99,205.19000000000003,326.99999999999994,41.0,1.0,0.0,0.0
2013-07-06,350,49.16,25.24,23.22,24.23,91.02,620.0,420.0,310.0,270.0,450.0,344.29,23.86,26.2,90.57,140.44000000000003,319.7,42.0,0.0,0.0,0.0
2013-07-07,520,50.2,25.08,22.98,24.03,92.44,350.0,620.0,420.0,270.0,463.33,355.71,49.16,25.24,91.02,124.4,356.56,43.0,1.0,0.0,0.0
2013-07-08,720,37.45,25.55,22.73,24.14,91.96,520.0,350.0,620.0,310.0,496.67,391.43,50.2,25.08,92.44,123.22000000000003,387.57,44.0,1.0,0.0,1.0
2013-07-09,820,21.39,25.58,22.86,24.22,92.44,720.0,520.0,350.0,210.0,530.0,450.0,37.45,25.55,91.96,136.81,365.85999999999996,45.0,0.0,0.0,0.0
2013-07-10,820,25.64,24.79,22.87,23.83,91.94,820.0,720.0,520.0,310.0,686.67,537.14,21.39,25.58,92.44,109.04000000000002,298.64,46.0,0.0,0.0,1.0
2013-07-11,820,17.42,24.72,22.44,23.58,91.26,820.0,820.0,720.0,420.0,786.67,610.0,25.64,24.79,91.94,84.48000000000002,259.08,47.0,0.0,0.0,0.0
2013-07-12,820,46.65,24.62,22.82,23.72,92.52,820.0,820.0,820.0,620.0,820.0,667.14,17.42,24.72,91.26,64.45000000000002,225.11999999999998,48.0,0.0,0.0,0.0
2013-07-13,820,38.87,25.72,22.96,24.34,92.23,820.0,820.0,820.0,350.0,820.0,695.71,46.65,24.62,92.52,89.71000000000001,247.90999999999997,49.0,1.0,0.0,1.0
2013-07-14,820,21.88,25.39,22.93,24.16,92.43,820.0,820.0,820.0,520.0,820.0,762.86,38.87,25.72,92.23,102.94000000000001,237.61999999999998,50.0,0.0,0.0,0.0
2013-07-15,820,23.06,25.98,22.99,24.49,92.2,820.0,820.0,820.0,720.0,820.0,805.71,21.88,25.39,92.43,107.4,209.29999999999995,51.0,0.0,0.0,1.0
2013-07-16,520,25.85,25.73,23.15,24.44,92.08,820.0,820.0,820.0,820.0,820.0,820.0,23.06,25.98,92.2,83.81,194.90999999999997,52.0,0.0,0.0,0.0
2013-07-17,350,13.46,25.22,23.04,24.13,92.7,520.0,820.0,820.0,820.0,720.0,777.14,25.85,25.73,92.08,70.79000000000002,199.36999999999995,53.0,0.0,0.0,0.0
2013-07-18,350,32.91,24.96,22.94,23.95,92.26,350.0,520.0,820.0,820.0,563.33,710.0,13.46,25.22,92.7,62.37000000000002,187.18999999999997,54.0,0.0,0.0,1.0
2013-07-19,370,55.83,24.54,22.81,23.67,94.3,350.0,350.0,520.0,820.0,406.67,642.86,32.91,24.96,92.26,72.22000000000001,202.67999999999995,55.0,0.0,0.0,0.0
2013-07-20,270,51.39,24.74,22.54,23.64,92.56,370.0,350.0,350.0,820.0,356.67,578.57,55.83,24.54,94.3,102.20000000000002,211.85999999999999,56.0,1.0,0.0,1.0
2013-07-21,210,50.8,24.5,22.26,23.38,93.59,270.0,370.0,350.0,820.0,330.0,500.0,51.39,24.74,92.56,140.13,224.37999999999997,57.0,1.0,0.0,1.0
2013-07-22,170,35.42,24.72,22.68,23.7,93.38,210.0,270.0,370.0,820.0,283.33,412.86,50.8,24.5,93.59,158.02,253.29999999999998,58.0,1.0,0.0,1.0
2013-07-23,270,34.26,24.53,22.53,23.53,93.27,170.0,210.0,270.0,520.0,216.67,320.0,35.42,24.72,93.38,137.61,265.65999999999997,59.0,0.0,0.0,1.0
2013-07-24,170,62.37,24.83,22.77,23.8,92.44,270.0,170.0,210.0,350.0,216.67,284.29,34.26,24.53,93.27,120.48,274.06999999999994,60.0,0.0,0.0,1.0
2013-07-25,190,55.16,25.06,22.76,23.91,93.32,170.0,270.0,170.0,350.0,203.33,258.57,62.37,24.83,92.44,132.05,322.97999999999996,61.0,1.0,0.0,1.0
2013-07-26,130,57.38,24.09,22.23,23.16,92.02,190.0,170.0,270.0,370.0,210.0,235.71,55.16,25.06,93.32,151.79000000000002,345.22999999999996,62.0,1.0,0.0,1.0
2013-07-27,210,71.58,25.23,22.33,23.78,92.7,130.0,190.0,170.0,270.0,163.33,201.43,57.38,24.09,92.02,174.91000000000003,346.78,63.0,1.0,0.0,0.0
2013-07-28,190,57.2,24.96,22.22,23.59,92.08,210.0,130.0,190.0,210.0,176.67,192.86,71.58,25.23,92.7,184.12,366.96999999999997,64.0,1.0,0.0,1.0
2013-07-29,210,13.7,25.4,22.34,23.87,91.03,190.0,210.0,130.0,170.0,176.67,190.0,57.2,24.96,92.08,186.16000000000003,373.36999999999995,65.0,1.0,0.0,0.0
2013-07-30,170,14.25,25.55,22.95,24.25,92.47,210.0,190.0,210.0,270.0,203.33,195.71,13.7,25.4,91.03,142.48000000000002,351.6499999999999,66.0,0.0,0.0,0.0
2013-07-31,130,23.23,24.96,23.12,24.04,93.12,170.0,210.0,190.0,170.0,190.0,181.43,14.25,25.55,92.47,85.15000000000002,331.63999999999993,67.0,0.0,0.0,1.0
2013-08-01,210,44.14,25.51,23.33,24.42,92.37,130.0,170.0,210.0,190.0,170.0,175.71,23.23,24.96,93.12,51.180000000000014,292.49999999999994,68.0,0.0,0.0,1.0
2013-08-02,330,15.01,25.05,22.67,23.86,92.42,210.0,130.0,170.0,130.0,170.0,178.57,44.14,25.51,92.37,81.62000000000002,281.47999999999996,69.0,1.0,0.0,0.0
2013-08-03,310,29.36,24.92,22.74,23.83,93.21,330.0,210.0,130.0,210.0,223.33,207.14,15.01,25.05,92.42,82.38000000000002,239.10999999999999,70.0,0.0,0.0,1.0
2013-08-04,520,38.35,25.28,22.7,23.99,92.79,310.0,330.0,210.0,190.0,283.33,221.43,29.36,24.92,93.21,88.51000000000002,196.89,71.0,0.0,0.0,1.0
2013-08-05,460,75.21,24.34,22.64,23.49,94.23,520.0,310.0,330.0,210.0,386.67,268.57,38.35,25.28,92.79,82.72000000000001,178.04,72.0,0.0,0.0,1.0
2013-08-06,620,42.11,24.7,22.34,23.52,93.06,460.0,520.0,310.0,170.0,430.0,304.29,75.21,24.34,94.23,142.92000000000002,239.54999999999995,73.0,1.0,0.0,1.0
2013-08-07,520,19.31,25.63,22.27,23.95,90.66,620.0,460.0,520.0,130.0,533.33,368.57,42.11,24.7,93.06,155.67000000000002,267.40999999999997,74.0,0.0,0.0,1.0
2013-08-08,420,15.51,25.54,22.18,23.86,90.92,520.0,620.0,460.0,210.0,533.33,424.29,19.31,25.63,90.66,136.63,263.48999999999995,75.0,0.0,0.0,0.0
2013-08-09,520,10.11,25.56,22.2,23.88,90.89,420.0,520.0,620.0,330.0,520.0,454.29,15.51,25.54,90.92,76.93,234.85999999999996,76.0,0.0,0.0,0.0
2013-08-10,560,11.95,25.72,22.42,24.07,90.96,520.0,420.0,520.0,310.0,486.67,481.43,10.11,25.56,90.89,44.930000000000014,229.95999999999995,77.0,0.0,0.0,0.0
2013-08-11,230,8.98,25.86,22.36,24.11,90.81,560.0,520.0,420.0,520.0,500.0,517.14,11.95,25.72,90.96,37.570000000000014,212.54999999999998,78.0,0.0,0.0,0.0
2013-08-12,270,12.3,25.62,22.44,24.03,90.81,230.0,560.0,520.0,460.0,436.67,475.71,8.98,25.86,90.81,31.040000000000013,183.17999999999995,79.0,0.0,0.0,0.0
2013-08-13,330,30.72,25.39,22.47,23.93,91.77,270.0,230.0,560.0,620.0,353.33,448.57,12.3,25.62,90.81,33.23000000000002,120.26999999999997,80.0,0.0,0.0,0.0
2013-08-14,720,10.9,25.3,22.26,23.78,90.26,330.0,270.0,230.0,520.0,276.67,407.14,30.72,25.39,91.77,52.000000000000014,108.87999999999997,81.0,0.0,0.0,0.0
2013-08-15,560,40.85,25.3,22.38,23.84,92.21,720.0,330.0,270.0,420.0,440.0,435.71,10.9,25.3,90.26,53.920000000000016,100.46999999999997,82.0,0.0,0.0,0.0
2013-08-16,720,55.51,25.18,22.4,23.79,92.97,560.0,720.0,330.0,520.0,536.67,455.71,40.85,25.3,92.21,82.47000000000001,125.80999999999997,83.0,0.0,0.0,0.0
2013-08-17,820,29.56,25.49,22.67,24.08,91.52,720.0,560.0,720.0,560.0,666.67,484.29,55.51,25.18,92.97,107.26000000000002,171.20999999999998,84.0,1.0,0.0,1.0
2013-08-18,820,29.25,25.55,22.59,24.07,91.9,820.0,720.0,560.0,230.0,700.0,521.43,29.56,25.49,91.52,125.92,188.81999999999996,85.0,0.0,0.0,0.0
2013-08-19,720,14.37,25.94,22.48,24.21,91.61,820.0,820.0,720.0,270.0,786.67,605.71,29.25,25.55,91.9,114.32000000000001,209.08999999999997,86.0,0.0,0.0,0.0
2013-08-20,660,26.54,25.76,22.74,24.25,90.9,720.0,820.0,820.0,330.0,786.67,670.0,14.37,25.94,91.61,73.18,211.15999999999994,87.0,0.0,0.0,0.0
2013-08-21,620,16.41,25.86,22.4,24.13,89.81,660.0,720.0,820.0,720.0,733.33,717.14,26.54,25.76,90.9,70.16000000000001,206.97999999999996,88.0,0.0,0.0,0.0
2013-08-22,820,16.46,25.96,22.36,24.16,89.77,620.0,660.0,720.0,560.0,666.67,702.86,16.41,25.86,89.81,57.32000000000001,212.48999999999998,89.0,0.0,0.0,0.0
2013-08-23,820,11.41,26.1,22.36,24.23,89.23,820.0,620.0,660.0,720.0,700.0,740.0,16.46,25.96,89.77,59.41000000000001,188.1,90.0,0.0,0.0,0.0
2013-08-24,820,19.81,26.04,22.4,24.22,89.71,820.0,820.0,620.0,820.0,753.33,754.29,11.41,26.1,89.23,44.280000000000015,143.99999999999997,91.0,0.0,0.0,0.0
2013-08-25,720,16.36,25.84,22.26,24.05,90.82,820.0,820.0,820.0,820.0,820.0,754.29,19.81,26.04,89.71,47.680000000000014,134.24999999999997,92.0,0.0,0.0,0.0
2013-08-26,660,6.27,26.47,21.99,24.23,89.49,720.0,820.0,820.0,720.0,786.67,740.0,16.36,25.84,90.82,47.58000000000001,121.35999999999997,93.0,0.0,0.0,0.0
2013-08-27,560,9.13,26.54,21.94,24.24,89.42,660.0,720.0,820.0,660.0,733.33,731.43,6.27,26.47,89.49,42.44000000000001,113.25999999999996,94.0,0.0,0.0,0.0
2013-08-28,820,8.58,26.3,22.16,24.23,90.35,560.0,660.0,720.0,620.0,646.67,717.14,9.13,26.54,89.42,31.760000000000012,95.84999999999998,95.0,0.0,0.0,0.0
2013-08-29,620,0.91,26.82,22.0,24.41,89.58,820.0,560.0,660.0,820.0,680.0,745.71,8.58,26.3,90.35,23.980000000000015,88.01999999999997,96.0,0.0,0.0,0.0
2013-08-30,330,0.05,27.86,22.14,25.0,87.48,620.0,820.0,560.0,820.0,666.67,717.14,0.91,26.82,89.58,18.620000000000015,72.46999999999997,0.0,0.0,0.0,0.0
2013-08-31,420,3.01,27.82,22.2,25.01,88.22,330.0,620.0,820.0,820.0,590.0,647.14,0.05,27.86,87.48,9.540000000000015,61.10999999999997,0.0,0.0,0.0,0.0
2013-09-01,250,6.41,28.24,22.52,25.38,88.1,420.0,330.0,620.0,720.0,456.67,590.0,3.01,27.82,88.22,3.970000000000014,44.30999999999997,1.0,0.0,0.0,0.0
2013-09-02,210,6.43,26.51,22.65,24.58,91.22,250.0,420.0,330.0,660.0,333.33,522.86,6.41,28.24,88.1,9.470000000000013,34.35999999999997,2.0,0.0,0.0,0.0
2013-09-03,210,4.81,26.14,21.68,23.91,88.78,210.0,250.0,420.0,560.0,293.33,458.57,6.43,26.51,91.22,15.850000000000012,34.519999999999975,3.0,0.0,0.0,0.0
2013-09-04,290,2.35,24.72,21.06,22.89,87.97,210.0,210.0,250.0,820.0,223.33,408.57,4.81,26.14,88.78,17.650000000000013,30.199999999999967,4.0,0.0,0.0,0.0
2013-09-05,520,5.25,25.94,21.26,23.6,87.32,290.0,210.0,210.0,620.0,236.67,332.86,2.35,24.72,87.97,13.590000000000014,23.96999999999997,5.0,0.0,0.0,0.0
2013-09-06,520,15.84,25.73,21.71,23.72,89.87,520.0,290.0,210.0,330.0,340.0,318.57,5.25,25.94,87.32,12.410000000000014,28.30999999999997,6.0,0.0,0.0,0.0
2013-09-07,820,16.25,25.17,21.98,23.58,89.33,520.0,520.0,290.0,420.0,443.33,345.71,15.84,25.73,89.87,23.440000000000015,44.099999999999966,7.0,0.0,0.0,0.0
2013-09-08,820,6.25,25.34,21.72,23.53,88.96,820.0,520.0,520.0,250.0,620.0,402.86,16.25,25.17,89.33,37.34000000000002,57.339999999999975,8.0,0.0,0.0,0.0
2013-09-09,330,13.53,25.59,21.43,23.51,87.25,820.0,820.0,520.0,210.0,720.0,484.29,6.25,25.34,88.96,38.34000000000002,57.179999999999964,9.0,0.0,0.0,0.0
2013-09-10,270,25.58,24.1,21.6,22.85,90.53,330.0,820.0,820.0,210.0,656.67,501.43,13.53,25.59,87.25,36.030000000000015,64.27999999999997,10.0,0.0,0.0,0.0
2013-09-11,210,6.41,24.78,21.76,23.27,91.37,270.0,330.0,820.0,290.0,473.33,510.0,25.58,24.1,90.53,45.360000000000014,85.04999999999997,11.0,0.0,0.0,0.0
2013-09-12,330,20.53,26.23,22.15,24.19,92.02,210.0,270.0,330.0,520.0,270.0,498.57,6.41,24.78,91.37,45.52000000000001,89.10999999999996,12.0,0.0,0.0,0.0
2013-09-13,270,5.12,26.12,22.78,24.45,92.75,330.0,210.0,270.0,520.0,270.0,471.43,20.53,26.23,92.02,52.52000000000001,104.38999999999996,13.0,0.0,0.0,0.0
2013-09-14,330,34.11,25.44,23.34,24.39,94.5,270.0,330.0,210.0,820.0,270.0,435.71,5.12,26.12,92.75,32.06000000000002,93.66999999999997,14.0,0.0,0.0,1.0
2013-09-15,460,8.0,26.34,22.94,24.64,91.02,330.0,270.0,330.0,820.0,310.0,365.71,34.11,25.44,94.5,59.76000000000002,111.52999999999997,15.0,0.0,0.0,1.0
2013-09-16,420,2.96,26.24,22.4,24.32,90.92,460.0,330.0,270.0,330.0,353.33,314.29,8.0,26.34,91.02,47.23000000000002,113.27999999999997,16.0,0.0,0.0,0.0
2013-09-17,310,44.3,25.68,22.64,24.16,93.35,420.0,460.0,330.0,270.0,403.33,327.14,2.96,26.24,90.92,45.07000000000002,102.70999999999997,17.0,0.0,0.0,0.0
2013-09-18,170,31.08,25.28,22.76,24.02,90.3,310.0,420.0,460.0,210.0,396.67,332.86,44.3,25.68,93.35,55.26000000000002,121.42999999999998,18.0,1.0,0.0,1.0
2013-09-19,330,20.18,25.45,22.81,24.13,90.42,170.0,310.0,420.0,330.0,300.0,327.14,31.08,25.28,90.3,78.34000000000002,146.09999999999997,19.0,0.0,0.0,0.0
2013-09-20,150,43.5,25.08,22.12,23.6,93.07,330.0,170.0,310.0,270.0,270.0,327.14,20.18,25.45,90.42,95.56000000000003,145.74999999999997,20.0,0.0,0.0,0.0
2013-09-21,150,9.03,26.32,22.04,24.18,91.57,150.0,330.0,170.0,330.0,216.67,310.0,43.5,25.08,93.07,94.76000000000002,184.12999999999997,21.0,1.0,0.0,1.0
2013-09-22,130,4.02,26.08,21.76,23.92,89.45,150.0,150.0,330.0,460.0,210.0,284.29,9.03,26.32,91.57,72.71000000000002,159.04999999999998,22.0,0.0,0.0,0.0
2013-09-23,150,8.85,25.79,21.59,23.69,87.96,130.0,150.0,150.0,420.0,143.33,237.14,4.02,26.08,89.45,56.55000000000002,155.06999999999996,23.0,0.0,0.0,0.0
2013-09-24,90,11.33,26.37,22.21,24.29,87.96,150.0,130.0,150.0,310.0,143.33,198.57,8.85,25.79,87.96,21.90000000000002,160.95999999999998,24.0,0.0,0.0,0.0
2013-09-25,90,5.22,26.86,22.4,24.63,88.14,90.0,150.0,130.0,170.0,123.33,167.14,11.33,26.37,87.96,24.20000000000002,127.98999999999997,25.0,0.0,0.0,0.0
2013-09-26,110,0.78,26.91,21.95,24.43,88.55,90.0,90.0,150.0,330.0,110.0,155.71,5.22,26.86,88.14,25.40000000000002,102.12999999999997,26.0,0.0,0.0,0.0
2013-09-27,130,0.83,27.04,22.0,24.52,88.29,110.0,90.0,90.0,150.0,96.67,124.29,0.78,26.91,88.55,17.33000000000002,82.72999999999998,0.0,0.0,0.0,0.0
2013-09-28,210,0.58,26.74,21.82,24.28,85.54,130.0,110.0,90.0,150.0,110.0,121.43,0.83,27.04,88.29,6.830000000000021,40.05999999999997,0.0,0.0,0.0,0.0
2013-09-29,170,9.01,26.44,21.94,24.19,86.82,210.0,130.0,110.0,130.0,150.0,130.0,0.58,26.74,85.54,2.1900000000000213,31.609999999999967,0.0,0.0,0.0,0.0
2013-09-30,210,12.15,26.32,22.44,24.38,89.02,170.0,210.0,130.0,150.0,170.0,135.71,9.01,26.44,86.82,10.420000000000021,36.599999999999966,1.0,0.0,0.0,0.0
2013-10-01,210,7.58,26.46,22.08,24.27,89.25,210.0,170.0,210.0,90.0,196.67,144.29,12.15,26.32,89.02,21.740000000000023,39.89999999999997,2.0,0.0,0.0,0.0
2013-10-02,560,1.08,26.0,21.9,23.95,88.55,210.0,210.0,170.0,90.0,196.67,161.43,7.58,26.46,89.25,28.740000000000023,36.14999999999998,3.0,0.0,0.0,0.0
2013-10-03,620,0.92,26.0,21.86,23.93,86.17,560.0,210.0,210.0,110.0,326.67,228.57,1.08,26.0,88.55,20.810000000000024,32.00999999999997,4.0,0.0,0.0,0.0
2013-10-04,820,5.72,26.24,21.7,23.97,85.13,620.0,560.0,210.0,130.0,463.33,301.43,0.92,26.0,86.17,9.580000000000021,32.14999999999998,0.0,0.0,0.0,0.0
2013-10-05,820,46.46,25.42,21.72,23.57,89.64,820.0,620.0,560.0,210.0,666.67,400.0,5.72,26.24,85.13,7.720000000000021,37.03999999999997,1.0,0.0,0.0,0.0
2013-10-06,820,8.58,26.94,22.12,24.53,88.94,820.0,820.0,620.0,170.0,753.33,487.14,46.46,25.42,89.64,53.10000000000002,82.91999999999997,2.0,1.0,0.0,0.0
2013-10-07,820,0.76,28.13,22.03,25.08,86.25,820.0,820.0,820.0,210.0,820.0,580.0,8.58,26.94,88.94,60.76000000000002,82.48999999999997,3.0,0.0,0.0,0.0
2013-10-08,820,12.56,26.98,22.78,24.88,88.42,820.0,820.0,820.0,210.0,820.0,667.14,0.76,28.13,86.25,55.800000000000026,71.09999999999998,0.0,0.0,0.0,0.0
2013-10-09,820,3.04,26.12,22.8,24.46,89.05,820.0,820.0,820.0,560.0,820.0,754.29,12.56,26.98,88.42,21.90000000000002,76.07999999999997,1.0,0.0,0.0,0.0
2013-10-10,820,0.6,26.71,22.27,24.49,86.01,820.0,820.0,820.0,620.0,820.0,791.43,3.04,26.12,89.05,16.36000000000002,78.03999999999998,2.0,0.0,0.0,0.0
2013-10-11,820,0.89,26.72,21.67,24.19,84.35,820.0,820.0,820.0,820.0,820.0,820.0,0.6,26.71,86.01,16.20000000000002,77.71999999999997,0.0,0.0,0.0,0.0
2013-10-12,820,13.72,26.63,22.01,24.32,87.95,820.0,820.0,820.0,820.0,820.0,820.0,0.89,26.72,84.35,4.530000000000022,72.88999999999997,0.0,0.0,0.0,0.0
2013-10-13,820,8.97,26.82,22.52,24.67,88.21,820.0,820.0,820.0,820.0,820.0,820.0,13.72,26.63,87.95,15.210000000000022,40.14999999999997,1.0,0.0,0.0,0.0
2013-10-14,820,0.31,27.31,22.51,24.91,87.04,820.0,820.0,820.0,820.0,820.0,820.0,8.97,26.82,88.21,23.580000000000023,40.53999999999998,2.0,0.0,0.0,0.0
2013-10-15,720,0.26,28.22,22.62,25.42,86.08,820.0,820.0,820.0,820.0,820.0,820.0,0.31,27.31,87.04,23.00000000000002,40.08999999999997,0.0,0.0,0.0,0.0
2013-10-16,420,7.6,26.99,23.29,25.14,90.33,720.0,820.0,820.0,820.0,786.67,805.71,0.26,28.22,86.08,9.540000000000022,27.789999999999974,0.0,0.0,0.0,0.0
2013-10-17,820,1.34,29.0,22.28,25.64,86.32,420.0,720.0,820.0,820.0,653.33,748.57,7.6,26.99,90.33,8.170000000000021,32.34999999999997,1.0,0.0,0.0,0.0
2013-10-18,460,4.98,29.42,22.12,25.77,84.64,820.0,420.0,720.0,820.0,653.33,748.57,1.34,29.0,86.32,9.200000000000022,33.089999999999975,2.0,0.0,0.0,0.0
2013-10-19,420,14.33,28.94,21.92,25.43,86.26,460.0,820.0,420.0,820.0,566.67,697.14,4.98,29.42,84.64,13.920000000000023,37.17999999999997,3.0,0.0,0.0,0.0
2013-10-20,420,1.09,28.32,21.44,24.88,80.73,420.0,460.0,820.0,820.0,566.67,640.0,14.33,28.94,86.26,20.65000000000002,37.78999999999998,4.0,0.0,0.0,0.0
2013-10-21,370,1.29,28.76,21.48,25.12,81.84,420.0,420.0,460.0,820.0,433.33,582.86,1.09,28.32,80.73,20.40000000000002,29.90999999999997,5.0,0.0,0.0,0.0
2013-10-22,520,7.54,28.42,22.42,25.42,83.85,370.0,420.0,420.0,720.0,403.33,518.57,1.29,28.76,81.84,16.71000000000002,30.889999999999972,6.0,0.0,0.0,0.0
2013-10-23,270,5.06,28.64,22.58,25.61,83.18,520.0,370.0,420.0,420.0,436.67,490.0,7.54,28.42,83.85,9.92000000000002,38.16999999999997,7.0,0.0,0.0,0.0
2013-10-24,270,15.78,26.59,22.51,24.55,87.5,270.0,520.0,370.0,820.0,386.67,468.57,5.06,28.64,83.18,13.890000000000018,35.62999999999997,8.0,0.0,0.0,0.0
2013-10-25,210,7.77,26.7,23.18,24.94,89.85,270.0,270.0,520.0,460.0,353.33,390.0,15.78,26.59,87.5,28.380000000000017,50.06999999999997,9.0,0.0,0.0,0.0
2013-10-26,210,16.97,26.6,22.66,24.63,88.15,210.0,270.0,270.0,420.0,250.0,354.29,7.77,26.7,89.85,28.61000000000002,52.85999999999997,10.0,0.0,0.0,0.0
2013-10-27,170,2.15,26.78,22.1,24.44,85.79,210.0,210.0,270.0,420.0,230.0,324.29,16.97,26.6,88.15,40.520000000000024,55.49999999999997,11.0,0.0,0.0,0.0
2013-10-28,170,2.26,26.55,22.01,24.28,84.52,170.0,210.0,210.0,370.0,196.67,288.57,2.15,26.78,85.79,26.89000000000002,56.55999999999997,12.0,0.0,0.0,0.0
2013-10-29,170,0.42,27.42,22.36,24.89,85.16,170.0,170.0,210.0,520.0,183.33,260.0,2.26,26.55,84.52,21.38000000000002,57.529999999999966,13.0,0.0,0.0,0.0
2013-10-30,310,0.08,26.56,22.56,24.56,85.79,170.0,170.0,170.0,270.0,170.0,210.0,0.42,27.42,85.16,4.830000000000021,50.40999999999997,0.0,0.0,0.0,0.0
2013-10-31,370,0.0,28.87,22.21,25.54,79.03,310.0,170.0,170.0,270.0,216.67,215.71,0.08,26.56,85.79,2.760000000000021,45.42999999999997,0.0,0.0,0.0,0.0
2013-11-01,460,0.06,29.25,22.75,26.0,80.99,370.0,310.0,170.0,210.0,283.33,230.0,0.0,28.87,79.03,0.5000000000000213,29.64999999999997,0.0,0.0,0.0,0.0
2013-11-02,820,26.24,29.49,23.08,26.29,81.01,460.0,370.0,310.0,210.0,380.0,265.71,0.06,29.25,80.99,0.14000000000002133,21.93999999999997,0.0,0.0,0.0,0.0
2013-11-03,820,9.28,28.5,22.78,25.64,83.83,820.0,460.0,370.0,170.0,550.0,352.86,26.24,29.49,81.01,26.30000000000002,31.20999999999997,1.0,0.0,0.0,0.0
2013-11-04,460,0.17,28.49,22.63,25.56,80.32,820.0,820.0,460.0,170.0,700.0,445.71,9.28,28.5,83.83,35.58000000000002,38.33999999999997,2.0,0.0,0.0,0.0
2013-11-05,520,0.0,28.26,21.66,24.96,77.29,460.0,820.0,820.0,170.0,700.0,487.14,0.17,28.49,80.32,35.69000000000002,36.24999999999997,0.0,0.0,0.0,0.0
2013-11-06,820,0.0,29.48,21.48,25.48,77.09,520.0,460.0,820.0,310.0,600.0,537.14,0.0,28.26,77.29,9.45000000000002,35.82999999999997,0.0,0.0,0.0,0.0
2013-11-07,720,0.07,29.2,21.42,25.31,76.76,820.0,520.0,460.0,370.0,600.0,610.0,0.0,29.48,77.09,0.17000000000002133,35.74999999999997,0.0,0.0,0.0,0.0
2013-11-08,820,0.0,29.36,20.4,24.88,75.09,720.0,820.0,520.0,460.0,686.67,660.0,0.07,29.2,76.76,0.07000000000002132,35.81999999999997,0.0,0.0,0.0,0.0
2013-11-09,820,0.0,28.53,19.75,24.14,69.65,820.0,720.0,820.0,820.0,786.67,711.43,0.0,29.36,75.09,0.07000000000002132,35.75999999999997,0.0,0.0,0.0,0.0
2013-11-10,520,0.0,28.24,19.22,23.73,73.93,820.0,820.0,720.0,820.0,786.67,711.43,0.0,28.53,69.65,0.07000000000002132,9.519999999999971,0.0,0.0,0.0,0.0
2013-11-11,520,0.0,29.24,20.15,24.69,74.0,520.0,820.0,820.0,460.0,720.0,668.57,0.0,28.24,73.93,0.0,0.2399999999999716,0.0,0.0,0.0,0.0
2013-11-12,460,0.01,28.66,20.62,24.64,78.52,520.0,520.0,820.0,520.0,620.0,677.14,0.0,29.24,74.0,0.0,0.06999999999997158,0.0,0.0,0.0,0.0
2013-11-13,820,5.47,28.23,21.23,24.73,77.57,460.0,520.0,520.0,820.0,500.0,668.57,0.01,28.66,78.52,0.010000000000021316,0.07999999999997158,0.0,0.0,0.0,0.0
2013-11-14,720,0.37,28.24,20.42,24.33,78.43,820.0,460.0,520.0,720.0,600.0,668.57,5.47,28.23,77.57,5.480000000000021,5.549999999999971,1.0,0.0,0.0,0.0
2013-11-15,560,0.0,27.52,17.3,22.41,72.22,720.0,820.0,460.0,820.0,666.67,668.57,0.37,28.24,78.43,5.850000000000021,5.849999999999971,0.0,0.0,0.0,0.0
2013-11-16,720,0.06,29.26,18.44,23.85,76.63,560.0,720.0,820.0,820.0,700.0,631.43,0.0,27.52,72.22,5.840000000000021,5.849999999999971,0.0,0.0,0.0,0.0
2013-11-17,620,0.23,27.64,21.4,24.52,81.79,720.0,560.0,720.0,520.0,666.67,617.14,0.06,29.26,76.63,0.4300000000000213,5.909999999999971,0.0,0.0,0.0,0.0
2013-11-18,820,0.09,28.55,21.49,25.02,77.12,620.0,720.0,560.0,520.0,633.33,631.43,0.23,27.64,81.79,0.29000000000002135,6.139999999999971,0.0,0.0,0.0,0.0
2013-11-19,820,0.0,28.86,21.8,25.33,74.4,820.0,620.0,720.0,460.0,720.0,674.29,0.09,28.55,77.12,0.3800000000000213,6.229999999999971,0.0,0.0,0.0,0.0
2013-11-20,350,0.0,30.02,19.78,24.9,73.8,820.0,820.0,620.0,820.0,753.33,725.71,0.0,28.86,74.4,0.3200000000000213,6.219999999999971,0.0,0.0,0.0,0.0
2013-11-21,460,0.0,29.22,19.02,24.12,69.4,350.0,820.0,820.0,720.0,663.33,658.57,0.0,30.02,73.8,0.09000000000002131,0.7499999999999716,0.0,0.0,0.0,0.0
2013-11-22,560,0.0,29.35,19.72,24.53,72.51,460.0,350.0,820.0,560.0,543.33,621.43,0.0,29.22,69.4,0.0,0.3799999999999716,0.0,0.0,0.0,0.0
2013-11-23,720,1.16,29.32,21.08,25.2,75.89,560.0,460.0,350.0,720.0,456.67,621.43,0.0,29.35,72.51,0.0,0.3799999999999716,0.0,0.0,0.0,0.0
2013-11-24,820,0.07,27.73,22.53,25.13,81.45,720.0,560.0,460.0,620.0,580.0,621.43,1.16,29.32,75.89,1.1600000000000212,1.4799999999999716,1.0,0.0,0.0,0.0
2013-11-25,310,0.12,27.6,22.3,24.95,82.76,820.0,720.0,560.0,820.0,700.0,650.0,0.07,27.73,81.45,1.2300000000000213,1.3199999999999716,0.0,0.0,0.0,0.0
2013-11-26,370,13.71,28.91,22.17,25.54,81.8,310.0,820.0,720.0,820.0,616.67,577.14,0.12,27.6,82.76,1.3500000000000212,1.3499999999999714,0.0,0.0,0.0,0.0
2013-11-27,370,1.78,28.05,21.51,24.78,82.19,370.0,310.0,820.0,350.0,500.0,512.86,13.71,28.91,81.8,13.900000000000022,15.059999999999972,1.0,0.0,0.0,0.0
2013-11-28,370,0.0,26.61,20.61,23.61,72.03,370.0,370.0,310.0,460.0,350.0,515.71,1.78,28.05,82.19,15.61000000000002,16.83999999999997,2.0,0.0,0.0,0.0
2013-11-29,310,0.0,28.34,20.26,24.3,74.81,370.0,370.0,370.0,560.0,370.0,502.86,0.0,26.61,72.03,15.490000000000022,16.83999999999997,0.0,0.0,0.0,0.0
2013-11-30,250,0.09,28.22,21.0,24.61,81.54,310.0,370.0,370.0,720.0,350.0,467.14,0.0,28.34,74.81,1.7800000000000213,16.83999999999997,0.0,0.0,0.0,0.0
2013-12-01,210,2.54,29.62,21.44,25.53,79.2,250.0,310.0,370.0,820.0,310.0,400.0,0.09,28.22,81.54,0.09000000000002131,15.769999999999971,0.0,0.0,0.0,0.0
2013-12-02,210,0.61,28.26,21.84,25.05,78.73,210.0,250.0,310.0,310.0,256.67,312.86,2.54,29.62,79.2,2.630000000000021,18.239999999999974,1.0,0.0,0.0,0.0
2013-12-03,210,0.0,28.52,21.7,25.11,73.45,210.0,210.0,250.0,370.0,223.33,298.57,0.61,28.26,78.73,3.240000000000021,18.729999999999972,0.0,0.0,0.0,0.0
2013-12-04,310,0.0,28.38,19.9,24.14,71.62,210.0,210.0,210.0,370.0,210.0,275.71,0.0,28.52,73.45,3.1500000000000212,5.019999999999972,0.0,0.0,0.0,0.0
2013-12-05,520,0.0,28.36,18.16,23.26,71.82,310.0,210.0,210.0,370.0,243.33,267.14,0.0,28.38,71.62,0.6100000000000213,3.2399999999999713,0.0,0.0,0.0,0.0
2013-12-06,640,0.0,28.04,18.26,23.15,64.88,520.0,310.0,210.0,310.0,346.67,288.57,0.0,28.36,71.82,0.0,3.239999999999972,0.0,0.0,0.0,0.0
2013-12-07,820,0.0,27.18,17.5,22.34,70.67,640.0,520.0,310.0,250.0,490.0,335.71,0.0,28.04,64.88,0.0,3.239999999999972,0.0,0.0,0.0,0.0
2013-12-08,460,0.0,29.37,18.45,23.91,74.28,820.0,640.0,520.0,210.0,660.0,417.14,0.0,27.18,70.67,0.0,3.1499999999999715,0.0,0.0,0.0,0.0
2013-12-09,560,0.0,29.16,17.8,23.48,67.25,460.0,820.0,640.0,210.0,640.0,452.86,0.0,29.37,74.28,0.0,0.6099999999999716,0.0,0.0,0.0,0.0
2013-12-10,820,0.0,28.56,16.8,22.68,52.56,560.0,460.0,820.0,210.0,613.33,502.86,0.0,29.16,67.25,0.0,0.0,0.0,0.0,0.0,0.0
2013-12-11,820,0.0,28.49,15.05,21.77,61.19,820.0,560.0,460.0,310.0,613.33,590.0,0.0,28.56,52.56,0.0,0.0,0.0,0.0,0.0,0.0
2013-12-12,820,0.03,29.52,15.64,22.58,73.11,820.0,820.0,560.0,520.0,733.33,662.86,0.0,28.49,61.19,0.0,0.0,0.0,0.0,0.0,0.0
2013-12-13,820,0.01,28.88,20.22,24.55,76.83,820.0,820.0,820.0,640.0,820.0,705.71,0.03,29.52,73.11,0.030000000000021315,0.029999999999971577,0.0,0.0,0.0,0.0
2013-12-14,820,0.0,29.48,20.88,25.18,77.69,820.0,820.0,820.0,820.0,820.0,731.43,0.01,28.88,76.83,0.04000000000002132,0.03999999999997158,0.0,0.0,0.0,0.0
2013-12-15,720,0.0,30.26,17.08,23.67,69.69,820.0,820.0,820.0,460.0,820.0,731.43,0.0,29.48,77.69,0.04000000000002132,0.03999999999997158,0.0,0.0,0.0,0.0
2013-12-16,620,0.0,27.4,14.84,21.12,64.73,720.0,820.0,820.0,560.0,786.67,768.57,0.0,30.26,69.69,0.010000000000021316,0.03999999999997158,0.0,0.0,0.0,0.0
2013-12-17,720,0.0,27.3,15.44,21.37,62.25,620.0,720.0,820.0,820.0,720.0,777.14,0.0,27.4,64.73,0.0,0.03999999999997158,0.0,0.0,0.0,0.0
2013-12-18,820,0.0,27.74,17.01,22.37,60.74,720.0,620.0,720.0,820.0,686.67,762.86,0.0,27.3,62.25,0.0,0.03999999999997158,0.0,0.0,0.0,0.0
2013-12-19,820,0.0,27.64,17.98,22.81,64.86,820.0,720.0,620.0,820.0,720.0,762.86,0.0,27.74,60.74,0.0,0.03999999999997158,0.0,0.0,0.0,0.0
2013-12-20,820,0.0,27.98,17.64,22.81,62.97,820.0,820.0,720.0,820.0,786.67,762.86,0.0,27.64,64.86,0.0,0.009999999999971578,0.0,0.0,0.0,0.0
2013-12-21,820,0.0,27.78,17.9,22.84,70.88,820.0,820.0,820.0,820.0,820.0,762.86,0.0,27.98,62.97,0.0,0.0,0.0,0.0,0.0,0.0
2013-12-22,820,0.0,27.98,17.76,22.87,73.41,820.0,820.0,820.0,720.0,820.0,762.86,0.0,27.78,70.88,0.0,0.0,0.0,0.0,0.0,0.0
2013-12-23,820,0.0,27.3,17.2,22.25,71.87,820.0,820.0,820.0,620.0,820.0,777.14,0.0,27.98,73.41,0.0,0.0,0.0,0.0,0.0,0.0
2013-12-24,820,0.0,27.66,17.95,22.81,66.4,820.0,820.0,820.0,720.0,820.0,805.71,0.0,27.3,71.87,0.0,0.0,0.0,0.0,0.0,0.0
2013-12-25,820,0.0,28.14,18.72,23.43,70.26,820.0,820.0,820.0,820.0,820.0,820.0,0.0,27.66,66.4,0.0,0.0,0.0,0.0,0.0,0.0
2013-12-26,820,0.0,28.14,18.42,23.28,70.13,820.0,820.0,820.0,820.0,820.0,820.0,0.0,28.14,70.26,0.0,0.0,0.0,0.0,0.0,0.0
2013-12-27,820,0.0,27.44,18.48,22.96,68.66,820.0,820.0,820.0,820.0,820.0,820.0,0.0,28.14,70.13,0.0,0.0,0.0,0.0,0.0,0.0
2013-12-28,520,0.0,27.18,18.54,22.86,76.85,820.0,820.0,820.0,820.0,820.0,820.0,0.0,27.44,68.66,0.0,0.0,0.0,0.0,0.0,0.0
2013-12-29,310,0.0,27.44,19.22,23.33,72.74,520.0,820.0,820.0,820.0,720.0,777.14,0.0,27.18,76.85,0.0,0.0,0.0,0.0,0.0,0.0
2013-12-30,230,0.0,28.0,17.93,22.97,70.09,310.0,520.0,820.0,820.0,550.0,704.29,0.0,27.44,72.74,0.0,0.0,0.0,0.0,0.0,0.0
2013-12-31,230,0.0,27.82,17.5,22.66,72.82,230.0,310.0,520.0,820.0,353.33,620.0,0.0,28.0,70.09,0.0,0.0,0.0,0.0,0.0,0.0
2014-01-01,240,0.0,27.94,18.16,23.05,69.92,230.0,230.0,310.0,820.0,256.67,535.71,0.0,27.82,72.82,0.0,0.0,0.0,0.0,0.0,0.0
2014-01-02,520,0.0,27.64,17.65,22.65,71.52,240.0,230.0,230.0,820.0,233.33,452.86,0.0,27.94,69.92,0.0,0.0,0.0,0.0,0.0,0.0
2014-01-03,420,0.0,28.38,18.06,23.22,69.32,520.0,240.0,230.0,820.0,330.0,410.0,0.0,27.64,71.52,0.0,0.0,0.0,0.0,0.0,0.0
2014-01-04,660,0.0,28.68,18.88,23.78,74.86,420.0,520.0,240.0,520.0,393.33,352.86,0.0,28.38,69.32,0.0,0.0,0.0,0.0,0.0,0.0
2014-01-05,370,0.0,28.17,18.4,23.29,71.64,660.0,420.0,520.0,310.0,533.33,372.86,0.0,28.68,74.86,0.0,0.0,0.0,0.0,0.0,0.0
2014-01-06,330,0.0,28.72,17.52,23.12,69.28,370.0,660.0,420.0,230.0,483.33,381.43,0.0,28.17,71.64,0.0,0.0,0.0,0.0,0.0,0.0
2014-01-07,330,0.0,28.6,16.96,22.78,65.52,330.0,370.0,660.0,230.0,453.33,395.71,0.0,28.72,69.28,0.0,0.0,0.0,0.0,0.0,0.0
2014-01-08,420,0.0,28.96,17.98,23.47,64.97,330.0,330.0,370.0,240.0,343.33,410.0,0.0,28.6,65.52,0.0,0.0,0.0,0.0,0.0,0.0
2014-01-09,520,0.0,29.2,19.37,24.28,67.97,420.0,330.0,330.0,520.0,360.0,435.71,0.0,28.96,64.97,0.0,0.0,0.0,0.0,0.0,0.0
2014-01-10,460,0.0,28.66,19.18,23.92,75.5,520.0,420.0,330.0,420.0,423.33,435.71,0.0,29.2,67.97,0.0,0.0,0.0,0.0,0.0,0.0
2014-01-11,820,0.0,28.48,19.4,23.94,73.61,460.0,520.0,420.0,660.0,466.67,441.43,0.0,28.66,75.5,0.0,0.0,0.0,0.0,0.0,0.0
2014-01-12,460,0.0,28.86,19.84,24.35,73.97,820.0,460.0,520.0,370.0,600.0,464.29,0.0,28.48,73.61,0.0,0.0,0.0,0.0,0.0,0.0
2014-01-13,620,0.0,29.38,19.68,24.53,66.32,460.0,820.0,460.0,330.0,580.0,477.14,0.0,28.86,73.97,0.0,0.0,0.0,0.0,0.0,0.0
2014-01-14,520,0.0,28.7,19.94,24.32,69.6,620.0,460.0,820.0,330.0,633.33,518.57,0.0,29.38,66.32,0.0,0.0,0.0,0.0,0.0,0.0
2014-01-15,520,0.0,29.1,20.16,24.63,74.07,520.0,620.0,460.0,420.0,533.33,545.71,0.0,28.7,69.6,0.0,0.0,0.0,0.0,0.0,0.0
2014-01-16,820,0.0,29.03,20.79,24.91,73.67,520.0,520.0,620.0,520.0,553.33,560.0,0.0,29.1,74.07,0.0,0.0,0.0,0.0,0.0,0.0
2014-01-17,820,0.53,28.9,21.14,25.02,75.36,820.0,520.0,520.0,460.0,620.0,602.86,0.0,29.03,73.67,0.0,0.0,0.0,0.0,0.0,0.0
2014-01-18,820,0.0,28.72,21.3,25.01,73.32,820.0,820.0,520.0,820.0,720.0,654.29,0.53,28.9,75.36,0.5300000000000213,0.5299999999999716,0.0,0.0,0.0,0.0
2014-01-19,560,0.0,29.44,20.7,25.07,64.84,820.0,820.0,820.0,460.0,820.0,654.29,0.0,28.72,73.32,0.5300000000000213,0.5299999999999716,0.0,0.0,0.0,0.0
2014-01-20,460,0.0,29.62,21.02,25.32,68.23,560.0,820.0,820.0,620.0,733.33,668.57,0.0,29.44,64.84,0.5300000000000213,0.5299999999999716,0.0,0.0,0.0,0.0
2014-01-21,460,0.0,29.69,20.09,24.89,61.95,460.0,560.0,820.0,520.0,613.33,645.71,0.0,29.62,68.23,0.0,0.5299999999999716,0.0,0.0,0.0,0.0
2014-01-22,820,0.0,29.32,19.98,24.65,69.1,460.0,460.0,560.0,520.0,493.33,637.14,0.0,29.69,61.95,0.0,0.5299999999999716,0.0,0.0,0.0,0.0
2014-01-23,660,0.0,28.78,20.74,24.76,69.47,820.0,460.0,460.0,820.0,580.0,680.0,0.0,29.32,69.1,0.0,0.5299999999999716,0.0,0.0,0.0,0.0
2014-01-24,620,0.0,28.37,20.49,24.43,70.61,660.0,820.0,460.0,820.0,646.67,657.14,0.0,28.78,69.47,0.0,0.5299999999999716,0.0,0.0,0.0,0.0
2014-01-25,820,0.0,29.72,19.84,24.78,63.69,620.0,660.0,820.0,820.0,700.0,628.57,0.0,28.37,70.61,0.0,0.0,0.0,0.0,0.0,0.0
2014-01-26,310,0.0,29.94,19.6,24.77,61.29,820.0,620.0,660.0,560.0,700.0,628.57,0.0,29.72,63.69,0.0,0.0,0.0,0.0,0.0,0.0
2014-01-27,250,0.0,28.5,19.65,24.08,60.86,310.0,820.0,620.0,460.0,583.33,592.86,0.0,29.94,61.29,0.0,0.0,0.0,0.0,0.0,0.0
2014-01-28,230,0.0,29.06,18.6,23.83,63.16,250.0,310.0,820.0,460.0,460.0,562.86,0.0,28.5,60.86,0.0,0.0,0.0,0.0,0.0,0.0
2014-01-29,210,0.0,30.22,18.8,24.51,61.65,230.0,250.0,310.0,820.0,263.33,530.0,0.0,29.06,63.16,0.0,0.0,0.0,0.0,0.0,0.0
2014-01-30,230,0.0,29.21,19.47,24.34,61.85,210.0,230.0,250.0,660.0,230.0,442.86,0.0,30.22,61.65,0.0,0.0,0.0,0.0,0.0,0.0
2014-01-31,290,0.0,29.75,18.91,24.33,61.15,230.0,210.0,230.0,620.0,223.33,381.43,0.0,29.21,61.85,0.0,0.0,0.0,0.0,0.0,0.0
2014-02-01,620,0.0,30.08,18.98,24.53,59.17,290.0,230.0,210.0,820.0,243.33,334.29,0.0,29.75,61.15,0.0,0.0,0.0,0.0,0.0,0.0
2014-02-02,330,0.0,31.23,19.77,25.5,60.48,620.0,290.0,230.0,310.0,380.0,305.71,0.0,30.08,59.17,0.0,0.0,0.0,0.0,0.0,0.0
2014-02-03,210,0.0,30.96,19.6,25.28,62.37,330.0,620.0,290.0,250.0,413.33,308.57,0.0,31.23,60.48,0.0,0.0,0.0,0.0,0.0,0.0
2014-02-04,310,0.0,31.24,19.22,25.23,61.03,210.0,330.0,620.0,230.0,386.67,302.86,0.0,30.96,62.37,0.0,0.0,0.0,0.0,0.0,0.0
2014-02-05,210,0.0,30.72,19.34,25.03,61.82,310.0,210.0,330.0,210.0,283.33,314.29,0.0,31.24,61.03,0.0,0.0,0.0,0.0,0.0,0.0
2014-02-06,290,0.0,31.12,18.22,24.67,55.03,210.0,310.0,210.0,230.0,243.33,314.29,0.0,30.72,61.82,0.0,0.0,0.0,0.0,0.0,0.0
2014-02-07,270,0.0,30.7,18.12,24.41,63.26,290.0,210.0,310.0,290.0,270.0,322.86,0.0,31.12,55.03,0.0,0.0,0.0,0.0,0.0,0.0
2014-02-08,820,0.0,30.33,18.51,24.42,64.38,270.0,290.0,210.0,620.0,256.67,320.0,0.0,30.7,63.26,0.0,0.0,0.0,0.0,0.0,0.0
2014-02-09,270,0.0,30.12,19.06,24.59,65.32,820.0,270.0,290.0,330.0,460.0,348.57,0.0,30.33,64.38,0.0,0.0,0.0,0.0,0.0,0.0
2014-02-10,270,0.0,29.44,17.9,23.67,60.49,270.0,820.0,270.0,210.0,453.33,340.0,0.0,30.12,65.32,0.0,0.0,0.0,0.0,0.0,0.0
2014-02-11,270,0.0,31.17,18.63,24.9,58.32,270.0,270.0,820.0,310.0,453.33,348.57,0.0,29.44,60.49,0.0,0.0,0.0,0.0,0.0,0.0
2014-02-12,370,0.0,28.62,20.46,24.54,68.35,270.0,270.0,270.0,210.0,270.0,342.86,0.0,31.17,58.32,0.0,0.0,0.0,0.0,0.0,0.0
2014-02-13,420,0.0,28.2,20.2,24.2,72.85,370.0,270.0,270.0,290.0,303.33,365.71,0.0,28.62,68.35,0.0,0.0,0.0,0.0,0.0,0.0
2014-02-14,420,0.0,28.21,20.03,24.12,71.88,420.0,370.0,270.0,270.0,353.33,384.29,0.0,28.2,72.85,0.0,0.0,0.0,0.0,0.0,0.0
2014-02-15,390,0.0,28.38,19.58,23.98,68.28,420.0,420.0,370.0,820.0,403.33,405.71,0.0,28.21,71.88,0.0,0.0,0.0,0.0,0.0,0.0
2014-02-16,520,0.0,28.41,18.89,23.65,70.17,390.0,420.0,420.0,270.0,410.0,344.29,0.0,28.38,68.28,0.0,0.0,0.0,0.0,0.0,0.0
2014-02-17,520,0.0,30.49,18.69,24.59,61.69,520.0,390.0,420.0,270.0,443.33,380.0,0.0,28.41,70.17,0.0,0.0,0.0,0.0,0.0,0.0
2014-02-18,620,0.0,31.76,20.6,26.18,66.31,520.0,520.0,390.0,270.0,476.67,415.71,0.0,30.49,61.69,0.0,0.0,0.0,0.0,0.0,0.0
2014-02-19,460,0.0,30.53,20.94,25.74,68.94,620.0,520.0,520.0,370.0,553.33,465.71,0.0,31.76,66.31,0.0,0.0,0.0,0.0,0.0,0.0
2014-02-20,460,0.0,30.06,20.96,25.51,69.94,460.0,620.0,520.0,420.0,533.33,478.57,0.0,30.53,68.94,0.0,0.0,0.0,0.0,0.0,0.0
2014-02-21,390,0.0,29.97,21.27,25.62,68.14,460.0,460.0,620.0,420.0,513.33,484.29,0.0,30.06,69.94,0.0,0.0,0.0,0.0,0.0,0.0
2014-02-22,520,0.0,30.72,20.9,25.81,70.73,390.0,460.0,460.0,390.0,436.67,480.0,0.0,29.97,68.14,0.0,0.0,0.0,0.0,0.0,0.0
2014-02-23,560,0.0,32.04,20.94,26.49,61.92,520.0,390.0,460.0,520.0,456.67,498.57,0.0,30.72,70.73,0.0,0.0,0.0,0.0,0.0,0.0
2014-02-24,330,0.0,32.08,20.5,26.29,59.33,560.0,520.0,390.0,520.0,490.0,504.29,0.0,32.04,61.92,0.0,0.0,0.0,0.0,0.0,0.0
2014-02-25,210,0.0,31.96,21.9,26.93,70.34,330.0,560.0,520.0,620.0,470.0,477.14,0.0,32.08,59.33,0.0,0.0,0.0,0.0,0.0,0.0
2014-02-26,210,0.04,30.6,22.34,26.47,73.46,210.0,330.0,560.0,460.0,366.67,418.57,0.0,31.96,70.34,0.0,0.0,0.0,0.0,0.0,0.0
2014-02-27,270,0.96,30.21,22.09,26.15,72.47,210.0,210.0,330.0,460.0,250.0,382.86,0.04,30.6,73.46,0.04000000000002132,0.03999999999997158,0.0,0.0,0.0,0.0
2014-02-28,270,0.03,30.4,21.16,25.78,70.37,270.0,210.0,210.0,390.0,230.0,355.71,0.96,30.21,72.47,1.0000000000000213,0.9999999999999716,0.0,0.0,0.0,0.0
2014-03-01,310,0.0,31.26,19.42,25.34,65.17,270.0,270.0,210.0,520.0,250.0,338.57,0.03,30.4,70.37,1.0300000000000213,1.0299999999999716,0.0,0.0,0.0,0.0
2014-03-02,230,0.01,30.14,18.9,24.52,59.06,310.0,270.0,270.0,560.0,283.33,308.57,0.0,31.26,65.17,0.9900000000000213,1.0299999999999716,0.0,0.0,0.0,0.0
2014-03-03,130,0.52,30.62,19.22,24.92,62.02,230.0,310.0,270.0,330.0,270.0,261.43,0.01,30.14,59.06,0.04000000000002132,1.0399999999999716,0.0,0.0,0.0,0.0
2014-03-04,270,0.06,30.2,20.36,25.28,70.13,130.0,230.0,310.0,210.0,223.33,232.86,0.52,30.62,62.02,0.5300000000000213,1.5599999999999716,0.0,0.0,0.0,0.0
2014-03-05,250,0.01,30.8,19.88,25.34,68.67,270.0,130.0,230.0,210.0,210.0,241.43,0.06,30.2,70.13,0.5900000000000214,1.6199999999999717,0.0,0.0,0.0,0.0
2014-03-06,290,0.0,30.92,19.76,25.34,66.22,250.0,270.0,130.0,270.0,216.67,247.14,0.01,30.8,68.67,0.5900000000000213,1.5899999999999717,0.0,0.0,0.0,0.0
2014-03-07,270,0.92,33.21,20.99,27.1,59.22,290.0,250.0,270.0,270.0,270.0,250.0,0.0,30.92,66.22,0.07000000000002131,0.6299999999999716,0.0,0.0,0.0,0.0
2014-03-08,520,0.69,33.25,21.85,27.55,62.36,270.0,290.0,250.0,310.0,270.0,250.0,0.92,33.21,59.22,0.9300000000000214,1.5199999999999716,0.0,0.0,0.0,0.0
2014-03-09,210,0.29,32.22,22.64,27.43,64.79,520.0,270.0,290.0,230.0,360.0,280.0,0.69,33.25,62.36,1.6100000000000212,2.2099999999999715,0.0,0.0,0.0,0.0
2014-03-10,170,0.01,32.0,22.88,27.44,65.4,210.0,520.0,270.0,130.0,333.33,277.14,0.29,32.22,64.79,1.9000000000000212,2.489999999999972,0.0,0.0,0.0,0.0
2014-03-11,150,0.0,32.51,22.81,27.66,63.03,170.0,210.0,520.0,270.0,300.0,282.86,0.01,32.0,65.4,0.9900000000000212,1.9799999999999716,0.0,0.0,0.0,0.0
2014-03-12,170,0.0,30.56,22.7,26.63,56.97,150.0,170.0,210.0,250.0,176.67,265.71,0.0,32.51,63.03,0.3000000000000213,1.9199999999999715,0.0,0.0,0.0,0.0
2014-03-13,230,0.0,33.68,20.88,27.28,47.68,170.0,150.0,170.0,290.0,163.33,254.29,0.0,30.56,56.97,0.010000000000021316,1.9099999999999715,0.0,0.0,0.0,0.0
2014-03-14,330,0.0,34.98,20.78,27.88,54.56,230.0,170.0,150.0,270.0,183.33,245.71,0.0,33.68,47.68,0.0,1.9099999999999715,0.0,0.0,0.0,0.0
2014-03-15,330,0.0,34.7,21.02,27.86,54.14,330.0,230.0,170.0,520.0,243.33,254.29,0.0,34.98,54.56,0.0,0.9899999999999715,0.0,0.0,1.0,0.0
2014-03-16,460,0.0,36.07,20.99,28.53,49.79,330.0,330.0,230.0,210.0,296.67,227.14,0.0,34.7,54.14,0.0,0.29999999999997157,0.0,0.0,1.0,0.0
2014-03-17,310,0.0,35.19,21.49,28.34,56.09,460.0,330.0,330.0,170.0,373.33,262.86,0.0,36.07,49.79,0.0,0.009999999999971578,0.0,0.0,1.0,0.0
2014-03-18,250,0.0,35.25,21.5,28.38,52.08,310.0,460.0,330.0,150.0,366.67,282.86,0.0,35.19,56.09,0.0,0.0,0.0,0.0,1.0,0.0
2014-03-19,370,0.0,34.83,21.86,28.34,58.16,250.0,310.0,460.0,170.0,340.0,297.14,0.0,35.25,52.08,0.0,0.0,0.0,0.0,1.0,0.0
2014-03-20,250,0.0,34.26,22.38,28.32,65.02,370.0,250.0,310.0,230.0,310.0,325.71,0.0,34.83,58.16,0.0,0.0,0.0,0.0,1.0,0.0
2014-03-21,310,0.0,33.52,23.64,28.58,65.26,250.0,370.0,250.0,330.0,290.0,328.57,0.0,34.26,65.02,0.0,0.0,0.0,0.0,1.0,0.0
2014-03-22,170,0.0,34.15,22.71,28.43,58.26,310.0,250.0,370.0,330.0,310.0,325.71,0.0,33.52,65.26,0.0,0.0,0.0,0.0,0.0,0.0
2014-03-23,210,0.0,33.67,22.64,28.16,60.51,170.0,310.0,250.0,460.0,243.33,302.86,0.0,34.15,58.26,0.0,0.0,0.0,0.0,1.0,0.0
2014-03-24,210,0.0,33.85,22.86,28.36,61.07,210.0,170.0,310.0,310.0,230.0,267.14,0.0,33.67,60.51,0.0,0.0,0.0,0.0,0.0,0.0
2014-03-25,170,0.0,34.97,22.11,28.54,56.68,210.0,210.0,170.0,250.0,196.67,252.86,0.0,33.85,61.07,0.0,0.0,0.0,0.0,1.0,0.0
2014-03-26,170,0.0,36.37,22.03,29.2,53.61,170.0,210.0,210.0,370.0,196.67,241.43,0.0,34.97,56.68,0.0,0.0,0.0,0.0,1.0,0.0
2014-03-27,170,0.0,34.26,22.64,28.45,60.13,170.0,170.0,210.0,250.0,183.33,212.86,0.0,36.37,53.61,0.0,0.0,0.0,0.0,1.0,0.0
2014-03-28,210,0.0,35.59,22.29,28.94,54.24,170.0,170.0,170.0,310.0,170.0,201.43,0.0,34.26,60.13,0.0,0.0,0.0,0.0,1.0,0.0
2014-03-29,190,0.0,36.39,22.13,29.26,54.68,210.0,170.0,170.0,170.0,183.33,187.14,0.0,35.59,54.24,0.0,0.0,0.0,0.0,1.0,0.0
2014-03-30,290,0.0,34.21,23.97,29.09,64.64,190.0,210.0,170.0,210.0,190.0,190.0,0.0,36.39,54.68,0.0,0.0,0.0,0.0,1.0,0.0
2014-03-31,250,0.0,32.81,24.01,28.41,66.02,290.0,190.0,210.0,210.0,230.0,201.43,0.0,34.21,64.64,0.0,0.0,0.0,0.0,1.0,0.0
2014-04-01,230,0.18,33.88,23.74,28.81,64.73,250.0,290.0,190.0,170.0,243.33,207.14,0.0,32.81,66.02,0.0,0.0,0.0,0.0,0.0,0.0
2014-04-02,150,0.02,33.93,23.69,28.81,59.1,230.0,250.0,290.0,170.0,256.67,215.71,0.18,33.88,64.73,0.1800000000000213,0.17999999999997157,0.0,0.0,1.0,0.0
2014-04-03,170,0.06,35.57,24.23,29.9,57.23,150.0,230.0,250.0,170.0,210.0,212.86,0.02,33.93,59.1,0.2000000000000213,0.19999999999997156,0.0,0.0,1.0,0.0
2014-04-04,210,0.06,34.53,23.51,29.02,62.42,170.0,150.0,230.0,210.0,183.33,212.86,0.06,35.57,57.23,0.2600000000000213,0.2599999999999716,0.0,0.0,1.0,0.0
2014-04-05,210,0.0,35.45,23.03,29.24,62.86,210.0,170.0,150.0,190.0,176.67,212.86,0.06,34.53,62.42,0.14000000000002133,0.3199999999999716,0.0,0.0,1.0,0.0
2014-04-06,290,0.0,34.79,23.85,29.32,62.62,210.0,210.0,170.0,290.0,196.67,215.71,0.0,35.45,62.86,0.12000000000002131,0.3199999999999716,0.0,0.0,1.0,0.0
2014-04-07,250,0.0,32.66,24.16,28.41,67.58,290.0,210.0,210.0,250.0,236.67,215.71,0.0,34.79,62.62,0.060000000000021314,0.3199999999999716,0.0,0.0,1.0,0.0
2014-04-08,230,5.11,31.82,23.5,27.66,70.13,250.0,290.0,210.0,230.0,250.0,215.71,0.0,32.66,67.58,0.0,0.3199999999999716,0.0,0.0,0.0,0.0
2014-04-09,210,2.02,30.96,22.8,26.88,68.77,230.0,250.0,290.0,150.0,256.67,215.71,5.11,31.82,70.13,5.110000000000022,5.249999999999972,1.0,0.0,0.0,0.0
2014-04-10,250,0.01,34.68,22.66,28.67,63.09,210.0,230.0,250.0,170.0,230.0,224.29,2.02,30.96,68.77,7.130000000000022,7.249999999999972,2.0,0.0,0.0,0.0
2014-04-11,310,0.36,33.45,23.11,28.28,64.66,250.0,210.0,230.0,210.0,230.0,235.71,0.01,34.68,63.09,7.140000000000022,7.199999999999972,0.0,0.0,1.0,0.0
2014-04-12,330,0.02,34.97,22.63,28.8,57.47,310.0,250.0,210.0,210.0,256.67,250.0,0.36,33.45,64.66,2.3900000000000214,7.499999999999972,0.0,0.0,0.0,0.0
2014-04-13,390,1.82,34.9,22.74,28.82,55.75,330.0,310.0,250.0,290.0,296.67,267.14,0.02,34.97,57.47,0.39000000000002133,7.519999999999972,0.0,0.0,1.0,0.0
2014-04-14,370,5.63,33.99,23.03,28.51,61.38,390.0,330.0,310.0,250.0,343.33,281.43,1.82,34.9,55.75,2.2000000000000215,9.339999999999971,1.0,0.0,1.0,0.0
2014-04-15,370,2.33,32.93,23.35,28.14,67.85,370.0,390.0,330.0,230.0,363.33,298.57,5.63,33.99,61.38,7.470000000000022,14.969999999999972,2.0,0.0,1.0,0.0
2014-04-16,170,1.66,32.95,23.25,28.1,69.3,370.0,370.0,390.0,210.0,376.67,318.57,2.33,32.93,67.85,9.78000000000002,12.189999999999971,3.0,0.0,0.0,0.0
2014-04-17,170,1.22,32.36,23.26,27.81,70.29,170.0,370.0,370.0,250.0,303.33,312.86,1.66,32.95,69.3,9.62000000000002,11.829999999999972,4.0,0.0,0.0,0.0
2014-04-18,210,0.37,32.52,23.9,28.21,69.94,170.0,170.0,370.0,310.0,236.67,301.43,1.22,32.36,70.29,5.210000000000021,13.03999999999997,5.0,0.0,0.0,0.0
2014-04-19,420,0.05,31.08,24.46,27.77,73.74,210.0,170.0,170.0,330.0,183.33,287.14,0.37,32.52,69.94,3.2500000000000213,13.049999999999972,0.0,0.0,0.0,0.0
2014-04-20,190,0.0,31.9,24.48,28.19,69.89,420.0,210.0,170.0,390.0,266.67,300.0,0.05,31.08,73.74,1.6400000000000212,13.079999999999973,0.0,0.0,0.0,0.0
2014-04-21,130,0.0,32.08,24.68,28.38,70.49,190.0,420.0,210.0,370.0,273.33,271.43,0.0,31.9,69.89,0.4200000000000213,11.259999999999973,0.0,0.0,0.0,0.0
2014-04-22,150,0.0,32.58,24.52,28.55,70.13,130.0,190.0,420.0,370.0,246.67,237.14,0.0,32.08,70.49,0.05000000000002132,5.6299999999999715,0.0,0.0,0.0,0.0
2014-04-23,310,0.0,31.28,24.5,27.89,73.61,150.0,130.0,190.0,170.0,156.67,205.71,0.0,32.58,70.13,0.0,3.2999999999999714,0.0,0.0,0.0,0.0
2014-04-24,250,0.0,33.58,24.35,28.97,67.61,310.0,150.0,130.0,170.0,196.67,225.71,0.0,31.28,73.61,0.0,1.6399999999999715,0.0,0.0,0.0,0.0
2014-04-25,150,0.0,32.82,24.54,28.68,70.49,250.0,310.0,150.0,210.0,236.67,237.14,0.0,33.58,67.61,0.0,0.41999999999997156,0.0,0.0,0.0,0.0
2014-04-26,230,1.12,31.52,25.16,28.34,72.14,150.0,250.0,310.0,420.0,236.67,228.57,0.0,32.82,70.49,0.0,0.04999999999997158,0.0,0.0,0.0,0.0
2014-04-27,250,0.12,32.75,25.03,28.89,68.29,230.0,150.0,250.0,190.0,210.0,201.43,1.12,31.52,72.14,1.1200000000000214,1.1199999999999717,1.0,0.0,0.0,0.0
2014-04-28,190,0.02,31.17,24.86,28.01,72.74,250.0,230.0,150.0,130.0,210.0,210.0,0.12,32.75,68.29,1.2400000000000215,1.2399999999999718,0.0,0.0,0.0,0.0
2014-04-29,190,0.97,31.72,24.68,28.2,74.08,190.0,250.0,230.0,150.0,223.33,218.57,0.02,31.17,72.74,1.2600000000000213,1.2599999999999716,0.0,0.0,0.0,0.0
2014-04-30,330,3.12,31.18,25.02,28.1,76.12,190.0,190.0,250.0,310.0,210.0,224.29,0.97,31.72,74.08,1.1100000000000212,2.2299999999999716,0.0,0.0,0.0,0.0
2014-05-01,420,5.5,31.03,24.33,27.68,76.78,330.0,190.0,190.0,250.0,236.67,227.14,3.12,31.18,76.12,4.110000000000022,5.349999999999971,1.0,0.0,0.0,0.0
2014-05-02,270,2.86,33.18,23.94,28.56,72.04,420.0,330.0,190.0,150.0,313.33,251.43,5.5,31.03,76.78,9.590000000000021,10.849999999999971,2.0,0.0,0.0,0.0
2014-05-03,350,3.95,33.48,24.36,28.92,71.63,270.0,420.0,330.0,230.0,340.0,268.57,2.86,33.18,72.04,11.480000000000022,13.70999999999997,3.0,0.0,0.0,0.0
2014-05-04,460,0.18,33.69,24.75,29.22,70.37,350.0,270.0,420.0,250.0,346.67,285.71,3.95,33.48,71.63,12.31000000000002,16.53999999999997,4.0,0.0,0.0,0.0
2014-05-05,330,2.18,32.02,24.86,28.44,73.11,460.0,350.0,270.0,190.0,360.0,315.71,0.18,33.69,70.37,6.9900000000000215,16.59999999999997,0.0,0.0,0.0,0.0
2014-05-06,230,3.05,32.52,24.26,28.39,73.58,330.0,460.0,350.0,190.0,380.0,335.71,2.18,32.02,73.11,6.310000000000022,18.759999999999973,1.0,0.0,0.0,0.0
2014-05-07,390,8.73,31.7,22.92,27.31,74.33,230.0,330.0,460.0,330.0,340.0,341.43,3.05,32.52,73.58,5.4100000000000215,20.83999999999997,2.0,0.0,0.0,0.0
2014-05-08,390,53.81,27.67,23.58,25.63,86.19,390.0,230.0,330.0,420.0,316.67,350.0,8.73,31.7,74.33,13.960000000000022,26.449999999999974,3.0,0.0,0.0,0.0
2014-05-09,420,0.99,28.63,24.59,26.61,82.8,390.0,390.0,230.0,270.0,336.67,345.71,53.81,27.67,86.19,65.59000000000003,74.75999999999998,4.0,1.0,0.0,0.0
2014-05-10,560,0.01,29.83,23.99,26.91,79.21,420.0,390.0,390.0,350.0,400.0,367.14,0.99,28.63,82.8,63.53000000000003,72.88999999999997,0.0,0.0,0.0,0.0
2014-05-11,560,0.01,31.78,22.52,27.15,71.84,560.0,420.0,390.0,460.0,456.67,397.14,0.01,29.83,79.21,54.810000000000024,68.94999999999997,0.0,0.0,0.0,0.0
2014-05-12,310,0.0,32.34,22.24,27.29,70.25,560.0,560.0,420.0,330.0,513.33,411.43,0.01,31.78,71.84,1.0100000000000213,68.77999999999999,0.0,0.0,0.0,0.0
2014-05-13,390,0.0,32.56,22.54,27.55,72.64,310.0,560.0,560.0,230.0,476.67,408.57,0.0,32.34,70.25,0.020000000000021317,66.59999999999998,0.0,0.0,0.0,0.0
2014-05-14,460,0.0,31.92,22.9,27.41,71.1,390.0,310.0,560.0,390.0,420.0,431.43,0.0,32.56,72.64,0.010000000000021316,63.549999999999976,0.0,0.0,0.0,0.0
2014-05-15,210,0.0,30.95,22.91,26.93,71.83,460.0,390.0,310.0,390.0,386.67,441.43,0.0,31.92,71.1,0.0,54.81999999999997,0.0,0.0,0.0,0.0
2014-05-16,150,0.0,31.39,22.79,27.09,69.32,210.0,460.0,390.0,420.0,353.33,415.71,0.0,30.95,71.83,0.0,1.0099999999999716,0.0,0.0,0.0,0.0
2014-05-17,270,0.04,31.88,23.64,27.76,73.04,150.0,210.0,460.0,560.0,273.33,377.14,0.0,31.39,69.32,0.0,0.01999999999997158,0.0,0.0,0.0,0.0
2014-05-18,390,0.2,32.26,24.53,28.4,75.22,270.0,150.0,210.0,560.0,210.0,335.71,0.04,31.88,73.04,0.04000000000002132,0.04999999999997158,0.0,0.0,0.0,0.0
2014-05-19,150,7.81,30.7,24.9,27.8,80.57,390.0,270.0,150.0,310.0,270.0,311.43,0.2,32.26,75.22,0.24000000000002134,0.2399999999999716,0.0,0.0,0.0,0.0
2014-05-20,170,3.2,27.53,23.79,25.66,81.95,150.0,390.0,270.0,390.0,270.0,288.57,7.81,30.7,80.57,8.05000000000002,8.04999999999997,1.0,0.0,0.0,0.0
2014-05-21,210,12.66,29.59,23.53,26.56,79.89,170.0,150.0,390.0,460.0,236.67,257.14,3.2,27.53,81.95,11.210000000000022,11.249999999999972,2.0,0.0,0.0,0.0
2014-05-22,290,1.84,29.93,24.01,26.97,81.92,210.0,170.0,150.0,210.0,176.67,221.43,12.66,29.59,79.89,23.670000000000023,23.90999999999997,3.0,0.0,0.0,0.0
2014-05-23,230,0.02,29.74,24.44,27.09,79.08,290.0,210.0,170.0,150.0,223.33,232.86,1.84,29.93,81.92,17.700000000000024,25.74999999999997,4.0,0.0,0.0,0.0
2014-05-24,210,0.08,28.66,24.08,26.37,75.44,230.0,290.0,210.0,270.0,243.33,244.29,0.02,29.74,79.08,14.520000000000021,25.76999999999997,0.0,0.0,0.0,0.0
2014-05-25,170,0.04,31.05,24.45,27.75,73.11,210.0,230.0,290.0,390.0,243.33,235.71,0.08,28.66,75.44,1.9400000000000215,25.809999999999974,0.0,0.0,0.0,0.0
2014-05-26,110,0.4,31.72,24.08,27.9,73.61,170.0,210.0,230.0,150.0,203.33,204.29,0.04,31.05,73.11,0.14000000000002133,25.649999999999974,0.0,0.0,0.0,0.0
2014-05-27,90,2.05,31.63,23.65,27.64,71.79,110.0,170.0,210.0,170.0,163.33,198.57,0.4,31.72,73.61,0.5200000000000213,18.23999999999997,0.0,0.0,0.0,0.0
2014-05-28,90,11.92,30.88,24.72,27.8,79.63,90.0,110.0,170.0,210.0,123.33,187.14,2.05,31.63,71.79,2.490000000000021,17.08999999999997,1.0,0.0,0.0,0.0
2014-05-29,190,13.7,28.41,24.49,26.45,86.85,90.0,90.0,110.0,290.0,96.67,170.0,11.92,30.88,79.63,14.37000000000002,16.349999999999973,2.0,0.0,0.0,0.0
2014-05-30,130,5.08,29.66,24.56,27.11,84.9,190.0,90.0,90.0,230.0,123.33,155.71,13.7,28.41,86.85,27.67000000000002,28.209999999999972,3.0,0.0,0.0,0.0
2014-05-31,150,2.12,29.74,24.72,27.23,82.87,130.0,190.0,90.0,210.0,136.67,141.43,5.08,29.66,84.9,30.700000000000017,33.26999999999997,4.0,0.0,0.0,0.0
2014-06-01,110,0.15,31.0,24.28,27.64,77.4,150.0,130.0,190.0,170.0,156.67,132.86,2.12,29.74,82.87,20.90000000000002,35.309999999999974,5.0,0.0,0.0,0.0
2014-06-02,90,33.31,30.8,24.2,27.5,79.24,110.0,150.0,130.0,110.0,130.0,124.29,0.15,31.0,77.4,7.350000000000022,35.41999999999997,0.0,0.0,0.0,0.0
2014-06-03,90,0.95,28.68,24.46,26.57,83.94,90.0,110.0,150.0,90.0,116.67,121.43,33.31,30.8,79.24,35.58000000000003,68.32999999999997,1.0,0.0,0.0,0.0
2014-06-04,110,5.36,29.69,24.53,27.11,82.62,90.0,90.0,110.0,90.0,96.67,121.43,0.95,28.68,83.94,34.41000000000003,67.22999999999998,0.0,0.0,0.0,0.0
2014-06-05,90,10.18,28.66,24.82,26.74,86.89,110.0,90.0,90.0,190.0,96.67,124.29,5.36,29.69,82.62,39.620000000000026,60.66999999999997,1.0,0.0,0.0,0.0
2014-06-06,110,5.22,28.68,24.86,26.77,87.59,90.0,110.0,90.0,130.0,96.67,110.0,10.18,28.66,86.89,16.490000000000023,57.14999999999998,2.0,0.0,0.0,0.0
2014-06-07,190,3.91,27.7,24.42,26.06,87.28,110.0,90.0,110.0,150.0,103.33,107.14,5.22,28.68,87.59,20.760000000000023,57.28999999999998,3.0,0.0,0.0,0.0
2014-06-08,150,24.45,28.64,24.12,26.38,85.25,190.0,110.0,90.0,110.0,130.0,112.86,3.91,27.7,87.28,19.31000000000002,59.07999999999997,4.0,0.0,0.0,0.0
2014-06-09,110,14.08,27.62,24.32,25.97,86.42,150.0,190.0,110.0,90.0,150.0,118.57,24.45,28.64,85.25,33.58000000000002,83.37999999999997,5.0,0.0,0.0,0.0
2014-06-10,110,25.71,27.86,24.26,26.06,88.95,110.0,150.0,190.0,90.0,150.0,121.43,14.08,27.62,86.42,42.44000000000002,64.14999999999998,6.0,0.0,0.0,0.0
2014-06-11,190,59.65,27.1,24.08,25.59,89.11,110.0,110.0,150.0,110.0,123.33,124.29,25.71,27.86,88.95,64.24000000000001,88.90999999999997,7.0,0.0,0.0,0.0
2014-06-12,170,50.71,27.99,23.53,25.76,86.63,190.0,110.0,110.0,90.0,136.67,135.71,59.65,27.1,89.11,99.44000000000003,143.19999999999996,8.0,1.0,0.0,0.0
2014-06-13,230,41.45,27.59,23.63,25.61,87.7,170.0,190.0,110.0,110.0,156.67,147.14,50.71,27.99,86.63,136.07000000000002,183.72999999999996,9.0,1.0,0.0,0.0
2014-06-14,250,20.02,27.82,23.8,25.81,86.91,230.0,170.0,190.0,190.0,196.67,164.29,41.45,27.59,87.7,151.81,219.95999999999998,10.0,0.0,0.0,0.0
2014-06-15,390,6.59,27.2,23.96,25.58,87.35,250.0,230.0,170.0,150.0,216.67,172.86,20.02,27.82,86.91,112.18000000000002,236.06999999999996,11.0,0.0,0.0,0.0
2014-06-16,190,77.43,27.96,24.42,26.19,87.36,390.0,250.0,230.0,110.0,290.0,207.14,6.59,27.2,87.35,68.06000000000003,218.20999999999998,12.0,0.0,0.0,0.0
2014-06-17,90,24.9,27.13,24.39,25.76,88.87,190.0,390.0,250.0,110.0,276.67,218.57,77.43,27.96,87.36,104.04000000000003,281.55999999999995,13.0,1.0,0.0,0.0
2014-06-18,130,17.39,26.74,24.78,25.76,90.5,90.0,190.0,390.0,190.0,223.33,215.71,24.9,27.13,88.87,108.92000000000004,280.75,14.0,0.0,0.0,0.0
2014-06-19,150,16.68,27.56,24.38,25.97,87.63,130.0,90.0,190.0,170.0,136.67,207.14,17.39,26.74,90.5,119.72000000000003,238.48999999999998,15.0,0.0,0.0,0.0
2014-06-20,190,25.7,27.98,24.34,26.16,87.31,150.0,130.0,90.0,230.0,123.33,204.29,16.68,27.56,87.63,58.97000000000003,204.45999999999998,16.0,0.0,0.0,0.0
2014-06-21,210,24.36,27.36,24.32,25.84,88.0,190.0,150.0,130.0,250.0,156.67,198.57,25.7,27.98,87.31,59.770000000000024,188.70999999999998,17.0,0.0,0.0,0.0
2014-06-22,90,19.65,26.98,24.32,25.65,89.46,210.0,190.0,150.0,390.0,183.33,192.86,24.36,27.36,88.0,66.74000000000002,193.04999999999998,18.0,0.0,0.0,0.0
2014-06-23,130,8.71,26.89,24.11,25.5,89.55,90.0,210.0,190.0,190.0,163.33,150.0,19.65,26.98,89.46,69.71000000000002,206.10999999999999,19.0,0.0,0.0,0.0
2014-06-24,90,2.94,28.12,23.32,25.72,85.4,130.0,90.0,210.0,90.0,143.33,141.43,8.71,26.89,89.55,52.72000000000003,137.38999999999996,20.0,0.0,0.0,0.0
2014-06-25,90,1.17,28.55,23.25,25.9,83.19,90.0,130.0,90.0,130.0,103.33,141.43,2.94,28.12,85.4,31.30000000000003,115.42999999999996,21.0,0.0,0.0,0.0
2014-06-26,110,0.03,29.28,23.36,26.32,82.86,90.0,90.0,130.0,150.0,103.33,135.71,1.17,28.55,83.19,12.820000000000029,99.20999999999997,22.0,0.0,0.0,0.0
2014-06-27,170,0.3,28.92,23.86,26.39,86.14,110.0,90.0,90.0,190.0,96.67,130.0,0.03,29.28,82.86,4.140000000000028,82.55999999999997,0.0,0.0,0.0,0.0
2014-06-28,150,2.77,28.27,24.11,26.19,87.7,170.0,110.0,90.0,210.0,123.33,127.14,0.3,28.92,86.14,1.5000000000000284,57.15999999999997,0.0,0.0,0.0,0.0
2014-06-29,150,9.92,27.82,24.16,25.99,86.69,150.0,170.0,110.0,90.0,143.33,118.57,2.77,28.27,87.7,3.1000000000000285,35.569999999999965,1.0,0.0,0.0,0.0
2014-06-30,150,14.43,27.96,23.88,25.92,86.97,150.0,150.0,170.0,130.0,156.67,127.14,9.92,27.82,86.69,12.990000000000029,25.83999999999997,2.0,0.0,0.0,0.0
2014-07-01,110,27.69,27.5,24.08,25.79,88.77,150.0,150.0,150.0,90.0,150.0,130.0,14.43,27.96,86.97,27.120000000000026,31.55999999999997,3.0,0.0,0.0,0.0
2014-07-02,110,4.79,27.89,23.59,25.74,85.25,110.0,150.0,150.0,90.0,136.67,132.86,27.69,27.5,88.77,52.040000000000035,56.309999999999974,4.0,0.0,0.0,0.0
2014-07-03,130,6.34,27.9,23.6,25.75,85.03,110.0,110.0,150.0,110.0,123.33,135.71,4.79,27.89,85.25,46.91000000000003,59.92999999999997,5.0,0.0,0.0,0.0
2014-07-04,10,3.38,27.86,23.76,25.81,86.83,130.0,110.0,110.0,170.0,116.67,138.57,6.34,27.9,85.03,38.82000000000003,66.23999999999998,6.0,0.0,0.0,0.0
2014-07-05,150,20.16,26.94,23.06,25.0,90.04,10.0,130.0,110.0,150.0,83.33,115.71,3.38,27.86,86.83,14.510000000000032,69.31999999999998,7.0,0.0,0.0,0.0
2014-07-06,130,12.59,26.31,21.65,23.98,88.31,150.0,10.0,130.0,150.0,96.67,115.71,20.16,26.94,90.04,29.88000000000003,86.70999999999997,8.0,0.0,0.0,0.0
2014-07-07,90,38.38,24.24,21.24,22.74,87.43,130.0,150.0,10.0,150.0,96.67,112.86,12.59,26.31,88.31,36.13000000000003,89.37999999999997,9.0,0.0,0.0,0.0
2014-07-08,90,20.79,26.15,21.64,23.9,88.31,90.0,130.0,150.0,110.0,123.33,104.29,38.38,24.24,87.43,71.13000000000002,113.32999999999997,10.0,0.0,0.0,0.0
2014-07-09,90,53.69,25.98,22.44,24.21,91.4,90.0,90.0,130.0,110.0,103.33,101.43,20.79,26.15,88.31,71.76000000000003,106.42999999999998,11.0,0.0,0.0,0.0
2014-07-10,150,54.34,26.18,23.6,24.89,92.08,90.0,90.0,90.0,130.0,90.0,98.57,53.69,25.98,91.4,112.86000000000003,155.32999999999996,12.0,1.0,0.0,0.0
2014-07-11,190,32.56,26.01,24.15,25.08,90.73,150.0,90.0,90.0,10.0,110.0,101.43,54.34,26.18,92.08,128.82000000000005,203.32999999999996,13.0,1.0,0.0,0.0
2014-07-12,230,117.97,25.67,24.19,24.93,92.52,190.0,150.0,90.0,150.0,143.33,127.14,32.56,26.01,90.73,140.59000000000003,232.50999999999996,14.0,0.0,0.0,0.0
2014-07-13,210,94.65,25.7,23.83,24.76,93.42,230.0,190.0,150.0,130.0,190.0,138.57,117.97,25.67,92.52,204.87000000000006,330.31999999999994,15.0,1.0,0.0,1.0
2014-07-14,370,66.88,26.12,24.14,25.13,92.82,210.0,230.0,190.0,90.0,210.0,150.0,94.65,25.7,93.42,245.18000000000006,412.38,16.0,1.0,0.0,1.0
2014-07-15,310,40.43,25.56,24.04,24.8,92.73,370.0,210.0,230.0,90.0,270.0,190.0,66.88,26.12,92.82,279.50000000000006,440.88,17.0,1.0,0.0,1.0
2014-07-16,270,15.88,26.36,23.82,25.09,90.79,310.0,370.0,210.0,90.0,296.67,221.43,40.43,25.56,92.73,201.96000000000004,460.52,18.0,0.0,0.0,1.0
2014-07-17,270,10.22,26.06,23.52,24.79,91.2,270.0,310.0,370.0,150.0,316.67,247.14,15.88,26.36,90.79,123.19000000000004,422.71,19.0,0.0,0.0,0.0
2014-07-18,190,74.22,26.53,23.55,25.04,91.17,270.0,270.0,310.0,190.0,283.33,264.29,10.22,26.06,91.2,66.53000000000004,378.5899999999999,20.0,0.0,0.0,0.0
2014-07-19,170,63.06,26.19,23.69,24.94,91.32,190.0,270.0,270.0,230.0,243.33,264.29,74.22,26.53,91.17,100.32000000000005,420.24999999999994,21.0,1.0,0.0,0.0
2014-07-20,150,32.71,25.72,23.24,24.48,92.03,170.0,190.0,270.0,210.0,210.0,255.71,63.06,26.19,91.32,147.50000000000006,365.34,22.0,1.0,0.0,0.0
2014-07-21,170,28.01,25.7,23.52,24.61,92.64,150.0,170.0,190.0,370.0,170.0,247.14,32.71,25.72,92.03,169.99000000000007,303.3999999999999,23.0,0.0,0.0,0.0
2014-07-22,190,21.97,25.6,23.65,24.63,92.98,170.0,150.0,170.0,310.0,163.33,218.57,28.01,25.7,92.64,123.78000000000006,264.53,24.0,0.0,0.0,1.0
2014-07-23,150,46.13,25.3,23.26,24.28,92.69,190.0,170.0,150.0,270.0,170.0,201.43,21.97,25.6,92.98,82.69000000000005,246.06999999999996,25.0,0.0,0.0,1.0
2014-07-24,190,29.0,25.52,23.38,24.45,92.91,150.0,190.0,170.0,270.0,170.0,184.29,46.13,25.3,92.69,96.11000000000007,276.32,26.0,1.0,0.0,1.0
2014-07-25,230,26.71,26.42,23.02,24.72,91.24,190.0,150.0,190.0,190.0,176.67,172.86,29.0,25.52,92.91,97.10000000000005,295.1,27.0,0.0,0.0,1.0
2014-07-26,230,34.12,26.43,22.93,24.68,91.46,230.0,190.0,150.0,170.0,190.0,178.57,26.71,26.42,91.24,101.84000000000006,247.58999999999997,28.0,0.0,0.0,0.0
2014-07-27,330,33.97,26.42,23.3,24.86,91.69,230.0,230.0,190.0,150.0,216.67,187.14,34.12,26.43,91.46,89.83000000000007,218.64999999999998,29.0,0.0,0.0,0.0
2014-07-28,420,12.42,25.59,23.31,24.45,92.53,330.0,230.0,230.0,170.0,263.33,212.86,33.97,26.42,91.69,94.80000000000007,219.90999999999997,30.0,0.0,0.0,0.0
2014-07-29,330,9.6,25.94,23.32,24.63,91.19,420.0,330.0,230.0,190.0,326.67,248.57,12.42,25.59,92.53,80.51000000000005,204.31999999999996,31.0,0.0,0.0,1.0
2014-07-30,420,53.44,25.11,23.31,24.21,93.32,330.0,420.0,330.0,150.0,360.0,268.57,9.6,25.94,91.19,55.990000000000066,191.95,32.0,0.0,0.0,0.0
2014-07-31,520,114.94,25.6,23.8,24.7,94.26,420.0,330.0,420.0,190.0,390.0,307.14,53.44,25.11,93.32,75.46000000000006,199.26,33.0,1.0,0.0,1.0
2014-08-01,420,76.29,25.72,23.82,24.77,93.41,520.0,420.0,330.0,230.0,423.33,354.29,114.94,25.6,94.26,177.98000000000008,285.2,34.0,1.0,0.0,1.0
2014-08-02,620,48.03,25.49,23.69,24.59,93.37,420.0,520.0,420.0,230.0,453.33,381.43,76.29,25.72,93.41,244.67000000000007,334.78,35.0,1.0,0.0,1.0
2014-08-03,520,28.68,25.82,23.6,24.71,93.38,620.0,420.0,520.0,330.0,520.0,437.14,48.03,25.49,93.37,239.26000000000008,348.68999999999994,36.0,1.0,0.0,1.0
2014-08-04,370,50.41,25.3,23.14,24.22,93.36,520.0,620.0,420.0,420.0,520.0,464.29,28.68,25.82,93.38,153.00000000000009,343.4,37.0,0.0,0.0,1.0
2014-08-05,290,52.11,24.78,22.98,23.88,93.03,370.0,520.0,620.0,330.0,503.33,457.14,50.41,25.3,93.36,127.12000000000006,381.38999999999993,38.0,1.0,0.0,1.0
2014-08-06,720,79.63,25.38,23.06,24.22,92.7,290.0,370.0,520.0,420.0,393.33,451.43,52.11,24.78,93.03,131.20000000000007,423.9,39.0,1.0,0.0,1.0
2014-08-07,620,62.52,25.66,23.02,24.34,93.28,720.0,290.0,370.0,520.0,460.0,494.29,79.63,25.38,92.7,182.15000000000006,450.09,40.0,1.0,0.0,1.0
2014-08-08,820,38.67,25.6,22.96,24.28,92.58,620.0,720.0,290.0,420.0,543.33,508.57,62.52,25.66,93.28,194.26000000000008,397.66999999999996,41.0,1.0,0.0,1.0
2014-08-09,820,38.26,25.47,22.73,24.1,92.1,820.0,620.0,720.0,620.0,720.0,565.71,38.67,25.6,92.58,180.82000000000008,360.04999999999995,42.0,0.0,0.0,1.0
2014-08-10,820,29.24,25.4,22.82,24.11,91.6,820.0,820.0,620.0,520.0,753.33,594.29,38.26,25.47,92.1,139.4500000000001,350.28,43.0,0.0,0.0,0.0
2014-08-11,820,32.07,24.67,22.89,23.78,92.98,820.0,820.0,820.0,370.0,820.0,637.14,29.24,25.4,91.6,106.17000000000007,350.84,44.0,0.0,0.0,0.0
2014-08-12,820,21.95,25.05,22.33,23.69,91.52,820.0,820.0,820.0,290.0,820.0,701.43,32.07,24.67,92.98,99.57000000000009,332.49999999999994,45.0,0.0,0.0,1.0
2014-08-13,820,15.01,25.2,22.2,23.7,90.48,820.0,820.0,820.0,720.0,820.0,777.14,21.95,25.05,91.52,83.26000000000009,302.3399999999999,46.0,0.0,0.0,0.0
2014-08-14,820,8.25,24.94,22.22,23.58,92.56,820.0,820.0,820.0,620.0,820.0,791.43,15.01,25.2,90.48,69.03000000000009,237.71999999999997,47.0,0.0,0.0,0.0
2014-08-15,820,7.73,25.28,22.36,23.82,91.97,820.0,820.0,820.0,820.0,820.0,820.0,8.25,24.94,92.56,45.210000000000086,183.44999999999996,48.0,0.0,0.0,1.0
2014-08-16,820,15.16,24.97,22.63,23.8,91.58,820.0,820.0,820.0,820.0,820.0,820.0,7.73,25.28,91.97,30.990000000000087,152.51,49.0,0.0,0.0,0.0
2014-08-17,620,9.34,26.28,22.58,24.43,90.52,820.0,820.0,820.0,820.0,820.0,820.0,15.16,24.97,91.58,31.140000000000086,129.40999999999997,50.0,0.0,0.0,0.0
2014-08-18,310,28.29,25.3,22.54,23.92,91.72,620.0,820.0,820.0,820.0,753.33,791.43,9.34,26.28,90.52,32.23000000000009,109.50999999999998,51.0,0.0,0.0,0.0
2014-08-19,370,12.68,26.04,22.34,24.19,90.88,310.0,620.0,820.0,820.0,583.33,718.57,28.29,25.3,91.72,52.790000000000084,105.72999999999996,52.0,0.0,0.0,0.0
2014-08-20,250,5.72,27.78,22.36,25.07,89.29,370.0,310.0,620.0,820.0,433.33,654.29,12.68,26.04,90.88,50.31000000000008,96.45999999999997,53.0,0.0,0.0,0.0
2014-08-21,310,26.03,27.16,23.54,25.35,93.45,250.0,370.0,310.0,820.0,310.0,572.86,5.72,27.78,89.29,46.69000000000008,87.16999999999997,54.0,0.0,0.0,0.0
2014-08-22,270,23.35,27.11,23.95,25.53,94.31,310.0,250.0,370.0,820.0,310.0,500.0,26.03,27.16,93.45,44.430000000000085,104.94999999999997,55.0,0.0,0.0,1.0
2014-08-23,250,11.92,26.96,23.1,25.03,91.75,270.0,310.0,250.0,820.0,276.67,421.43,23.35,27.11,94.31,55.10000000000009,120.56999999999996,56.0,0.0,0.0,1.0
2014-08-24,170,45.24,25.52,22.98,24.25,92.68,250.0,270.0,310.0,620.0,276.67,340.0,11.92,26.96,91.75,61.30000000000009,117.32999999999997,57.0,0.0,0.0,0.0
2014-08-25,250,55.81,25.4,22.64,24.02,91.96,170.0,250.0,270.0,310.0,230.0,275.71,45.24,25.52,92.68,80.51000000000009,153.22999999999996,58.0,1.0,0.0,1.0
2014-08-26,310,19.82,25.0,22.76,23.88,91.82,250.0,170.0,250.0,370.0,223.33,267.14,55.81,25.4,91.96,112.97000000000008,180.75,59.0,1.0,0.0,0.0
2014-08-27,720,26.1,24.54,22.88,23.71,93.57,310.0,250.0,170.0,250.0,243.33,258.57,19.82,25.0,91.82,120.87000000000009,187.89,60.0,0.0,0.0,0.0
2014-08-28,810,69.04,24.4,22.72,23.56,92.42,720.0,310.0,250.0,310.0,426.67,325.71,26.1,24.54,93.57,101.73000000000008,208.26999999999998,61.0,0.0,0.0,1.0
2014-08-29,620,38.46,24.94,22.24,23.59,90.4,810.0,720.0,310.0,270.0,613.33,397.14,69.04,24.4,92.42,114.9600000000001,251.27999999999997,62.0,1.0,0.0,1.0
2014-08-30,820,68.63,24.52,22.26,23.39,89.75,620.0,810.0,720.0,250.0,716.67,447.14,38.46,24.94,90.4,133.6000000000001,266.39,63.0,0.0,0.0,0.0
2014-08-31,820,28.65,25.38,22.68,24.03,89.84,820.0,620.0,810.0,170.0,750.0,528.57,68.63,24.52,89.75,176.1300000000001,323.09999999999997,64.0,1.0,0.0,0.0
2014-09-01,420,29.94,25.26,23.22,24.24,91.77,820.0,820.0,620.0,250.0,753.33,621.43,28.65,25.38,89.84,135.7400000000001,306.50999999999993,65.0,0.0,0.0,0.0
2014-09-02,520,21.49,25.85,23.51,24.68,92.73,420.0,820.0,820.0,310.0,686.67,645.71,29.94,25.26,91.77,127.22000000000008,280.63999999999993,66.0,0.0,0.0,0.0
2014-09-03,820,35.14,26.25,22.73,24.49,91.46,520.0,420.0,820.0,720.0,586.67,675.71,21.49,25.85,92.73,80.08000000000008,282.30999999999995,67.0,0.0,0.0,1.0
2014-09-04,620,31.31,26.22,22.86,24.54,90.69,820.0,520.0,420.0,810.0,586.67,690.0,35.14,26.25,91.46,86.57000000000008,291.3499999999999,68.0,0.0,0.0,0.0
2014-09-05,520,11.56,24.68,23.0,23.84,92.7,620.0,820.0,520.0,620.0,653.33,662.86,31.31,26.22,90.69,87.94000000000008,253.61999999999998,69.0,0.0,0.0,0.0
2014-09-06,820,41.29,25.48,22.96,24.22,92.28,520.0,620.0,820.0,820.0,653.33,648.57,11.56,24.68,92.7,78.01000000000008,226.71999999999997,70.0,0.0,0.0,1.0
2014-09-07,520,10.39,25.57,22.61,24.09,91.64,820.0,520.0,620.0,820.0,653.33,648.57,41.29,25.48,92.28,84.16000000000008,199.37999999999997,71.0,0.0,0.0,0.0
2014-09-08,310,11.02,26.08,22.34,24.21,89.4,520.0,820.0,520.0,420.0,620.0,605.71,10.39,25.57,91.64,63.24000000000008,181.11999999999995,72.0,0.0,0.0,0.0
2014-09-09,250,4.28,26.33,22.24,24.28,88.34,310.0,520.0,820.0,520.0,550.0,590.0,11.02,26.08,89.4,62.70000000000009,162.19999999999996,73.0,0.0,0.0,0.0
2014-09-10,230,5.4,26.3,22.2,24.25,88.26,250.0,310.0,520.0,820.0,360.0,551.43,4.28,26.33,88.34,25.690000000000087,144.98999999999998,74.0,0.0,0.0,0.0
2014-09-11,230,1.92,26.56,22.0,24.28,87.47,230.0,250.0,310.0,620.0,263.33,467.14,5.4,26.3,88.26,20.700000000000085,115.24999999999997,75.0,0.0,0.0,0.0
2014-09-12,170,1.81,27.03,22.05,24.54,87.14,230.0,230.0,250.0,520.0,236.67,411.43,1.92,26.56,87.47,11.600000000000087,85.85999999999997,76.0,0.0,0.0,0.0
2014-09-13,130,4.57,26.41,22.57,24.49,89.87,170.0,230.0,230.0,820.0,210.0,361.43,1.81,27.03,87.14,9.130000000000086,76.10999999999997,77.0,0.0,0.0,0.0
2014-09-14,210,34.0,26.5,22.76,24.63,90.0,130.0,170.0,230.0,520.0,176.67,262.86,4.57,26.41,89.87,8.300000000000086,39.38999999999997,78.0,0.0,0.0,0.0
2014-09-15,250,10.96,25.9,22.7,24.3,90.37,210.0,130.0,170.0,310.0,170.0,218.57,34.0,26.5,90.0,40.38000000000009,62.99999999999997,79.0,0.0,0.0,0.0
2014-09-16,210,6.91,25.46,22.18,23.82,90.25,250.0,210.0,130.0,250.0,196.67,210.0,10.96,25.9,90.37,49.530000000000086,62.939999999999976,80.0,0.0,0.0,0.0
2014-09-17,170,2.47,26.26,22.12,24.19,88.58,210.0,250.0,210.0,230.0,223.33,204.29,6.91,25.46,90.25,51.87000000000009,65.56999999999998,81.0,0.0,0.0,0.0
2014-09-18,290,10.63,26.32,22.36,24.34,89.06,170.0,210.0,250.0,230.0,210.0,195.71,2.47,26.26,88.58,20.340000000000085,62.63999999999997,82.0,0.0,0.0,0.0
2014-09-19,230,3.26,26.51,22.2,24.35,88.38,290.0,170.0,210.0,170.0,223.33,204.29,10.63,26.32,89.06,20.010000000000087,71.34999999999998,83.0,0.0,0.0,0.0
2014-09-20,250,1.22,26.8,22.2,24.5,87.46,230.0,290.0,170.0,130.0,230.0,212.86,3.26,26.51,88.38,16.360000000000085,72.79999999999997,84.0,0.0,0.0,0.0
2014-09-21,270,0.03,27.38,22.02,24.7,85.63,250.0,230.0,290.0,210.0,256.67,230.0,1.22,26.8,87.46,15.110000000000086,69.44999999999996,85.0,0.0,0.0,0.0
2014-09-22,420,0.3,28.32,22.42,25.37,86.93,270.0,250.0,230.0,250.0,250.0,238.57,0.03,27.38,85.63,4.510000000000085,35.479999999999976,0.0,0.0,0.0,0.0
2014-09-23,330,2.31,27.71,23.03,25.37,90.19,420.0,270.0,250.0,210.0,313.33,262.86,0.3,28.32,86.93,1.550000000000085,24.819999999999972,0.0,0.0,0.0,0.0
2014-09-24,820,16.13,27.42,23.44,25.43,91.71,330.0,420.0,270.0,170.0,340.0,280.0,2.31,27.71,90.19,2.640000000000085,20.219999999999974,1.0,0.0,0.0,0.0
2014-09-25,820,13.99,28.18,23.4,25.79,90.59,820.0,330.0,420.0,290.0,523.33,372.86,16.13,27.42,91.71,18.740000000000084,33.879999999999974,2.0,0.0,0.0,0.0
2014-09-26,820,7.05,26.83,23.19,25.01,92.24,820.0,820.0,330.0,230.0,656.67,448.57,13.99,28.18,90.59,32.430000000000085,37.239999999999974,3.0,0.0,0.0,0.0
2014-09-27,820,0.46,28.15,23.05,25.6,87.3,820.0,820.0,820.0,250.0,820.0,532.86,7.05,26.83,92.24,37.17000000000009,41.02999999999997,4.0,0.0,0.0,0.0
2014-09-28,820,6.07,29.33,22.74,26.03,84.12,820.0,820.0,820.0,270.0,820.0,614.29,0.46,28.15,87.3,21.500000000000085,40.269999999999975,0.0,0.0,0.0,0.0
2014-09-29,820,5.65,28.74,22.86,25.8,84.33,820.0,820.0,820.0,420.0,820.0,692.86,6.07,29.33,84.12,13.580000000000085,46.309999999999974,1.0,0.0,0.0,0.0
2014-09-30,820,6.37,27.65,22.91,25.28,88.55,820.0,820.0,820.0,330.0,820.0,750.0,5.65,28.74,84.33,12.180000000000085,51.65999999999997,2.0,0.0,0.0,0.0
2014-10-01,820,2.07,28.22,22.14,25.18,88.02,820.0,820.0,820.0,820.0,820.0,820.0,6.37,27.65,88.55,18.090000000000085,55.71999999999998,3.0,0.0,0.0,0.0
2014-10-02,820,0.12,29.67,22.05,25.86,82.02,820.0,820.0,820.0,820.0,820.0,820.0,2.07,28.22,88.02,14.090000000000085,41.659999999999975,4.0,0.0,0.0,0.0
2014-10-03,520,4.74,28.98,22.72,25.85,84.38,820.0,820.0,820.0,820.0,820.0,820.0,0.12,29.67,82.02,8.560000000000086,27.78999999999997,0.0,0.0,0.0,0.0
2014-10-04,660,0.53,26.86,23.3,25.08,90.14,520.0,820.0,820.0,820.0,720.0,777.14,4.74,28.98,84.38,6.930000000000085,25.479999999999972,1.0,0.0,0.0,0.0
2014-10-05,190,5.1,27.12,23.46,25.29,90.58,660.0,520.0,820.0,820.0,666.67,754.29,0.53,26.86,90.14,5.390000000000085,25.549999999999972,0.0,0.0,0.0,0.0
2014-10-06,150,1.56,26.16,22.96,24.56,89.11,190.0,660.0,520.0,820.0,456.67,664.29,5.1,27.12,90.58,10.370000000000086,24.57999999999997,1.0,0.0,0.0,0.0
2014-10-07,150,5.57,27.69,22.35,25.02,83.7,150.0,190.0,660.0,820.0,333.33,568.57,1.56,26.16,89.11,7.190000000000085,20.489999999999974,2.0,0.0,0.0,0.0
2014-10-08,130,0.41,27.43,22.71,25.07,85.56,150.0,150.0,190.0,820.0,163.33,472.86,5.57,27.69,83.7,12.230000000000086,19.689999999999973,3.0,0.0,0.0,0.0
2014-10-09,230,0.71,27.84,23.01,25.42,87.67,130.0,150.0,150.0,820.0,143.33,374.29,0.41,27.43,85.56,7.540000000000085,18.029999999999973,0.0,0.0,0.0,0.0
2014-10-10,150,3.72,28.13,23.45,25.79,89.34,230.0,130.0,150.0,520.0,170.0,290.0,0.71,27.84,87.67,6.690000000000086,18.619999999999973,0.0,0.0,0.0,0.0
2014-10-11,290,5.27,27.11,24.47,25.79,92.76,150.0,230.0,130.0,660.0,170.0,237.14,3.72,28.13,89.34,4.840000000000085,17.599999999999973,1.0,0.0,0.0,0.0
2014-10-12,170,0.83,29.22,23.0,26.11,87.26,290.0,150.0,230.0,190.0,223.33,184.29,5.27,27.11,92.76,9.700000000000085,22.33999999999997,2.0,0.0,0.0,1.0
2014-10-13,210,0.01,28.53,22.67,25.6,83.32,170.0,290.0,150.0,150.0,203.33,181.43,0.83,29.22,87.26,9.820000000000086,18.069999999999972,0.0,0.0,0.0,0.0
2014-10-14,170,0.0,28.86,22.66,25.76,80.39,210.0,170.0,290.0,150.0,223.33,190.0,0.01,28.53,83.32,6.110000000000085,16.51999999999997,0.0,0.0,0.0,0.0
2014-10-15,250,1.15,29.06,22.88,25.97,81.85,170.0,210.0,170.0,130.0,183.33,192.86,0.0,28.86,80.39,0.8400000000000852,10.94999999999997,0.0,0.0,0.0,0.0
2014-10-16,350,0.11,29.07,23.01,26.04,80.96,250.0,170.0,210.0,230.0,210.0,210.0,1.15,29.06,81.85,1.1600000000000852,11.689999999999971,1.0,0.0,0.0,0.0
2014-10-17,370,4.92,29.18,22.64,25.91,78.77,350.0,250.0,170.0,150.0,256.67,227.14,0.11,29.07,80.96,1.2600000000000853,11.089999999999971,0.0,0.0,0.0,0.0
2014-10-18,350,5.26,28.26,22.3,25.28,83.55,370.0,350.0,250.0,290.0,323.33,258.57,4.92,29.18,78.77,6.180000000000085,12.28999999999997,1.0,0.0,0.0,0.0
2014-10-19,210,3.19,29.22,22.02,25.62,80.09,350.0,370.0,350.0,170.0,356.67,267.14,5.26,28.26,83.55,10.290000000000084,12.279999999999971,2.0,0.0,0.0,0.0
2014-10-20,270,2.0,28.84,21.04,24.94,77.4,210.0,350.0,370.0,210.0,310.0,272.86,3.19,29.22,80.09,13.370000000000084,14.63999999999997,3.0,0.0,0.0,0.0
2014-10-21,310,0.34,28.48,21.3,24.89,76.0,270.0,210.0,350.0,170.0,276.67,281.43,2.0,28.84,77.4,10.450000000000085,16.62999999999997,4.0,0.0,0.0,0.0
2014-10-22,420,0.04,29.24,21.54,25.39,77.41,310.0,270.0,210.0,250.0,263.33,301.43,0.34,28.48,76.0,5.5300000000000855,16.96999999999997,0.0,0.0,0.0,0.0
2014-10-23,330,15.03,27.7,22.38,25.04,82.13,420.0,310.0,270.0,350.0,333.33,325.71,0.04,29.24,77.41,2.380000000000085,15.859999999999971,0.0,0.0,0.0,0.0
2014-10-24,460,22.35,27.32,22.22,24.77,85.62,330.0,420.0,310.0,370.0,353.33,322.86,15.03,27.7,82.13,15.410000000000085,30.779999999999973,1.0,0.0,0.0,0.0
2014-10-25,620,51.41,24.88,22.51,23.69,91.17,460.0,330.0,420.0,350.0,403.33,335.71,22.35,27.32,85.62,37.42000000000009,48.20999999999997,2.0,0.0,0.0,0.0
2014-10-26,290,24.87,27.49,22.13,24.81,82.97,620.0,460.0,330.0,210.0,470.0,374.29,51.41,24.88,91.17,88.79000000000008,94.35999999999997,3.0,1.0,0.0,0.0
2014-10-27,310,4.25,28.38,21.74,25.06,81.87,290.0,620.0,460.0,270.0,456.67,385.71,24.87,27.49,82.97,98.63000000000008,116.03999999999998,4.0,0.0,0.0,0.0
2014-10-28,210,0.79,28.97,21.81,25.39,80.89,310.0,290.0,620.0,310.0,406.67,391.43,4.25,28.38,81.87,80.53000000000009,118.28999999999998,5.0,0.0,0.0,0.0
2014-10-29,190,0.0,29.37,20.53,24.95,77.87,210.0,310.0,290.0,420.0,270.0,377.14,0.79,28.97,80.89,29.910000000000085,118.73999999999997,0.0,0.0,0.0,0.0
2014-10-30,250,0.01,27.64,20.12,23.88,76.11,190.0,210.0,310.0,330.0,236.67,344.29,0.0,29.37,77.87,5.040000000000085,118.69999999999997,0.0,0.0,0.0,0.0
2014-10-31,310,0.0,28.89,18.69,23.79,72.84,250.0,190.0,210.0,460.0,216.67,332.86,0.01,27.64,76.11,0.8000000000000853,103.67999999999998,0.0,0.0,0.0,0.0
2014-11-01,370,0.12,29.72,19.58,24.65,74.72,310.0,250.0,190.0,620.0,250.0,311.43,0.0,28.89,72.84,0.010000000000085265,81.32999999999997,0.0,0.0,0.0,0.0
2014-11-02,150,3.1,28.66,21.96,25.31,76.36,370.0,310.0,250.0,290.0,310.0,275.71,0.12,29.72,74.72,0.13000000000008527,30.039999999999974,0.0,0.0,0.0,0.0
2014-11-03,250,0.45,28.78,21.7,25.24,72.44,150.0,370.0,310.0,310.0,276.67,255.71,3.1,28.66,76.36,3.2200000000000855,8.269999999999971,1.0,0.0,0.0,0.0
2014-11-04,290,0.0,28.7,21.48,25.09,72.09,250.0,150.0,370.0,210.0,256.67,247.14,0.45,28.78,72.44,3.6700000000000856,4.469999999999971,0.0,0.0,0.0,0.0
2014-11-05,250,0.0,28.14,21.28,24.71,76.61,290.0,250.0,150.0,190.0,230.0,258.57,0.0,28.7,72.09,3.5500000000000855,3.6799999999999717,0.0,0.0,0.0,0.0
2014-11-06,290,0.0,28.98,20.9,24.94,70.71,250.0,290.0,250.0,250.0,263.33,267.14,0.0,28.14,76.61,0.4500000000000853,3.6799999999999717,0.0,0.0,0.0,0.0
2014-11-07,290,0.0,29.53,21.12,25.33,69.12,290.0,250.0,290.0,310.0,276.67,272.86,0.0,28.98,70.71,0.0,3.669999999999972,0.0,0.0,0.0,0.0
2014-11-08,620,0.0,29.32,21.18,25.25,68.88,290.0,290.0,250.0,370.0,276.67,270.0,0.0,29.53,69.12,0.0,3.669999999999972,0.0,0.0,0.0,0.0
2014-11-09,270,0.0,28.71,20.97,24.84,76.86,620.0,290.0,290.0,150.0,400.0,305.71,0.0,29.32,68.88,0.0,3.549999999999972,0.0,0.0,0.0,0.0
2014-11-10,210,0.0,28.89,21.83,25.36,73.81,270.0,620.0,290.0,250.0,393.33,322.86,0.0,28.71,76.86,0.0,0.4499999999999716,0.0,0.0,0.0,0.0
2014-11-11,250,0.0,29.25,22.57,25.91,79.29,210.0,270.0,620.0,290.0,366.67,317.14,0.0,28.89,73.81,0.0,0.0,0.0,0.0,0.0,0.0
2014-11-12,190,0.24,29.06,22.1,25.58,76.23,250.0,210.0,270.0,250.0,243.33,311.43,0.0,29.25,79.29,0.0,0.0,0.0,0.0,0.0,0.0
2014-11-13,250,9.0,28.46,21.34,24.9,80.36,190.0,250.0,210.0,290.0,216.67,302.86,0.24,29.06,76.23,0.24000000000008526,0.23999999999997157,0.0,0.0,0.0,0.0
2014-11-14,310,7.49,25.94,22.36,24.15,84.78,250.0,190.0,250.0,290.0,230.0,297.14,9.0,28.46,80.36,9.240000000000085,9.239999999999972,1.0,0.0,0.0,0.0
2014-11-15,370,1.7,28.1,21.46,24.78,82.09,310.0,250.0,190.0,620.0,250.0,300.0,7.49,25.94,84.78,16.730000000000086,16.729999999999972,2.0,0.0,0.0,0.0
2014-11-16,420,0.0,28.12,19.42,23.77,76.91,370.0,310.0,250.0,270.0,310.0,264.29,1.7,28.1,82.09,18.190000000000087,18.42999999999997,3.0,0.0,0.0,0.0
2014-11-17,370,0.0,28.3,18.94,23.62,76.61,420.0,370.0,310.0,210.0,366.67,285.71,0.0,28.12,76.91,9.190000000000085,18.42999999999997,0.0,0.0,0.0,0.0
2014-11-18,270,0.0,28.08,18.89,23.48,76.96,370.0,420.0,370.0,250.0,386.67,308.57,0.0,28.3,76.61,1.7000000000000852,18.42999999999997,0.0,0.0,0.0,0.0
2014-11-19,310,0.0,28.92,19.69,24.3,77.01,270.0,370.0,420.0,190.0,353.33,311.43,0.0,28.08,76.96,0.0,18.42999999999997,0.0,0.0,0.0,0.0
2014-11-20,420,0.0,26.98,19.22,23.1,79.34,310.0,270.0,370.0,250.0,316.67,328.57,0.0,28.92,77.01,0.0,18.189999999999973,0.0,0.0,0.0,0.0
2014-11-21,720,0.0,29.38,19.68,24.53,71.82,420.0,310.0,270.0,310.0,333.33,352.86,0.0,26.98,79.34,0.0,9.189999999999971,0.0,0.0,0.0,0.0
2014-11-22,820,0.0,29.02,20.4,24.71,71.21,720.0,420.0,310.0,370.0,483.33,411.43,0.0,29.38,71.82,0.0,1.6999999999999715,0.0,0.0,0.0,0.0
2014-11-23,820,1.13,28.93,19.15,24.04,76.25,820.0,720.0,420.0,420.0,653.33,475.71,0.0,29.02,71.21,0.0,0.0,0.0,0.0,0.0,0.0
2014-11-24,420,0.01,27.74,18.42,23.08,74.27,820.0,820.0,720.0,370.0,786.67,532.86,1.13,28.93,76.25,1.1300000000000852,1.1299999999999715,1.0,0.0,0.0,0.0
2014-11-25,520,0.0,27.72,18.21,22.96,73.9,420.0,820.0,820.0,270.0,686.67,540.0,0.01,27.74,74.27,1.1400000000000852,1.1399999999999715,0.0,0.0,0.0,0.0
2014-11-26,820,0.0,27.3,17.4,22.35,74.01,520.0,420.0,820.0,310.0,586.67,575.71,0.0,27.72,73.9,1.1400000000000852,1.1399999999999715,0.0,0.0,0.0,0.0
2014-11-27,820,0.0,27.9,16.8,22.35,69.24,820.0,520.0,420.0,420.0,586.67,648.57,0.0,27.3,74.01,0.010000000000085265,1.1399999999999715,0.0,0.0,0.0,0.0
2014-11-28,720,0.0,27.18,16.42,21.8,68.59,820.0,820.0,520.0,720.0,720.0,705.71,0.0,27.9,69.24,0.0,1.1399999999999715,0.0,0.0,0.0,0.0
2014-11-29,820,0.0,27.34,16.42,21.88,67.36,720.0,820.0,820.0,820.0,786.67,705.71,0.0,27.18,68.59,0.0,1.1399999999999715,0.0,0.0,0.0,0.0
2014-11-30,820,0.0,27.04,18.21,22.62,66.1,820.0,720.0,820.0,820.0,786.67,705.71,0.0,27.34,67.36,0.0,1.1399999999999715,0.0,0.0,0.0,0.0
2014-12-01,520,0.0,28.02,18.69,23.35,68.96,820.0,820.0,720.0,420.0,786.67,705.71,0.0,27.04,66.1,0.0,0.009999999999971578,0.0,0.0,0.0,0.0
2014-12-02,660,0.0,29.44,18.92,24.18,73.36,520.0,820.0,820.0,520.0,720.0,720.0,0.0,28.02,68.96,0.0,0.0,0.0,0.0,0.0,0.0
2014-12-03,420,0.0,28.66,17.84,23.25,69.57,660.0,520.0,820.0,820.0,666.67,740.0,0.0,29.44,73.36,0.0,0.0,0.0,0.0,0.0,0.0
2014-12-04,540,0.0,28.56,16.69,22.62,67.28,420.0,660.0,520.0,820.0,533.33,682.86,0.0,28.66,69.57,0.0,0.0,0.0,0.0,0.0,0.0
2014-12-05,820,0.0,28.06,16.4,22.23,67.68,540.0,420.0,660.0,720.0,540.0,642.86,0.0,28.56,67.28,0.0,0.0,0.0,0.0,0.0,0.0
2014-12-06,820,0.0,28.48,17.56,23.02,68.45,820.0,540.0,420.0,820.0,593.33,657.14,0.0,28.06,67.68,0.0,0.0,0.0,0.0,0.0,0.0
2014-12-07,520,0.0,28.65,19.81,24.23,71.24,820.0,820.0,540.0,820.0,726.67,657.14,0.0,28.48,68.45,0.0,0.0,0.0,0.0,0.0,0.0
2014-12-08,420,0.45,29.45,20.91,25.18,75.98,520.0,820.0,820.0,520.0,720.0,614.29,0.0,28.65,71.24,0.0,0.0,0.0,0.0,0.0,0.0
2014-12-09,350,0.23,28.82,21.74,25.28,79.55,420.0,520.0,820.0,660.0,586.67,600.0,0.45,29.45,75.98,0.4500000000000853,0.4499999999999716,0.0,0.0,0.0,0.0
2014-12-10,420,3.02,28.36,21.86,25.11,80.82,350.0,420.0,520.0,420.0,430.0,555.71,0.23,28.82,79.55,0.6800000000000853,0.6799999999999716,0.0,0.0,0.0,0.0
2014-12-11,720,1.8,24.67,21.37,23.02,84.01,420.0,350.0,420.0,540.0,396.67,555.71,3.02,28.36,80.82,3.7000000000000854,3.6999999999999718,1.0,0.0,0.0,0.0
2014-12-12,520,4.53,26.48,20.9,23.69,82.07,720.0,420.0,350.0,820.0,496.67,581.43,1.8,24.67,84.01,5.050000000000085,5.499999999999972,2.0,0.0,0.0,0.0
2014-12-13,820,1.05,25.98,21.34,23.66,79.74,520.0,720.0,420.0,820.0,553.33,538.57,4.53,26.48,82.07,9.350000000000087,10.029999999999973,3.0,0.0,0.0,0.0
2014-12-14,820,0.92,26.8,21.74,24.27,78.16,820.0,520.0,720.0,520.0,686.67,538.57,1.05,25.98,79.74,7.380000000000085,11.079999999999972,4.0,0.0,0.0,0.0
2014-12-15,820,9.02,28.6,21.32,24.96,78.58,820.0,820.0,520.0,420.0,720.0,581.43,0.92,26.8,78.16,6.500000000000085,11.999999999999972,0.0,0.0,0.0,0.0
2014-12-16,620,1.85,29.01,20.45,24.73,76.16,820.0,820.0,820.0,350.0,820.0,638.57,9.02,28.6,78.58,10.990000000000084,20.569999999999972,1.0,0.0,0.0,0.0
2014-12-17,370,0.0,28.2,21.06,24.63,76.17,620.0,820.0,820.0,420.0,753.33,677.14,1.85,29.01,76.16,11.790000000000083,22.189999999999973,2.0,0.0,0.0,0.0
2014-12-18,370,0.0,28.88,21.06,24.97,75.42,370.0,620.0,820.0,720.0,603.33,670.0,0.0,28.2,76.17,10.870000000000083,19.169999999999973,0.0,0.0,0.0,0.0
2014-12-19,460,0.0,28.26,21.28,24.77,76.01,370.0,370.0,620.0,520.0,453.33,620.0,0.0,28.88,75.42,1.8500000000000836,17.369999999999973,0.0,0.0,0.0,0.0
2014-12-20,370,0.0,27.65,21.05,24.35,74.43,460.0,370.0,370.0,820.0,400.0,611.43,0.0,28.26,76.01,0.0,12.83999999999997,0.0,0.0,0.0,0.0
2014-12-21,290,0.0,28.72,19.3,24.01,73.68,370.0,460.0,370.0,820.0,400.0,547.14,0.0,27.65,74.43,0.0,11.78999999999997,0.0,0.0,0.0,0.0
2014-12-22,460,0.0,28.16,18.56,23.36,63.08,290.0,370.0,460.0,820.0,373.33,471.43,0.0,28.72,73.68,0.0,10.86999999999997,0.0,0.0,0.0,0.0
2014-12-23,820,0.0,28.46,19.18,23.82,71.55,460.0,290.0,370.0,620.0,373.33,420.0,0.0,28.16,63.08,0.0,1.8499999999999717,0.0,0.0,0.0,0.0
2014-12-24,820,0.0,28.8,18.45,23.63,72.06,820.0,460.0,290.0,370.0,523.33,448.57,0.0,28.46,71.55,0.0,0.0,0.0,0.0,0.0,0.0
2014-12-25,820,0.0,28.63,17.23,22.93,71.84,820.0,820.0,460.0,370.0,700.0,512.86,0.0,28.8,72.06,0.0,0.0,0.0,0.0,0.0,0.0
2014-12-26,820,0.0,26.05,15.91,20.98,70.27,820.0,820.0,820.0,460.0,820.0,577.14,0.0,28.63,71.84,0.0,0.0,0.0,0.0,0.0,0.0
2014-12-27,820,0.0,27.48,15.94,21.71,66.36,820.0,820.0,820.0,370.0,820.0,628.57,0.0,26.05,70.27,0.0,0.0,0.0,0.0,0.0,0.0
2014-12-28,820,0.0,29.18,17.92,23.55,69.55,820.0,820.0,820.0,290.0,820.0,692.86,0.0,27.48,66.36,0.0,0.0,0.0,0.0,0.0,0.0
2014-12-29,820,0.0,28.42,20.8,24.61,77.66,820.0,820.0,820.0,460.0,820.0,768.57,0.0,29.18,69.55,0.0,0.0,0.0,0.0,0.0,0.0
2014-12-30,720,0.0,28.04,20.82,24.43,82.96,820.0,820.0,820.0,820.0,820.0,820.0,0.0,28.42,77.66,0.0,0.0,0.0,0.0,0.0,0.0
2014-12-31,520,0.0,27.26,20.62,23.94,82.86,720.0,820.0,820.0,820.0,786.67,805.71,0.0,28.04,82.96,0.0,0.0,0.0,0.0,0.0,0.0
2015-01-01,720,0.57,25.86,19.89,22.87,80.82,520.0,720.0,820.0,820.0,686.67,762.86,0.0,27.26,82.86,0.0,0.0,0.0,0.0,0.0,0.0
2015-01-02,660,0.05,25.56,20.15,22.85,77.72,720.0,520.0,720.0,820.0,653.33,748.57,0.57,25.86,80.82,0.5700000000000834,0.5699999999999715,0.0,0.0,0.0,0.0
2015-01-03,620,0.0,26.42,18.7,22.56,77.29,660.0,720.0,520.0,820.0,633.33,725.71,0.05,25.56,77.72,0.6200000000000835,0.6199999999999716,0.0,0.0,0.0,0.0
2015-01-04,420,0.0,27.81,18.63,23.22,76.83,620.0,660.0,720.0,820.0,666.67,697.14,0.0,26.42,77.29,0.6200000000000835,0.6199999999999716,0.0,0.0,0.0,0.0
2015-01-05,420,0.03,28.15,19.74,23.94,76.79,420.0,620.0,660.0,820.0,566.67,640.0,0.0,27.81,76.83,0.05000000000008349,0.6199999999999716,0.0,0.0,0.0,0.0
2015-01-06,370,0.0,28.75,19.95,24.35,72.51,420.0,420.0,620.0,720.0,486.67,582.86,0.03,28.15,76.79,0.030000000000083488,0.6499999999999715,0.0,0.0,0.0,0.0
2015-01-07,330,0.0,27.87,19.11,23.49,77.68,370.0,420.0,420.0,520.0,403.33,532.86,0.0,28.75,72.51,0.030000000000083488,0.6499999999999715,0.0,0.0,0.0,0.0
2015-01-08,420,0.0,27.74,19.14,23.44,73.62,330.0,370.0,420.0,720.0,373.33,505.71,0.0,27.87,77.68,0.030000000000083488,0.6499999999999715,0.0,0.0,0.0,0.0
2015-01-09,620,0.0,28.63,17.91,23.27,71.64,420.0,330.0,370.0,660.0,373.33,462.86,0.0,27.74,73.62,0.0,0.07999999999997158,0.0,0.0,0.0,0.0
2015-01-10,820,0.0,28.12,14.4,21.26,62.53,620.0,420.0,330.0,620.0,456.67,457.14,0.0,28.63,71.64,0.0,0.029999999999971577,0.0,0.0,0.0,0.0
2015-01-11,520,0.0,26.99,13.57,20.28,59.47,820.0,620.0,420.0,420.0,620.0,485.71,0.0,28.12,62.53,0.0,0.029999999999971577,0.0,0.0,0.0,0.0
2015-01-12,660,0.0,26.9,13.82,20.36,59.38,520.0,820.0,620.0,420.0,653.33,500.0,0.0,26.99,59.47,0.0,0.029999999999971577,0.0,0.0,0.0,0.0
2015-01-13,820,0.0,27.61,14.59,21.1,56.11,660.0,520.0,820.0,370.0,666.67,534.29,0.0,26.9,59.38,0.0,0.0,0.0,0.0,0.0,0.0
2015-01-14,820,0.0,27.88,15.86,21.87,58.83,820.0,660.0,520.0,330.0,666.67,598.57,0.0,27.61,56.11,0.0,0.0,0.0,0.0,0.0,0.0
2015-01-15,820,0.0,27.92,17.01,22.46,58.96,820.0,820.0,660.0,420.0,766.67,668.57,0.0,27.88,58.83,0.0,0.0,0.0,0.0,0.0,0.0
2015-01-16,660,0.0,28.52,17.52,23.02,60.31,820.0,820.0,820.0,620.0,820.0,725.71,0.0,27.92,58.96,0.0,0.0,0.0,0.0,0.0,0.0
2015-01-17,820,0.0,29.13,18.61,23.87,66.5,660.0,820.0,820.0,820.0,766.67,731.43,0.0,28.52,60.31,0.0,0.0,0.0,0.0,0.0,0.0
2015-01-18,420,0.0,29.1,19.5,24.3,67.61,820.0,660.0,820.0,520.0,766.67,731.43,0.0,29.13,66.5,0.0,0.0,0.0,0.0,0.0,0.0
2015-01-19,370,0.0,29.07,19.79,24.43,66.18,420.0,820.0,660.0,660.0,633.33,717.14,0.0,29.1,67.61,0.0,0.0,0.0,0.0,0.0,0.0
2015-01-20,350,0.0,28.16,19.73,23.94,71.01,370.0,420.0,820.0,820.0,536.67,675.71,0.0,29.07,66.18,0.0,0.0,0.0,0.0,0.0,0.0
2015-01-21,820,0.0,28.74,19.36,24.05,64.91,350.0,370.0,420.0,820.0,380.0,608.57,0.0,28.16,71.01,0.0,0.0,0.0,0.0,0.0,0.0
2015-01-22,620,0.0,28.12,18.7,23.41,64.94,820.0,350.0,370.0,820.0,513.33,608.57,0.0,28.74,64.91,0.0,0.0,0.0,0.0,0.0,0.0
2015-01-23,820,0.0,29.34,18.84,24.09,62.4,620.0,820.0,350.0,660.0,596.67,580.0,0.0,28.12,64.94,0.0,0.0,0.0,0.0,0.0,0.0
2015-01-24,820,0.0,27.48,19.56,23.52,68.37,820.0,620.0,820.0,820.0,753.33,602.86,0.0,29.34,62.4,0.0,0.0,0.0,0.0,0.0,0.0
2015-01-25,820,0.0,29.63,19.37,24.5,64.82,820.0,820.0,620.0,420.0,753.33,602.86,0.0,27.48,68.37,0.0,0.0,0.0,0.0,0.0,0.0
2015-01-26,420,0.0,28.72,17.49,23.11,57.48,820.0,820.0,820.0,370.0,820.0,660.0,0.0,29.63,64.82,0.0,0.0,0.0,0.0,0.0,0.0
2015-01-27,390,0.0,29.56,18.36,23.96,65.81,420.0,820.0,820.0,350.0,686.67,667.14,0.0,28.72,57.48,0.0,0.0,0.0,0.0,0.0,0.0
2015-01-28,370,0.0,29.66,19.22,24.44,72.99,390.0,420.0,820.0,820.0,543.33,672.86,0.0,29.56,65.81,0.0,0.0,0.0,0.0,0.0,0.0
2015-01-29,420,0.0,29.66,20.26,24.96,67.49,370.0,390.0,420.0,620.0,393.33,608.57,0.0,29.66,72.99,0.0,0.0,0.0,0.0,0.0,0.0
2015-01-30,420,0.0,30.56,20.24,25.4,63.69,420.0,370.0,390.0,820.0,393.33,580.0,0.0,29.66,67.49,0.0,0.0,0.0,0.0,0.0,0.0
2015-01-31,520,0.0,30.17,18.97,24.57,59.33,420.0,420.0,370.0,820.0,403.33,522.86,0.0,30.56,63.69,0.0,0.0,0.0,0.0,0.0,0.0
2015-02-01,330,0.0,30.48,19.32,24.9,61.24,520.0,420.0,420.0,820.0,453.33,480.0,0.0,30.17,59.33,0.0,0.0,0.0,0.0,0.0,0.0
2015-02-02,520,0.0,29.98,18.77,24.38,58.7,330.0,520.0,420.0,420.0,423.33,410.0,0.0,30.48,61.24,0.0,0.0,0.0,0.0,0.0,0.0
2015-02-03,460,0.0,29.3,17.94,23.62,54.56,520.0,330.0,520.0,390.0,456.67,424.29,0.0,29.98,58.7,0.0,0.0,0.0,0.0,0.0,0.0
2015-02-04,820,0.0,27.59,17.97,22.78,52.63,460.0,520.0,330.0,370.0,436.67,434.29,0.0,29.3,54.56,0.0,0.0,0.0,0.0,0.0,0.0
2015-02-05,820,0.0,29.28,17.8,23.54,52.21,820.0,460.0,520.0,420.0,600.0,498.57,0.0,27.59,52.63,0.0,0.0,0.0,0.0,0.0,0.0
2015-02-06,820,0.0,28.98,18.77,23.88,65.92,820.0,820.0,460.0,420.0,700.0,555.71,0.0,29.28,52.21,0.0,0.0,0.0,0.0,0.0,0.0
2015-02-07,820,0.0,29.45,19.85,24.65,66.85,820.0,820.0,820.0,520.0,820.0,612.86,0.0,28.98,65.92,0.0,0.0,0.0,0.0,0.0,0.0
2015-02-08,820,0.0,29.41,19.77,24.59,62.9,820.0,820.0,820.0,330.0,820.0,655.71,0.0,29.45,66.85,0.0,0.0,0.0,0.0,0.0,0.0
2015-02-09,720,0.0,28.98,19.58,24.28,61.91,820.0,820.0,820.0,520.0,820.0,725.71,0.0,29.41,62.9,0.0,0.0,0.0,0.0,0.0,0.0
2015-02-10,820,0.0,30.64,18.18,24.41,56.33,720.0,820.0,820.0,460.0,786.67,754.29,0.0,28.98,61.91,0.0,0.0,0.0,0.0,0.0,0.0
2015-02-11,720,0.0,30.84,17.56,24.2,50.7,820.0,720.0,820.0,820.0,786.67,805.71,0.0,30.64,56.33,0.0,0.0,0.0,0.0,0.0,0.0
2015-02-12,820,0.0,31.28,17.52,24.4,61.22,720.0,820.0,720.0,820.0,753.33,791.43,0.0,30.84,50.7,0.0,0.0,0.0,0.0,0.0,0.0
2015-02-13,660,0.0,31.78,17.22,24.5,58.44,820.0,720.0,820.0,820.0,786.67,791.43,0.0,31.28,61.22,0.0,0.0,0.0,0.0,0.0,0.0
2015-02-14,520,0.0,31.76,19.16,25.46,58.28,660.0,820.0,720.0,820.0,733.33,768.57,0.0,31.78,58.44,0.0,0.0,0.0,0.0,0.0,0.0
2015-02-15,370,0.0,31.1,18.84,24.97,61.82,520.0,660.0,820.0,820.0,666.67,725.71,0.0,31.76,58.28,0.0,0.0,0.0,0.0,0.0,0.0
2015-02-16,330,0.0,31.7,19.84,25.77,64.59,370.0,520.0,660.0,720.0,516.67,661.43,0.0,31.1,61.82,0.0,0.0,0.0,0.0,0.0,0.0
2015-02-17,290,0.0,31.06,19.72,25.39,67.43,330.0,370.0,520.0,820.0,406.67,605.71,0.0,31.7,64.59,0.0,0.0,0.0,0.0,0.0,0.0
2015-02-18,330,0.0,31.62,19.6,25.61,66.15,290.0,330.0,370.0,720.0,330.0,530.0,0.0,31.06,67.43,0.0,0.0,0.0,0.0,0.0,0.0
2015-02-19,230,0.0,30.16,20.74,25.45,70.08,330.0,290.0,330.0,820.0,316.67,474.29,0.0,31.62,66.15,0.0,0.0,0.0,0.0,0.0,0.0
2015-02-20,230,0.0,31.32,20.26,25.79,63.48,230.0,330.0,290.0,660.0,283.33,390.0,0.0,30.16,70.08,0.0,0.0,0.0,0.0,0.0,0.0
2015-02-21,620,0.0,32.1,18.88,25.49,52.11,230.0,230.0,330.0,520.0,263.33,328.57,0.0,31.32,63.48,0.0,0.0,0.0,0.0,0.0,0.0
2015-02-22,250,0.0,31.89,18.73,25.31,48.84,620.0,230.0,230.0,370.0,360.0,342.86,0.0,32.1,52.11,0.0,0.0,0.0,0.0,0.0,0.0
2015-02-23,310,0.0,32.48,19.06,25.77,52.83,250.0,620.0,230.0,330.0,366.67,325.71,0.0,31.89,48.84,0.0,0.0,0.0,0.0,0.0,0.0
2015-02-24,270,0.0,32.01,19.01,25.51,59.42,310.0,250.0,620.0,290.0,393.33,322.86,0.0,32.48,52.83,0.0,0.0,0.0,0.0,0.0,0.0
2015-02-25,420,0.02,30.86,19.9,25.38,64.84,270.0,310.0,250.0,330.0,276.67,320.0,0.0,32.01,59.42,0.0,0.0,0.0,0.0,0.0,0.0
2015-02-26,310,0.03,31.34,19.77,25.56,68.09,420.0,270.0,310.0,230.0,333.33,332.86,0.02,30.86,64.84,0.02000000000008349,0.01999999999997158,0.0,0.0,0.0,0.0
2015-02-27,350,0.08,31.33,21.07,26.2,64.76,310.0,420.0,270.0,230.0,333.33,344.29,0.03,31.34,68.09,0.05000000000008349,0.04999999999997158,0.0,0.0,0.0,0.0
2015-02-28,390,0.37,30.75,21.39,26.07,65.75,350.0,310.0,420.0,620.0,360.0,361.43,0.08,31.33,64.76,0.1300000000000835,0.12999999999997158,0.0,0.0,0.0,0.0
2015-03-01,210,6.31,30.26,21.36,25.81,72.95,390.0,350.0,310.0,250.0,350.0,328.57,0.37,30.75,65.75,0.48000000000008347,0.4999999999999716,0.0,0.0,0.0,0.0
2015-03-02,230,2.27,28.96,20.76,24.86,75.8,210.0,390.0,350.0,310.0,316.67,322.86,6.31,30.26,72.95,6.760000000000083,6.809999999999971,1.0,0.0,0.0,0.0
2015-03-03,270,0.09,29.58,19.88,24.73,71.39,230.0,210.0,390.0,270.0,276.67,311.43,2.27,28.96,75.8,8.950000000000083,9.079999999999972,2.0,0.0,0.0,0.0
2015-03-04,290,0.01,29.15,19.5,24.33,71.11,270.0,230.0,210.0,420.0,236.67,311.43,0.09,29.58,71.39,8.670000000000083,9.169999999999972,0.0,0.0,0.0,0.0
2015-03-05,520,0.0,31.66,19.4,25.53,68.45,290.0,270.0,230.0,310.0,263.33,292.86,0.01,29.15,71.11,2.3700000000000836,9.159999999999972,0.0,0.0,0.0,0.0
2015-03-06,460,0.27,31.64,21.44,26.54,70.08,520.0,290.0,270.0,350.0,360.0,322.86,0.0,31.66,68.45,0.10000000000008348,9.12999999999997,0.0,0.0,0.0,0.0
2015-03-07,430,0.22,32.14,21.78,26.96,67.27,460.0,520.0,290.0,390.0,423.33,338.57,0.27,31.64,70.08,0.2800000000000835,9.31999999999997,0.0,0.0,0.0,0.0
2015-03-08,350,2.64,30.36,22.67,26.51,69.48,430.0,460.0,520.0,210.0,470.0,344.29,0.22,32.14,67.27,0.4900000000000835,9.169999999999972,0.0,0.0,0.0,0.0
2015-03-09,230,0.45,30.6,22.5,26.55,69.79,350.0,430.0,460.0,230.0,413.33,364.29,2.64,30.36,69.48,3.1300000000000834,5.499999999999972,1.0,0.0,0.0,0.0
2015-03-10,210,0.16,32.65,21.57,27.11,62.84,230.0,350.0,430.0,270.0,336.67,364.29,0.45,30.6,69.79,3.310000000000084,3.6799999999999717,0.0,0.0,0.0,0.0
2015-03-11,170,0.03,33.44,20.82,27.13,49.53,210.0,230.0,350.0,290.0,263.33,355.71,0.16,32.65,62.84,3.2500000000000835,3.7499999999999716,0.0,0.0,0.0,0.0
2015-03-12,290,0.0,33.73,21.17,27.45,57.5,170.0,210.0,230.0,520.0,203.33,338.57,0.03,33.44,49.53,0.6400000000000835,3.7699999999999716,0.0,0.0,0.0,0.0
2015-03-13,290,0.0,32.48,21.92,27.2,66.48,290.0,170.0,210.0,460.0,223.33,305.71,0.0,33.73,57.5,0.1900000000000835,3.7699999999999716,0.0,0.0,0.0,0.0
2015-03-14,310,0.0,32.54,22.28,27.41,64.83,290.0,290.0,170.0,430.0,250.0,281.43,0.0,32.48,66.48,0.030000000000083488,3.4999999999999716,0.0,0.0,0.0,0.0
2015-03-15,230,0.36,31.74,23.12,27.43,68.74,310.0,290.0,290.0,350.0,296.67,264.29,0.0,32.54,64.83,0.0,3.279999999999972,0.0,0.0,0.0,0.0
2015-03-16,150,0.04,31.62,23.3,27.46,70.82,230.0,310.0,290.0,230.0,276.67,247.14,0.36,31.74,68.74,0.3600000000000835,0.9999999999999716,0.0,0.0,0.0,0.0
2015-03-17,130,0.0,32.65,23.18,27.91,67.54,150.0,230.0,310.0,210.0,230.0,235.71,0.04,31.62,70.82,0.40000000000008346,0.5899999999999717,0.0,0.0,0.0,0.0
2015-03-18,150,0.0,32.62,23.3,27.96,66.2,130.0,150.0,230.0,170.0,170.0,224.29,0.0,32.65,67.54,0.40000000000008346,0.42999999999997157,0.0,0.0,0.0,0.0
2015-03-19,170,0.0,31.7,23.2,27.45,66.18,150.0,130.0,150.0,290.0,143.33,221.43,0.0,32.62,66.2,0.04000000000008349,0.39999999999997154,0.0,0.0,0.0,0.0
2015-03-20,210,0.0,33.72,22.44,28.08,63.23,170.0,150.0,130.0,290.0,150.0,204.29,0.0,31.7,66.18,0.0,0.39999999999997154,0.0,0.0,0.0,0.0
2015-03-21,250,0.0,34.62,22.12,28.37,58.0,210.0,170.0,150.0,310.0,176.67,192.86,0.0,33.72,63.23,0.0,0.39999999999997154,0.0,0.0,0.0,0.0
2015-03-22,210,0.0,33.43,21.99,27.71,66.01,250.0,210.0,170.0,230.0,210.0,184.29,0.0,34.62,58.0,0.0,0.39999999999997154,0.0,0.0,1.0,0.0
2015-03-23,210,0.0,33.67,22.0,27.84,66.28,210.0,250.0,210.0,150.0,223.33,181.43,0.0,33.43,66.01,0.0,0.03999999999997158,0.0,0.0,0.0,0.0
2015-03-24,270,0.01,34.53,23.14,28.84,64.33,210.0,210.0,250.0,130.0,223.33,190.0,0.0,33.67,66.28,0.0,0.0,0.0,0.0,0.0,0.0
2015-03-25,170,0.03,33.2,23.42,28.31,67.6,270.0,210.0,210.0,150.0,230.0,210.0,0.01,34.53,64.33,0.010000000000083489,0.009999999999971578,0.0,0.0,1.0,0.0
2015-03-26,170,0.02,32.36,23.36,27.86,66.97,170.0,270.0,210.0,170.0,216.67,212.86,0.03,33.2,67.6,0.04000000000008349,0.03999999999997158,0.0,0.0,0.0,0.0
2015-03-27,230,0.5,32.64,22.7,27.67,65.69,170.0,170.0,270.0,210.0,203.33,212.86,0.02,32.36,66.97,0.06000000000008349,0.059999999999971576,0.0,0.0,0.0,0.0
2015-03-28,310,0.45,32.24,22.72,27.48,66.97,230.0,170.0,170.0,250.0,190.0,215.71,0.5,32.64,65.69,0.5500000000000835,0.5599999999999716,0.0,0.0,0.0,0.0
2015-03-29,190,7.04,32.76,23.06,27.91,66.39,310.0,230.0,170.0,210.0,236.67,224.29,0.45,32.24,66.97,0.9700000000000835,1.0099999999999716,0.0,0.0,0.0,0.0
2015-03-30,150,4.16,29.17,23.99,26.58,78.16,190.0,310.0,230.0,210.0,243.33,221.43,7.04,32.76,66.39,7.990000000000084,8.049999999999972,1.0,0.0,0.0,0.0
2015-03-31,170,2.29,29.57,23.83,26.7,78.44,150.0,190.0,310.0,270.0,216.67,212.86,4.16,29.17,78.16,11.650000000000084,12.209999999999972,2.0,0.0,0.0,0.0
2015-04-01,190,7.57,31.18,23.56,27.37,74.81,170.0,150.0,190.0,170.0,170.0,198.57,2.29,29.57,78.44,13.490000000000084,14.489999999999972,3.0,0.0,0.0,0.0
2015-04-02,190,1.59,31.7,23.54,27.62,72.2,190.0,170.0,150.0,170.0,170.0,201.43,7.57,31.18,74.81,14.020000000000085,22.029999999999973,4.0,0.0,0.0,0.0
2015-04-03,210,0.12,32.31,22.57,27.44,68.28,190.0,190.0,170.0,230.0,183.33,204.29,1.59,31.7,72.2,11.450000000000085,23.599999999999973,5.0,0.0,0.0,0.0
2015-04-04,190,0.03,33.28,22.15,27.72,64.06,210.0,190.0,190.0,310.0,196.67,201.43,0.12,32.31,68.28,9.280000000000085,23.219999999999974,0.0,0.0,0.0,0.0
2015-04-05,210,0.01,35.03,22.19,28.61,59.8,190.0,210.0,190.0,190.0,196.67,184.29,0.03,33.28,64.06,1.7400000000000835,22.79999999999997,0.0,0.0,0.0,0.0
2015-04-06,230,0.59,33.48,23.04,28.26,67.59,210.0,190.0,210.0,150.0,203.33,187.14,0.01,35.03,59.8,0.1600000000000835,15.769999999999971,0.0,0.0,1.0,0.0
2015-04-07,170,0.75,31.84,23.42,27.63,68.7,230.0,210.0,190.0,170.0,210.0,198.57,0.59,33.48,67.59,0.6300000000000835,12.19999999999997,0.0,0.0,0.0,0.0
2015-04-08,150,0.96,32.16,23.46,27.81,67.43,170.0,230.0,210.0,190.0,203.33,198.57,0.75,31.84,68.7,1.3500000000000836,10.659999999999972,0.0,0.0,0.0,0.0
2015-04-09,270,0.53,29.99,24.23,27.11,72.05,150.0,170.0,230.0,190.0,183.33,192.86,0.96,32.16,67.43,2.3000000000000833,4.049999999999971,0.0,0.0,0.0,0.0
2015-04-10,230,1.28,30.08,24.02,27.05,72.76,270.0,150.0,170.0,210.0,196.67,204.29,0.53,29.99,72.05,2.2400000000000837,2.989999999999972,0.0,0.0,0.0,0.0
2015-04-11,250,1.31,28.26,23.7,25.98,71.59,230.0,270.0,150.0,190.0,216.67,207.14,1.28,30.08,72.76,2.7700000000000835,4.149999999999972,1.0,0.0,0.0,0.0
2015-04-12,310,4.72,31.18,23.22,27.2,70.59,250.0,230.0,270.0,210.0,250.0,215.71,1.31,28.26,71.59,3.1200000000000836,5.429999999999971,2.0,0.0,0.0,0.0
2015-04-13,290,4.64,30.2,22.52,26.36,73.54,310.0,250.0,230.0,230.0,263.33,230.0,4.72,31.18,70.59,7.310000000000083,10.139999999999972,3.0,0.0,0.0,0.0
2015-04-14,460,0.45,31.02,21.96,26.49,68.76,290.0,310.0,250.0,170.0,283.33,238.57,4.64,30.2,73.54,10.670000000000083,14.189999999999971,4.0,0.0,0.0,0.0
2015-04-15,210,0.02,32.89,21.73,27.31,61.78,460.0,290.0,310.0,150.0,353.33,280.0,0.45,31.02,68.76,9.810000000000084,13.88999999999997,0.0,0.0,0.0,0.0
2015-04-16,290,0.0,34.34,22.24,28.29,61.23,210.0,460.0,290.0,270.0,320.0,288.57,0.02,32.89,61.78,5.110000000000083,12.94999999999997,0.0,0.0,0.0,0.0
2015-04-17,270,0.03,33.0,23.12,28.06,64.59,290.0,210.0,460.0,230.0,320.0,291.43,0.0,34.34,61.23,0.4700000000000835,12.419999999999972,0.0,0.0,1.0,0.0
2015-04-18,260,0.03,33.3,23.52,28.41,66.0,270.0,290.0,210.0,250.0,256.67,297.14,0.03,33.0,64.59,0.05000000000008349,11.169999999999972,0.0,0.0,0.0,0.0
2015-04-19,250,0.09,33.56,24.01,28.78,67.47,260.0,270.0,290.0,310.0,273.33,298.57,0.03,33.3,66.0,0.06000000000008349,9.88999999999997,0.0,0.0,0.0,0.0
2015-04-20,290,0.04,32.2,24.4,28.3,69.53,250.0,260.0,270.0,290.0,260.0,290.0,0.09,33.56,67.47,0.15000000000008348,5.259999999999971,0.0,0.0,0.0,0.0
2015-04-21,290,5.94,31.17,24.41,27.79,75.26,290.0,250.0,260.0,460.0,266.67,290.0,0.04,32.2,69.53,0.1600000000000835,0.6599999999999716,0.0,0.0,0.0,0.0
2015-04-22,290,6.24,29.9,24.4,27.15,80.91,290.0,290.0,250.0,210.0,276.67,265.71,5.94,31.17,75.26,6.070000000000084,6.149999999999972,1.0,0.0,0.0,0.0
2015-04-23,420,12.35,27.82,24.32,26.07,86.56,290.0,290.0,290.0,290.0,290.0,277.14,6.24,29.9,80.91,12.220000000000084,12.369999999999973,2.0,0.0,0.0,0.0
2015-04-24,330,3.69,30.78,23.9,27.34,78.47,420.0,290.0,290.0,270.0,333.33,295.71,12.35,27.82,86.56,24.530000000000083,24.71999999999997,3.0,0.0,0.0,0.0
2015-04-25,390,1.53,27.6,23.98,25.79,82.21,330.0,420.0,290.0,260.0,346.67,304.29,3.69,30.78,78.47,22.280000000000083,28.37999999999997,4.0,0.0,0.0,0.0
2015-04-26,460,1.25,32.24,23.2,27.72,69.38,390.0,330.0,420.0,250.0,380.0,322.86,1.53,27.6,82.21,17.570000000000082,29.879999999999974,5.0,0.0,0.0,0.0
2015-04-27,350,0.85,32.85,23.21,28.03,69.76,460.0,390.0,330.0,290.0,393.33,352.86,1.25,32.24,69.38,6.470000000000083,31.03999999999997,6.0,0.0,0.0,0.0
2015-04-28,270,0.54,33.24,23.33,28.28,69.73,350.0,460.0,390.0,290.0,400.0,361.43,0.85,32.85,69.76,3.6300000000000834,31.84999999999997,0.0,0.0,0.0,0.0
2015-04-29,270,0.84,33.14,23.46,28.3,69.77,270.0,350.0,460.0,290.0,360.0,358.57,0.54,33.24,69.73,2.640000000000083,26.44999999999997,0.0,0.0,0.0,0.0
2015-04-30,420,0.84,31.48,23.3,27.39,72.95,270.0,270.0,350.0,420.0,296.67,355.71,0.84,33.14,69.77,2.2300000000000835,21.049999999999972,0.0,0.0,0.0,0.0
2015-05-01,520,0.9,32.66,23.14,27.9,70.78,420.0,270.0,270.0,330.0,320.0,355.71,0.84,31.48,72.95,2.2200000000000832,9.53999999999997,0.0,0.0,0.0,0.0
2015-05-02,560,2.16,30.78,23.44,27.11,75.72,520.0,420.0,270.0,390.0,403.33,382.86,0.9,32.66,70.78,2.5800000000000836,6.749999999999972,0.0,0.0,0.0,0.0
2015-05-03,560,1.37,32.03,23.32,27.67,70.66,560.0,520.0,420.0,460.0,500.0,407.14,2.16,30.78,75.72,3.900000000000084,7.379999999999972,1.0,0.0,0.0,0.0
2015-05-04,310,3.96,31.64,23.78,27.71,72.93,560.0,560.0,520.0,350.0,546.67,421.43,1.37,32.03,70.66,4.430000000000084,7.499999999999972,2.0,0.0,0.0,0.0
2015-05-05,520,14.26,31.66,24.06,27.86,74.5,310.0,560.0,560.0,270.0,476.67,415.71,3.96,31.64,72.93,7.490000000000084,10.609999999999971,3.0,0.0,0.0,0.0
2015-05-06,420,1.19,31.65,24.13,27.89,75.47,520.0,310.0,560.0,270.0,463.33,451.43,14.26,31.66,74.5,19.59000000000008,24.32999999999997,4.0,0.0,0.0,0.0
2015-05-07,620,2.09,29.13,24.75,26.94,82.28,420.0,520.0,310.0,420.0,416.67,472.86,1.19,31.65,75.47,19.410000000000082,24.67999999999997,5.0,0.0,0.0,0.0
2015-05-08,620,1.15,29.72,24.5,27.11,81.5,620.0,420.0,520.0,520.0,520.0,501.43,2.09,29.13,82.28,17.540000000000084,25.92999999999997,6.0,0.0,0.0,0.0
2015-05-09,720,0.51,30.0,24.52,27.26,81.11,620.0,620.0,420.0,560.0,553.33,515.71,1.15,29.72,81.5,4.430000000000083,26.17999999999997,7.0,0.0,0.0,0.0
2015-05-10,620,1.57,28.63,24.91,26.77,82.74,720.0,620.0,620.0,560.0,653.33,538.57,0.51,30.0,81.11,3.7500000000000835,24.52999999999997,0.0,0.0,0.0,0.0
2015-05-11,290,14.8,28.29,24.55,26.42,86.0,620.0,720.0,620.0,310.0,653.33,547.14,1.57,28.63,82.74,3.2300000000000835,24.729999999999972,1.0,0.0,0.0,0.0
2015-05-12,370,17.66,29.12,24.17,26.65,83.02,290.0,620.0,720.0,520.0,543.33,544.29,14.8,28.29,86.0,16.880000000000084,35.56999999999997,2.0,0.0,0.0,0.0
2015-05-13,170,21.41,29.23,23.55,26.39,81.05,370.0,290.0,620.0,420.0,426.67,522.86,17.66,29.12,83.02,34.030000000000086,38.96999999999997,3.0,0.0,0.0,0.0
2015-05-14,290,8.66,32.04,23.88,27.96,75.66,170.0,370.0,290.0,620.0,276.67,487.14,21.41,29.23,81.05,53.87000000000008,59.18999999999997,4.0,0.0,0.0,0.0
2015-05-15,170,18.32,30.01,24.87,27.44,78.61,290.0,170.0,370.0,620.0,276.67,440.0,8.66,32.04,75.66,47.73000000000009,65.75999999999998,5.0,0.0,0.0,0.0
2015-05-16,110,13.27,28.73,24.33,26.53,85.16,170.0,290.0,170.0,720.0,210.0,375.71,18.32,30.01,78.61,48.390000000000086,82.92999999999996,6.0,0.0,0.0,0.0
2015-05-17,90,4.86,29.98,24.1,27.04,83.73,110.0,170.0,290.0,620.0,190.0,288.57,13.27,28.73,85.16,40.250000000000085,95.68999999999997,7.0,0.0,0.0,0.0
2015-05-18,90,8.65,27.54,24.4,25.97,85.41,90.0,110.0,170.0,290.0,123.33,212.86,4.86,29.98,83.73,36.45000000000008,98.97999999999998,8.0,0.0,0.0,0.0
2015-05-19,150,0.98,29.16,24.26,26.71,83.32,90.0,90.0,110.0,370.0,96.67,184.29,8.65,27.54,85.41,26.780000000000083,92.82999999999997,9.0,0.0,0.0,0.0
2015-05-20,210,0.2,30.15,24.39,27.27,79.99,150.0,90.0,90.0,170.0,110.0,152.86,0.98,29.16,83.32,14.490000000000084,76.14999999999998,0.0,0.0,0.0,0.0
2015-05-21,170,0.07,29.84,24.86,27.35,80.97,210.0,150.0,90.0,290.0,150.0,158.57,0.2,30.15,79.99,9.830000000000084,54.939999999999976,0.0,0.0,0.0,0.0
2015-05-22,150,0.12,30.26,23.72,26.99,74.41,170.0,210.0,150.0,170.0,176.67,141.43,0.07,29.84,80.97,1.2500000000000817,46.349999999999966,0.0,0.0,0.0,0.0
2015-05-23,290,0.06,28.77,23.63,26.2,83.53,150.0,170.0,210.0,110.0,176.67,138.57,0.12,30.26,74.41,0.3900000000000817,28.149999999999974,0.0,0.0,0.0,0.0
2015-05-24,450,0.28,29.96,24.32,27.14,82.2,290.0,150.0,170.0,90.0,203.33,164.29,0.06,28.77,83.53,0.2500000000000817,14.939999999999973,0.0,0.0,0.0,0.0
2015-05-25,230,0.03,30.28,24.68,27.48,81.94,450.0,290.0,150.0,90.0,296.67,215.71,0.28,29.96,82.2,0.46000000000008173,10.359999999999975,0.0,0.0,0.0,0.0
2015-05-26,230,0.48,30.34,24.66,27.5,80.13,230.0,450.0,290.0,150.0,323.33,235.71,0.03,30.28,81.94,0.3700000000000817,1.7399999999999716,0.0,0.0,0.0,0.0
2015-05-27,310,2.67,29.36,24.6,26.98,82.23,230.0,230.0,450.0,210.0,303.33,247.14,0.48,30.34,80.13,0.7900000000000817,1.2399999999999716,0.0,0.0,0.0,0.0
2015-05-28,210,2.29,28.95,24.69,26.82,83.45,310.0,230.0,230.0,170.0,256.67,261.43,2.67,29.36,82.23,3.1800000000000814,3.7099999999999715,1.0,0.0,0.0,0.0
2015-05-29,210,19.98,28.94,24.0,26.47,83.41,210.0,310.0,230.0,150.0,250.0,267.14,2.29,28.95,83.45,5.440000000000081,5.929999999999971,2.0,0.0,0.0,0.0
2015-05-30,460,8.37,30.64,23.58,27.11,77.37,210.0,210.0,310.0,290.0,243.33,275.71,19.98,28.94,83.41,24.940000000000083,25.78999999999997,3.0,0.0,0.0,0.0
2015-05-31,210,14.59,29.44,24.1,26.77,84.12,460.0,210.0,210.0,450.0,293.33,300.0,8.37,30.64,77.37,30.64000000000008,34.09999999999997,4.0,0.0,0.0,0.0
2015-06-01,130,5.21,27.7,24.22,25.96,86.03,210.0,460.0,210.0,230.0,293.33,265.71,14.59,29.44,84.12,42.940000000000076,48.40999999999997,5.0,0.0,0.0,0.0
2015-06-02,210,2.22,27.04,23.6,25.32,86.82,130.0,210.0,460.0,230.0,266.67,251.43,5.21,27.7,86.03,28.170000000000076,53.58999999999997,6.0,0.0,0.0,0.0
2015-06-03,230,1.98,28.72,23.76,26.24,84.82,210.0,130.0,210.0,310.0,183.33,248.57,2.22,27.04,86.82,22.020000000000078,55.32999999999997,7.0,0.0,0.0,0.0
2015-06-04,110,36.1,28.56,24.01,26.28,87.94,230.0,210.0,130.0,210.0,190.0,237.14,1.98,28.72,84.82,9.410000000000078,54.63999999999997,8.0,0.0,0.0,0.0
2015-06-05,270,4.62,27.85,23.71,25.78,85.57,110.0,230.0,210.0,210.0,183.33,222.86,36.1,28.56,87.94,40.30000000000008,88.44999999999997,9.0,0.0,0.0,0.0
2015-06-06,720,5.54,29.82,23.62,26.72,82.14,270.0,110.0,230.0,460.0,203.33,231.43,4.62,27.85,85.57,42.70000000000008,73.08999999999997,10.0,0.0,0.0,0.0
2015-06-07,170,15.83,28.42,23.26,25.84,85.7,720.0,270.0,110.0,210.0,366.67,268.57,5.54,29.82,82.14,46.260000000000076,70.25999999999998,11.0,0.0,0.0,0.0
2015-06-08,130,39.69,26.54,23.38,24.96,88.94,170.0,720.0,270.0,130.0,386.67,262.86,15.83,28.42,85.7,25.99000000000008,71.49999999999997,12.0,0.0,0.0,0.0
2015-06-09,110,34.76,27.04,22.82,24.93,87.09,130.0,170.0,720.0,210.0,340.0,262.86,39.69,26.54,88.94,61.06000000000007,105.97999999999996,13.0,0.0,0.0,0.0
2015-06-10,130,27.62,28.14,22.9,25.52,83.86,110.0,130.0,170.0,230.0,136.67,248.57,34.76,27.04,87.09,90.28000000000007,138.51999999999998,14.0,0.0,0.0,0.0
2015-06-11,130,40.31,27.12,23.16,25.14,89.07,130.0,110.0,130.0,110.0,123.33,234.29,27.62,28.14,83.86,102.07000000000008,164.15999999999997,15.0,0.0,0.0,0.0
2015-06-12,130,28.42,25.35,22.93,24.14,89.74,130.0,130.0,110.0,270.0,123.33,237.14,40.31,27.12,89.07,102.69000000000008,168.36999999999995,16.0,0.0,0.0,0.0
2015-06-13,190,29.21,26.95,22.59,24.77,84.37,130.0,130.0,130.0,720.0,130.0,217.14,28.42,25.35,89.74,96.3500000000001,192.17,17.0,0.0,0.0,0.0
2015-06-14,250,25.65,26.44,22.7,24.57,84.74,190.0,130.0,130.0,170.0,150.0,141.43,29.21,26.95,84.37,97.94000000000008,215.83999999999997,18.0,0.0,0.0,0.0
2015-06-15,210,17.34,26.48,22.67,24.58,85.26,250.0,190.0,130.0,130.0,190.0,152.86,25.65,26.44,84.74,83.28000000000009,225.65999999999997,19.0,0.0,0.0,0.0
2015-06-16,110,40.69,26.45,22.41,24.43,85.1,210.0,250.0,190.0,110.0,216.67,164.29,17.34,26.48,85.26,72.20000000000009,203.30999999999997,20.0,0.0,0.0,0.0
2015-06-17,70,36.78,25.7,22.54,24.12,86.91,110.0,210.0,250.0,130.0,190.0,164.29,40.69,26.45,85.1,83.68000000000009,209.23999999999995,21.0,0.0,0.0,0.0
2015-06-18,190,36.78,26.27,23.43,24.85,88.95,70.0,110.0,210.0,130.0,130.0,155.71,36.78,25.7,86.91,94.81000000000009,218.39999999999998,22.0,0.0,0.0,0.0
2015-06-19,170,45.53,26.72,24.86,25.79,90.9,190.0,70.0,110.0,130.0,123.33,164.29,36.78,26.27,88.95,114.25000000000009,214.87,23.0,0.0,0.0,0.0
2015-06-20,210,36.68,26.69,24.39,25.54,89.66,170.0,190.0,70.0,190.0,143.33,170.0,45.53,26.72,90.9,119.09000000000009,231.97999999999996,24.0,1.0,0.0,0.0
2015-06-21,170,39.39,26.48,24.7,25.59,90.44,210.0,170.0,190.0,250.0,190.0,172.86,36.68,26.69,89.66,118.9900000000001,239.44999999999996,25.0,0.0,0.0,0.0
2015-06-22,110,39.9,26.72,24.7,25.71,91.14,170.0,210.0,170.0,210.0,183.33,161.43,39.39,26.48,90.44,121.60000000000008,253.18999999999997,26.0,0.0,0.0,0.0
2015-06-23,110,24.46,27.53,24.63,26.08,89.63,110.0,170.0,210.0,110.0,163.33,147.14,39.9,26.72,91.14,115.97000000000008,275.75,27.0,0.0,0.0,0.0
2015-06-24,210,26.19,27.16,24.6,25.88,90.01,110.0,110.0,170.0,70.0,130.0,147.14,24.46,27.53,89.63,103.75000000000009,259.52,28.0,0.0,0.0,0.0
2015-06-25,130,52.65,27.3,24.76,26.03,90.1,210.0,110.0,110.0,190.0,143.33,167.14,26.19,27.16,90.01,90.5500000000001,248.92999999999995,29.0,0.0,0.0,0.0
2015-06-26,210,27.54,27.26,24.66,25.96,90.46,130.0,210.0,110.0,170.0,150.0,158.57,52.65,27.3,90.1,103.30000000000008,264.79999999999995,30.0,1.0,0.0,0.0
2015-06-27,250,5.94,26.94,24.36,25.65,90.02,210.0,130.0,210.0,210.0,183.33,164.29,27.54,27.26,90.46,106.38000000000008,246.80999999999995,31.0,0.0,0.0,0.0
2015-06-28,130,6.0,26.52,24.1,25.31,90.51,250.0,210.0,130.0,170.0,196.67,170.0,5.94,26.94,90.02,86.13000000000008,216.06999999999996,32.0,0.0,0.0,0.0
2015-06-29,130,8.08,27.57,23.81,25.69,87.84,130.0,250.0,210.0,110.0,196.67,164.29,6.0,26.52,90.51,39.48000000000008,182.67999999999995,33.0,0.0,0.0,0.0
2015-06-30,130,19.75,26.68,23.72,25.2,89.76,130.0,130.0,250.0,110.0,170.0,167.14,8.08,27.57,87.84,20.020000000000085,150.85999999999999,34.0,0.0,0.0,0.0
2015-07-01,110,15.61,27.19,23.25,25.22,88.25,130.0,130.0,130.0,210.0,130.0,170.0,19.75,26.68,89.76,33.830000000000084,146.14999999999998,35.0,0.0,0.0,0.0
2015-07-02,330,14.64,27.04,23.48,25.26,88.86,110.0,130.0,130.0,130.0,123.33,155.71,15.61,27.19,88.25,43.44000000000008,135.56999999999996,36.0,0.0,0.0,0.0
2015-07-03,250,20.01,27.16,23.38,25.27,89.25,330.0,110.0,130.0,210.0,190.0,184.29,14.64,27.04,88.86,50.000000000000085,97.55999999999997,37.0,0.0,0.0,0.0
2015-07-04,250,10.86,27.56,23.36,25.46,87.8,250.0,330.0,110.0,250.0,230.0,190.0,20.01,27.16,89.25,50.26000000000009,90.02999999999997,38.0,0.0,0.0,0.0
2015-07-05,270,14.74,27.82,23.14,25.48,86.3,250.0,250.0,330.0,130.0,276.67,190.0,10.86,27.56,87.8,45.51000000000009,94.94999999999996,39.0,0.0,0.0,0.0
2015-07-06,210,12.66,27.38,23.2,25.29,84.85,270.0,250.0,250.0,130.0,256.67,210.0,14.74,27.82,86.3,45.610000000000085,103.68999999999997,40.0,0.0,0.0,0.0
2015-07-07,190,18.09,27.72,23.22,25.47,84.69,210.0,270.0,250.0,130.0,243.33,221.43,12.66,27.38,84.85,38.26000000000008,108.26999999999997,41.0,0.0,0.0,0.0
2015-07-08,190,34.88,27.42,23.64,25.53,87.22,190.0,210.0,270.0,110.0,223.33,230.0,18.09,27.72,84.69,45.49000000000009,106.60999999999997,42.0,0.0,0.0,0.0
2015-07-09,250,96.32,26.96,23.98,25.47,90.76,190.0,190.0,210.0,330.0,196.67,241.43,34.88,27.42,87.22,65.63000000000008,125.87999999999997,43.0,0.0,0.0,0.0
2015-07-10,230,43.88,26.64,24.1,25.37,91.13,250.0,190.0,190.0,250.0,210.0,230.0,96.32,26.96,90.76,149.29000000000008,207.55999999999995,44.0,1.0,0.0,0.0
2015-07-11,330,39.11,26.59,23.91,25.25,90.58,230.0,250.0,190.0,250.0,223.33,227.14,43.88,26.64,91.13,175.08000000000007,231.42999999999998,45.0,1.0,0.0,0.0
2015-07-12,250,19.26,26.92,23.4,25.16,90.5,330.0,230.0,250.0,270.0,270.0,238.57,39.11,26.59,90.58,179.3100000000001,259.67999999999995,46.0,0.0,0.0,0.0
2015-07-13,520,6.06,27.36,23.16,25.26,88.51,250.0,330.0,230.0,210.0,270.0,235.71,19.26,26.92,90.5,102.25000000000009,264.2,47.0,0.0,0.0,0.0
2015-07-14,420,11.66,27.56,23.36,25.46,89.96,520.0,250.0,330.0,190.0,366.67,280.0,6.06,27.36,88.51,64.43000000000009,257.59999999999997,48.0,0.0,0.0,0.0
2015-07-15,520,30.12,26.68,23.66,25.17,90.26,420.0,520.0,250.0,190.0,396.67,312.86,11.66,27.56,89.96,36.98000000000009,251.17,49.0,0.0,0.0,0.0
2015-07-16,820,21.05,26.38,23.86,25.12,90.57,520.0,420.0,520.0,250.0,486.67,360.0,30.12,26.68,90.26,47.84000000000009,246.40999999999997,50.0,0.0,0.0,0.0
2015-07-17,460,35.36,26.62,24.06,25.34,90.36,820.0,520.0,420.0,230.0,586.67,441.43,21.05,26.38,90.57,62.830000000000084,171.13999999999996,51.0,0.0,0.0,0.0
2015-07-18,420,56.39,26.56,24.18,25.37,91.06,460.0,820.0,520.0,330.0,600.0,474.29,35.36,26.62,90.36,86.53000000000009,162.61999999999995,52.0,0.0,0.0,0.0
2015-07-19,250,64.81,25.55,23.57,24.56,92.2,420.0,460.0,820.0,250.0,566.67,487.14,56.39,26.56,91.06,112.80000000000008,179.89999999999995,53.0,1.0,0.0,0.0
2015-07-20,310,35.81,25.98,23.88,24.93,91.36,250.0,420.0,460.0,520.0,376.67,487.14,64.81,25.55,92.2,156.5600000000001,225.44999999999996,54.0,1.0,0.0,0.0
2015-07-21,170,19.25,26.33,23.71,25.02,90.56,310.0,250.0,420.0,420.0,326.67,457.14,35.81,25.98,91.36,157.0100000000001,255.19999999999996,55.0,0.0,0.0,0.0
2015-07-22,150,21.4,26.58,23.76,25.17,90.28,170.0,310.0,250.0,520.0,243.33,421.43,19.25,26.33,90.56,119.87000000000009,262.78999999999996,56.0,0.0,0.0,0.0
2015-07-23,170,42.94,25.92,23.64,24.78,92.11,150.0,170.0,310.0,820.0,210.0,368.57,21.4,26.58,90.28,76.4600000000001,254.06999999999996,57.0,0.0,0.0,0.0
2015-07-24,210,20.63,25.9,21.96,23.93,90.14,170.0,150.0,170.0,460.0,163.33,275.71,42.94,25.92,92.11,83.59000000000009,275.9599999999999,58.0,0.0,0.0,0.0
2015-07-25,250,33.6,25.11,21.97,23.54,88.2,210.0,170.0,150.0,420.0,176.67,240.0,20.63,25.9,90.14,84.97000000000008,261.22999999999996,59.0,0.0,0.0,0.0
2015-07-26,150,39.62,24.95,22.41,23.68,90.71,250.0,210.0,170.0,250.0,210.0,215.71,33.6,25.11,88.2,97.17000000000007,238.43999999999997,60.0,0.0,0.0,0.0
2015-07-27,110,24.01,25.99,21.97,23.98,88.25,150.0,250.0,210.0,310.0,203.33,201.43,39.62,24.95,90.71,93.85000000000008,213.24999999999994,61.0,0.0,0.0,0.0
2015-07-28,110,12.69,25.3,22.32,23.81,91.26,110.0,150.0,250.0,170.0,170.0,172.86,24.01,25.99,88.25,97.23000000000009,201.44999999999993,62.0,0.0,0.0,0.0
2015-07-29,130,4.96,26.42,22.6,24.51,89.08,110.0,110.0,150.0,150.0,123.33,164.29,12.69,25.3,91.26,76.32000000000008,194.88999999999993,63.0,0.0,0.0,0.0
2015-07-30,150,14.26,27.01,22.65,24.83,87.5,130.0,110.0,110.0,170.0,116.67,161.43,4.96,26.42,89.08,41.66000000000008,178.44999999999996,64.0,0.0,0.0,0.0
2015-07-31,130,21.05,26.56,22.7,24.63,89.16,150.0,130.0,110.0,210.0,130.0,158.57,14.26,27.01,87.5,31.91000000000008,149.76999999999995,65.0,0.0,0.0,0.0
2015-08-01,190,19.92,25.26,22.86,24.06,90.97,130.0,150.0,130.0,250.0,136.67,147.14,21.05,26.56,89.16,40.27000000000008,150.18999999999997,66.0,0.0,0.0,0.0
2015-08-02,150,16.33,25.62,23.12,24.37,91.73,190.0,130.0,150.0,150.0,156.67,138.57,19.92,25.26,90.97,55.230000000000075,136.50999999999996,67.0,0.0,0.0,0.0
2015-08-03,170,19.28,26.04,23.14,24.59,90.71,150.0,190.0,130.0,110.0,156.67,138.57,16.33,25.62,91.73,57.30000000000008,113.21999999999996,68.0,0.0,0.0,0.0
2015-08-04,150,21.35,26.3,23.28,24.79,91.21,170.0,150.0,190.0,110.0,170.0,147.14,19.28,26.04,90.71,55.530000000000086,108.48999999999997,69.0,0.0,0.0,0.0
2015-08-05,210,39.79,25.96,23.24,24.6,92.37,150.0,170.0,150.0,130.0,156.67,152.86,21.35,26.3,91.21,56.96000000000008,117.14999999999996,70.0,0.0,0.0,0.0
2015-08-06,290,33.26,26.2,23.34,24.77,91.86,210.0,150.0,170.0,150.0,176.67,164.29,39.79,25.96,92.37,80.42000000000009,151.97999999999996,71.0,0.0,0.0,0.0
2015-08-07,270,27.53,26.65,23.01,24.83,90.21,290.0,210.0,150.0,130.0,216.67,184.29,33.26,26.2,91.86,94.40000000000009,170.97999999999996,72.0,0.0,0.0,0.0
2015-08-08,480,24.95,26.24,23.26,24.75,92.16,270.0,290.0,210.0,190.0,256.67,204.29,27.53,26.65,90.21,100.58000000000007,177.45999999999995,73.0,0.0,0.0,0.0
2015-08-09,420,37.17,26.22,23.6,24.91,91.96,480.0,270.0,290.0,150.0,346.67,245.71,24.95,26.24,92.16,85.74000000000008,182.48999999999998,74.0,0.0,0.0,0.0
2015-08-10,520,43.18,26.12,23.38,24.75,91.8,420.0,480.0,270.0,170.0,390.0,284.29,37.17,26.22,91.96,89.65000000000009,203.32999999999996,75.0,0.0,0.0,0.0
2015-08-11,310,23.14,25.75,23.07,24.41,92.91,520.0,420.0,480.0,150.0,473.33,334.29,43.18,26.12,91.8,105.30000000000008,227.22999999999996,76.0,0.0,0.0,0.0
2015-08-12,370,30.34,25.94,23.2,24.57,92.76,310.0,520.0,420.0,210.0,416.67,357.14,23.14,25.75,92.91,103.49000000000008,229.01999999999995,77.0,0.0,0.0,1.0
2015-08-13,460,37.18,25.96,23.24,24.6,92.41,370.0,310.0,520.0,290.0,400.0,380.0,30.34,25.94,92.76,96.66000000000008,219.56999999999996,78.0,0.0,0.0,1.0
2015-08-14,460,26.26,26.19,22.97,24.58,91.42,460.0,370.0,310.0,270.0,380.0,404.29,37.18,25.96,92.41,90.66000000000008,223.48999999999995,79.0,0.0,0.0,0.0
2015-08-15,720,22.52,26.97,23.01,24.99,89.94,460.0,460.0,370.0,480.0,430.0,431.43,26.26,26.19,91.42,93.78000000000007,222.21999999999994,80.0,0.0,0.0,0.0
2015-08-16,820,18.6,26.5,23.04,24.77,91.32,720.0,460.0,460.0,420.0,546.67,465.71,22.52,26.97,89.94,85.96000000000006,219.78999999999996,81.0,0.0,0.0,0.0
2015-08-17,820,16.61,26.58,23.18,24.88,91.4,820.0,720.0,460.0,520.0,666.67,522.86,18.6,26.5,91.32,67.38000000000008,201.21999999999994,82.0,0.0,0.0,0.0
2015-08-18,820,10.46,28.31,22.79,25.55,90.02,820.0,820.0,720.0,310.0,786.67,565.71,16.61,26.58,91.4,57.730000000000075,174.64999999999998,83.0,0.0,0.0,0.0
2015-08-19,820,16.44,28.94,22.98,25.96,88.77,820.0,820.0,820.0,370.0,820.0,638.57,10.46,28.31,90.02,45.67000000000008,161.96999999999997,84.0,0.0,0.0,0.0
2015-08-20,420,33.92,26.3,23.2,24.75,91.87,820.0,820.0,820.0,460.0,820.0,702.86,16.44,28.94,88.77,43.510000000000076,148.06999999999996,85.0,0.0,0.0,0.0
2015-08-21,520,15.54,26.73,22.27,24.5,90.14,420.0,820.0,820.0,460.0,686.67,697.14,33.92,26.3,91.87,60.82000000000008,144.80999999999995,86.0,0.0,0.0,0.0
2015-08-22,310,11.61,26.22,22.24,24.23,89.42,520.0,420.0,820.0,720.0,586.67,705.71,15.54,26.73,90.14,65.90000000000008,134.08999999999995,87.0,0.0,0.0,0.0
2015-08-23,330,12.87,26.25,22.75,24.5,90.25,310.0,520.0,420.0,820.0,416.67,647.14,11.61,26.22,89.42,61.07000000000008,123.17999999999995,88.0,0.0,0.0,0.0
2015-08-24,210,9.57,25.63,22.57,24.1,90.65,330.0,310.0,520.0,820.0,386.67,577.14,12.87,26.25,90.25,40.020000000000074,117.44999999999996,89.0,0.0,0.0,0.0
2015-08-25,210,6.02,27.3,22.28,24.79,87.65,210.0,330.0,310.0,820.0,283.33,490.0,9.57,25.63,90.65,34.050000000000075,110.40999999999995,90.0,0.0,0.0,0.0
2015-08-26,310,16.73,27.14,22.54,24.84,88.0,210.0,210.0,330.0,820.0,250.0,402.86,6.02,27.3,87.65,28.46000000000008,105.96999999999996,91.0,0.0,0.0,0.0
2015-08-27,460,13.8,26.36,22.62,24.49,89.63,310.0,210.0,210.0,420.0,243.33,330.0,16.73,27.14,88.0,32.32000000000008,106.25999999999996,92.0,0.0,0.0,0.0
2015-08-28,510,10.31,26.85,22.62,24.74,89.21,460.0,310.0,210.0,520.0,326.67,335.71,13.8,26.36,89.63,36.55000000000008,86.13999999999996,93.0,0.0,0.0,0.0
2015-08-29,250,11.12,27.32,22.88,25.1,88.44,510.0,460.0,310.0,310.0,426.67,334.29,10.31,26.85,89.21,40.84000000000008,80.90999999999997,94.0,0.0,0.0,0.0
2015-08-30,330,7.83,27.42,22.7,25.06,87.37,250.0,510.0,460.0,330.0,406.67,325.71,11.12,27.32,88.44,35.230000000000075,80.41999999999994,95.0,0.0,0.0,0.0
2015-08-31,210,7.03,27.28,22.52,24.9,87.89,330.0,250.0,510.0,210.0,363.33,325.71,7.83,27.42,87.37,29.260000000000076,75.37999999999995,96.0,0.0,0.0,0.0
2015-09-01,210,2.7,27.45,22.33,24.89,87.09,210.0,330.0,250.0,210.0,263.33,325.71,7.03,27.28,87.89,25.980000000000075,72.83999999999995,97.0,0.0,0.0,0.0
2015-09-02,210,1.99,27.44,22.48,24.96,86.84,210.0,210.0,330.0,310.0,250.0,325.71,2.7,27.45,87.09,17.56000000000008,69.51999999999995,98.0,0.0,0.0,0.0
2015-09-03,370,2.55,28.48,22.78,25.63,85.4,210.0,210.0,210.0,460.0,210.0,311.43,1.99,27.44,86.84,11.720000000000079,54.77999999999996,99.0,0.0,0.0,0.0
2015-09-04,390,1.87,27.95,23.19,25.57,88.32,370.0,210.0,210.0,510.0,263.33,298.57,2.55,28.48,85.4,7.240000000000078,43.52999999999996,100.0,0.0,0.0,0.0
2015-09-05,150,11.33,27.94,22.5,25.22,88.78,390.0,370.0,210.0,250.0,323.33,281.43,1.87,27.95,88.32,6.410000000000078,35.08999999999996,101.0,0.0,0.0,0.0
2015-09-06,190,19.1,26.8,22.56,24.68,89.71,150.0,390.0,370.0,330.0,303.33,267.14,11.33,27.94,88.78,15.750000000000078,35.299999999999955,102.0,0.0,0.0,0.0
2015-09-07,90,19.46,25.63,22.27,23.95,88.11,190.0,150.0,390.0,210.0,243.33,247.14,19.1,26.8,89.71,32.30000000000008,46.569999999999965,103.0,0.0,0.0,0.0
2015-09-08,170,17.1,25.2,21.96,23.58,89.13,90.0,190.0,150.0,210.0,143.33,230.0,19.46,25.63,88.11,49.890000000000086,58.99999999999996,104.0,0.0,0.0,0.0
2015-09-09,210,11.1,26.56,21.96,24.26,86.27,170.0,90.0,190.0,210.0,150.0,224.29,17.1,25.2,89.13,55.66000000000008,73.39999999999996,105.0,0.0,0.0,0.0
2015-09-10,330,9.07,26.54,22.54,24.54,86.09,210.0,170.0,90.0,370.0,156.67,224.29,11.1,26.56,86.27,47.660000000000075,82.50999999999996,106.0,0.0,0.0,0.0
2015-09-11,250,11.73,26.21,22.91,24.56,87.28,330.0,210.0,170.0,390.0,236.67,218.57,9.07,26.54,86.09,37.27000000000008,89.02999999999997,107.0,0.0,0.0,0.0
2015-09-12,370,12.41,26.72,22.72,24.72,87.09,250.0,330.0,210.0,150.0,263.33,198.57,11.73,26.21,87.28,31.900000000000077,98.88999999999996,108.0,0.0,0.0,0.0
2015-09-13,390,19.48,27.14,22.8,24.97,87.29,370.0,250.0,330.0,190.0,316.67,230.0,12.41,26.72,87.09,33.21000000000008,99.96999999999997,109.0,0.0,0.0,0.0
2015-09-14,720,47.6,25.94,23.72,24.83,91.3,390.0,370.0,250.0,90.0,336.67,258.57,19.48,27.14,87.29,43.620000000000076,100.34999999999997,110.0,0.0,0.0,0.0
2015-09-15,820,66.05,25.74,22.68,24.21,90.03,720.0,390.0,370.0,170.0,493.33,348.57,47.6,25.94,91.3,79.49000000000008,128.48999999999995,111.0,1.0,0.0,0.0
2015-09-16,820,25.94,25.44,22.0,23.72,89.57,820.0,720.0,390.0,210.0,643.33,441.43,66.05,25.74,90.03,133.13000000000008,177.43999999999994,112.0,1.0,0.0,0.0
2015-09-17,820,21.4,26.28,22.4,24.34,91.03,820.0,820.0,720.0,330.0,786.67,528.57,25.94,25.44,89.57,139.5900000000001,192.27999999999997,113.0,0.0,0.0,0.0
2015-09-18,330,7.15,27.33,23.03,25.18,90.24,820.0,820.0,820.0,250.0,820.0,598.57,21.4,26.28,91.03,113.39000000000009,204.60999999999996,114.0,0.0,0.0,0.0
2015-09-19,330,7.36,27.64,23.18,25.41,89.16,330.0,820.0,820.0,370.0,656.67,610.0,7.15,27.33,90.24,54.49000000000007,200.02999999999994,115.0,0.0,0.0,0.0
2015-09-20,420,4.95,27.13,22.57,24.85,87.71,330.0,330.0,820.0,390.0,493.33,604.29,7.36,27.64,89.16,35.91000000000007,194.97999999999996,116.0,0.0,0.0,0.0
2015-09-21,370,1.06,27.62,22.52,25.07,84.73,420.0,330.0,330.0,720.0,360.0,608.57,4.95,27.13,87.71,19.460000000000072,180.44999999999996,117.0,0.0,0.0,0.0
2015-09-22,420,0.15,28.0,22.18,25.09,83.33,370.0,420.0,330.0,820.0,373.33,558.57,1.06,27.62,84.73,13.370000000000072,133.90999999999997,118.0,0.0,0.0,0.0
2015-09-23,370,1.95,28.17,22.94,25.56,83.95,420.0,370.0,420.0,820.0,403.33,501.43,0.15,28.0,83.33,6.160000000000071,68.00999999999996,0.0,0.0,0.0,0.0
2015-09-24,460,7.12,28.7,22.94,25.82,86.32,370.0,420.0,370.0,820.0,386.67,437.14,1.95,28.17,83.95,3.160000000000071,44.01999999999996,1.0,0.0,0.0,0.0
2015-09-25,250,1.14,28.05,23.25,25.65,87.07,460.0,370.0,420.0,330.0,416.67,385.71,7.12,28.7,86.32,9.220000000000072,29.73999999999996,2.0,0.0,0.0,0.0
2015-09-26,270,0.19,27.11,23.37,25.24,88.09,250.0,460.0,370.0,330.0,360.0,374.29,1.14,28.05,87.07,10.21000000000007,23.72999999999996,3.0,0.0,0.0,0.0
2015-09-27,170,7.33,27.9,22.64,25.27,87.47,270.0,250.0,460.0,420.0,326.67,365.71,0.19,27.11,88.09,8.45000000000007,16.559999999999956,0.0,0.0,0.0,0.0
2015-09-28,110,6.94,27.84,22.32,25.08,86.86,170.0,270.0,250.0,370.0,230.0,330.0,7.33,27.9,87.47,8.660000000000071,18.93999999999996,1.0,0.0,0.0,0.0
2015-09-29,90,3.93,30.16,22.02,26.09,81.27,110.0,170.0,270.0,420.0,183.33,292.86,6.94,27.84,86.86,14.460000000000072,24.819999999999958,2.0,0.0,0.0,0.0
2015-09-30,90,37.28,27.99,22.47,25.23,87.56,90.0,110.0,170.0,370.0,123.33,245.71,3.93,30.16,81.27,18.200000000000074,28.59999999999996,3.0,0.0,0.0,0.0
2015-10-01,150,10.41,28.12,22.74,25.43,88.17,90.0,90.0,110.0,460.0,96.67,205.71,37.28,27.99,87.56,48.15000000000008,63.929999999999964,4.0,0.0,0.0,0.0
2015-10-02,210,5.07,27.6,23.24,25.42,88.61,150.0,90.0,90.0,250.0,110.0,161.43,10.41,28.12,88.17,51.620000000000076,67.21999999999997,5.0,0.0,0.0,0.0
2015-10-03,210,5.08,27.44,23.34,25.39,88.67,210.0,150.0,90.0,270.0,150.0,155.71,5.07,27.6,88.61,52.760000000000076,71.14999999999996,6.0,0.0,0.0,0.0
2015-10-04,210,17.64,27.6,22.96,25.28,87.69,210.0,210.0,150.0,170.0,190.0,147.14,5.08,27.44,88.67,20.56000000000008,76.03999999999996,7.0,0.0,0.0,0.0
2015-10-05,250,44.23,26.7,21.66,24.18,90.34,210.0,210.0,210.0,110.0,210.0,152.86,17.64,27.6,87.69,27.79000000000008,86.34999999999997,8.0,0.0,0.0,0.0
2015-10-06,230,23.95,26.76,21.58,24.17,87.12,250.0,210.0,210.0,90.0,223.33,172.86,44.23,26.7,90.34,66.95000000000007,123.63999999999996,9.0,1.0,0.0,0.0
2015-10-07,230,8.86,27.54,22.22,24.88,87.15,230.0,250.0,210.0,90.0,230.0,192.86,23.95,26.76,87.12,85.82000000000008,143.65999999999997,10.0,0.0,0.0,0.0
2015-10-08,270,7.23,27.62,22.56,25.09,88.66,230.0,230.0,250.0,150.0,236.67,212.86,8.86,27.54,87.15,77.04000000000008,115.23999999999997,11.0,0.0,0.0,0.0
2015-10-09,210,0.7,27.78,22.98,25.38,88.11,270.0,230.0,230.0,210.0,243.33,230.0,7.23,27.62,88.66,40.040000000000084,112.05999999999997,12.0,0.0,0.0,0.0
2015-10-10,230,1.11,27.14,22.98,25.06,87.97,210.0,270.0,230.0,210.0,236.67,230.0,0.7,27.78,88.11,16.790000000000084,107.68999999999996,0.0,0.0,0.0,0.0
2015-10-11,370,1.91,27.76,22.49,25.13,87.17,230.0,210.0,270.0,210.0,236.67,232.86,1.11,27.14,87.97,9.040000000000086,103.71999999999996,1.0,0.0,0.0,0.0
2015-10-12,420,0.78,26.46,22.44,24.45,85.71,370.0,230.0,210.0,250.0,270.0,255.71,1.91,27.76,87.17,3.720000000000085,87.98999999999997,2.0,0.0,0.0,0.0
2015-10-13,520,6.73,29.17,22.43,25.8,83.51,420.0,370.0,230.0,230.0,340.0,280.0,0.78,26.46,85.71,3.800000000000085,44.539999999999964,0.0,0.0,0.0,0.0
2015-10-14,520,0.2,30.21,20.51,25.36,74.93,520.0,420.0,370.0,230.0,436.67,321.43,6.73,29.17,83.51,9.420000000000085,27.319999999999965,1.0,0.0,0.0,0.0
2015-10-15,620,0.07,30.32,20.62,25.47,75.94,520.0,520.0,420.0,270.0,486.67,362.86,0.2,30.21,74.93,7.710000000000085,18.659999999999965,0.0,0.0,0.0,0.0
2015-10-16,820,0.07,30.39,22.25,26.32,77.61,620.0,520.0,520.0,210.0,553.33,412.86,0.07,30.32,75.94,7.000000000000085,11.499999999999964,0.0,0.0,0.0,0.0
2015-10-17,720,0.53,30.14,22.84,26.49,79.83,820.0,620.0,520.0,230.0,653.33,500.0,0.07,30.39,77.61,0.3400000000000844,10.869999999999965,0.0,0.0,0.0,0.0
2015-10-18,620,1.48,30.07,23.03,26.55,80.23,720.0,820.0,620.0,370.0,720.0,570.0,0.53,30.14,79.83,0.6700000000000844,10.289999999999964,0.0,0.0,0.0,0.0
2015-10-19,620,1.35,29.82,22.78,26.3,79.8,620.0,720.0,820.0,420.0,720.0,605.71,1.48,30.07,80.23,2.0800000000000844,9.859999999999964,1.0,0.0,0.0,0.0
2015-10-20,720,2.01,29.97,22.11,26.04,78.36,620.0,620.0,720.0,520.0,653.33,634.29,1.35,29.82,79.8,3.3600000000000843,10.429999999999964,2.0,0.0,0.0,0.0
2015-10-21,820,9.1,30.67,22.03,26.35,75.64,720.0,620.0,620.0,520.0,653.33,662.86,2.01,29.97,78.36,4.840000000000084,5.709999999999964,3.0,0.0,0.0,0.0
2015-10-22,520,0.06,30.08,21.7,25.89,73.61,820.0,720.0,620.0,620.0,720.0,705.71,9.1,30.67,75.64,12.460000000000084,14.609999999999964,4.0,0.0,0.0,0.0
2015-10-23,720,0.0,30.36,20.46,25.41,70.17,520.0,820.0,720.0,820.0,686.67,691.43,0.06,30.08,73.61,11.170000000000085,14.599999999999964,0.0,0.0,0.0,0.0
2015-10-24,820,0.0,30.04,19.82,24.93,65.06,720.0,520.0,820.0,720.0,686.67,677.14,0.0,30.36,70.17,9.160000000000085,14.529999999999964,0.0,0.0,0.0,0.0
2015-10-25,720,0.0,29.96,19.66,24.81,71.3,820.0,720.0,520.0,620.0,686.67,691.43,0.0,30.04,65.06,0.06000000000008526,13.999999999999964,0.0,0.0,0.0,0.0
2015-10-26,330,0.03,30.15,21.1,25.62,74.42,720.0,820.0,720.0,620.0,753.33,705.71,0.0,29.96,71.3,0.0,12.519999999999964,0.0,0.0,0.0,0.0
2015-10-27,310,0.06,29.3,22.24,25.77,75.98,330.0,720.0,820.0,720.0,623.33,664.29,0.03,30.15,74.42,0.030000000000085264,11.199999999999964,0.0,0.0,0.0,0.0
2015-10-28,310,7.48,26.56,22.46,24.51,81.03,310.0,330.0,720.0,820.0,453.33,605.71,0.06,29.3,75.98,0.09000000000008526,9.249999999999964,0.0,0.0,0.0,0.0
2015-10-29,420,3.28,28.51,22.81,25.66,82.6,310.0,310.0,330.0,520.0,316.67,532.86,7.48,26.56,81.03,7.5700000000000855,7.629999999999965,1.0,0.0,0.0,0.0
2015-10-30,330,0.67,29.96,22.86,26.41,80.34,420.0,310.0,310.0,720.0,346.67,518.57,3.28,28.51,82.6,10.820000000000086,10.849999999999966,2.0,0.0,0.0,0.0
2015-10-31,330,2.19,30.42,23.18,26.8,78.67,330.0,420.0,310.0,820.0,353.33,462.86,0.67,29.96,80.34,11.430000000000085,11.519999999999966,0.0,0.0,0.0,0.0
2015-11-01,290,14.83,27.99,23.41,25.7,86.26,330.0,330.0,420.0,720.0,360.0,392.86,2.19,30.42,78.67,6.140000000000085,13.709999999999965,1.0,0.0,0.0,0.0
2015-11-02,290,12.11,25.86,22.54,24.2,87.48,290.0,330.0,330.0,330.0,316.67,331.43,14.83,27.99,86.26,17.690000000000087,28.539999999999964,2.0,0.0,0.0,0.0
2015-11-03,210,3.95,27.58,22.32,24.95,84.86,290.0,290.0,330.0,310.0,303.33,325.71,12.11,25.86,87.48,29.13000000000008,40.61999999999996,3.0,0.0,0.0,0.0
2015-11-04,310,5.82,28.9,22.88,25.89,82.28,210.0,290.0,290.0,310.0,263.33,311.43,3.95,27.58,84.86,30.890000000000086,44.50999999999996,4.0,0.0,0.0,0.0
2015-11-05,370,5.09,28.46,21.92,25.19,83.42,310.0,210.0,290.0,420.0,270.0,311.43,5.82,28.9,82.28,21.880000000000088,42.849999999999966,5.0,0.0,0.0,0.0
2015-11-06,420,0.34,29.64,21.88,25.76,76.17,370.0,310.0,210.0,330.0,296.67,304.29,5.09,28.46,83.42,14.860000000000085,44.65999999999996,6.0,0.0,0.0,0.0
2015-11-07,720,0.05,30.01,22.14,26.08,73.44,420.0,370.0,310.0,330.0,366.67,317.14,0.34,29.64,76.17,11.250000000000087,44.32999999999996,0.0,0.0,0.0,0.0
2015-11-08,210,0.02,30.09,22.75,26.42,75.66,720.0,420.0,370.0,290.0,503.33,372.86,0.05,30.01,73.44,5.480000000000085,42.18999999999996,0.0,0.0,0.0,0.0
2015-11-09,520,0.74,28.77,22.03,25.4,76.63,210.0,720.0,420.0,290.0,450.0,361.43,0.02,30.09,75.66,0.4100000000000853,27.379999999999967,0.0,0.0,0.0,0.0
2015-11-10,370,0.54,25.54,21.58,23.56,80.08,520.0,210.0,720.0,210.0,483.33,394.29,0.74,28.77,76.63,0.8100000000000853,16.009999999999966,0.0,0.0,0.0,0.0
2015-11-11,420,1.08,28.94,22.04,25.49,82.04,370.0,520.0,210.0,310.0,366.67,417.14,0.54,25.54,80.08,1.3000000000000853,12.599999999999966,0.0,0.0,0.0,0.0
2015-11-12,460,3.13,29.61,22.61,26.11,81.63,420.0,370.0,520.0,370.0,436.67,432.86,1.08,28.94,82.04,2.3600000000000856,7.859999999999964,1.0,0.0,0.0,0.0
2015-11-13,310,0.23,27.98,20.96,24.47,78.59,460.0,420.0,370.0,420.0,416.67,445.71,3.13,29.61,81.63,4.750000000000085,5.899999999999965,2.0,0.0,0.0,0.0
2015-11-14,820,0.07,27.76,19.08,23.42,68.75,310.0,460.0,420.0,720.0,396.67,430.0,0.23,27.98,78.59,4.440000000000086,5.7899999999999645,0.0,0.0,0.0,0.0
2015-11-15,310,0.31,29.01,19.63,24.32,74.98,820.0,310.0,460.0,210.0,530.0,444.29,0.07,27.76,68.75,3.4300000000000854,5.809999999999965,0.0,0.0,0.0,0.0
2015-11-16,420,0.37,26.96,20.76,23.86,80.31,310.0,820.0,310.0,520.0,480.0,458.57,0.31,29.01,74.98,0.6100000000000857,6.099999999999964,0.0,0.0,0.0,0.0
2015-11-17,460,0.23,28.2,21.2,24.7,77.94,420.0,310.0,820.0,370.0,516.67,444.29,0.37,26.96,80.31,0.7500000000000857,5.729999999999964,0.0,0.0,0.0,0.0
2015-11-18,420,0.37,29.02,21.76,25.39,78.55,460.0,420.0,310.0,420.0,396.67,457.14,0.23,28.2,77.94,0.9100000000000856,5.419999999999964,0.0,0.0,0.0,0.0
2015-11-19,370,6.11,29.58,22.3,25.94,83.88,420.0,460.0,420.0,460.0,433.33,457.14,0.37,29.02,78.55,0.9700000000000857,4.7099999999999635,0.0,0.0,0.0,0.0
2015-11-20,330,11.56,29.12,22.88,26.0,82.04,370.0,420.0,460.0,310.0,416.67,444.29,6.11,29.58,83.88,6.710000000000086,7.689999999999964,1.0,0.0,0.0,0.0
2015-11-21,310,2.9,29.19,22.67,25.93,80.84,330.0,370.0,420.0,820.0,373.33,447.14,11.56,29.12,82.04,18.040000000000084,19.019999999999968,2.0,0.0,0.0,0.0
2015-11-22,310,1.86,29.27,22.39,25.83,79.0,310.0,330.0,370.0,310.0,336.67,374.29,2.9,29.19,80.84,20.570000000000086,21.849999999999966,3.0,0.0,0.0,0.0
2015-11-23,420,1.87,28.48,22.72,25.6,82.81,310.0,310.0,330.0,420.0,316.67,374.29,1.86,29.27,79.0,16.320000000000086,23.399999999999967,4.0,0.0,0.0,0.0
2015-11-24,370,8.78,27.89,22.47,25.18,86.98,420.0,310.0,310.0,460.0,346.67,374.29,1.87,28.48,82.81,6.630000000000087,24.899999999999967,5.0,0.0,0.0,0.0
2015-11-25,620,0.18,29.1,20.26,24.68,71.91,370.0,420.0,310.0,420.0,366.67,361.43,8.78,27.89,86.98,12.510000000000087,33.44999999999997,6.0,0.0,0.0,0.0
2015-11-26,620,0.0,28.56,19.78,24.17,61.61,620.0,370.0,420.0,370.0,470.0,390.0,0.18,29.1,71.91,10.830000000000087,33.25999999999997,0.0,0.0,0.0,0.0
2015-11-27,460,0.0,29.72,20.24,24.98,74.57,620.0,620.0,370.0,330.0,536.67,425.71,0.0,28.56,61.61,8.960000000000086,27.149999999999967,0.0,0.0,0.0,0.0
2015-11-28,370,0.0,29.9,20.06,24.98,74.89,460.0,620.0,620.0,310.0,566.67,444.29,0.0,29.72,74.57,0.18000000000008703,15.589999999999966,0.0,0.0,0.0,0.0
2015-11-29,370,0.1,30.22,20.03,25.12,70.17,370.0,460.0,620.0,310.0,483.33,452.86,0.0,29.9,74.89,0.0,12.689999999999966,0.0,0.0,0.0,0.0
2015-11-30,420,0.45,29.13,22.57,25.85,76.2,370.0,370.0,460.0,420.0,400.0,461.43,0.1,30.22,70.17,0.10000000000008705,10.929999999999966,0.0,0.0,0.0,0.0
2015-12-01,310,0.07,29.67,22.22,25.94,76.93,420.0,370.0,370.0,370.0,386.67,461.43,0.45,29.13,76.2,0.5500000000000871,9.509999999999966,0.0,0.0,0.0,0.0
2015-12-02,820,1.26,29.28,22.32,25.8,76.17,310.0,420.0,370.0,620.0,366.67,452.86,0.07,29.67,76.93,0.620000000000087,0.7999999999999663,0.0,0.0,0.0,0.0
2015-12-03,820,0.04,29.76,21.9,25.83,75.81,820.0,310.0,420.0,620.0,516.67,481.43,1.26,29.28,76.17,1.780000000000087,1.8799999999999664,1.0,0.0,0.0,0.0
2015-12-04,820,0.0,29.43,19.11,24.27,71.65,820.0,820.0,310.0,460.0,650.0,510.0,0.04,29.76,75.81,1.3700000000000871,1.9199999999999664,0.0,0.0,0.0,0.0
2015-12-05,720,0.02,29.49,19.51,24.5,73.13,820.0,820.0,820.0,370.0,820.0,561.43,0.0,29.43,71.65,1.300000000000087,1.9199999999999664,0.0,0.0,0.0,0.0
2015-12-06,420,0.05,29.59,20.87,25.23,74.7,720.0,820.0,820.0,370.0,786.67,611.43,0.02,29.49,73.13,0.06000000000008704,1.9399999999999664,0.0,0.0,0.0,0.0
2015-12-07,520,0.0,29.9,21.44,25.67,75.41,420.0,720.0,820.0,420.0,653.33,618.57,0.05,29.59,74.7,0.07000000000008705,1.8899999999999664,0.0,0.0,0.0,0.0
2015-12-08,420,0.0,28.62,19.88,24.25,73.76,520.0,420.0,720.0,310.0,553.33,632.86,0.0,29.9,75.41,0.07000000000008705,1.4399999999999664,0.0,0.0,0.0,0.0
2015-12-09,720,0.0,29.96,20.46,25.21,78.08,420.0,520.0,420.0,820.0,453.33,648.57,0.0,28.62,73.76,0.05000000000008704,1.3699999999999664,0.0,0.0,0.0,0.0
2015-12-10,520,0.0,30.07,23.19,26.63,80.03,720.0,420.0,520.0,820.0,553.33,634.29,0.0,29.96,78.08,0.0,0.10999999999996625,0.0,0.0,0.0,0.0
2015-12-11,720,0.0,27.35,23.05,25.2,86.95,520.0,720.0,420.0,820.0,553.33,591.43,0.0,30.07,80.03,0.0,0.06999999999996626,0.0,0.0,0.0,0.0
2015-12-12,820,0.14,29.52,23.08,26.3,81.64,720.0,520.0,720.0,720.0,653.33,577.14,0.0,27.35,86.95,0.0,0.06999999999996626,0.0,0.0,0.0,0.0
2015-12-13,520,0.67,28.02,23.22,25.62,82.87,820.0,720.0,520.0,420.0,686.67,591.43,0.14,29.52,81.64,0.14000000000008705,0.18999999999996625,0.0,0.0,0.0,0.0
2015-12-14,720,0.17,28.32,22.86,25.59,81.21,520.0,820.0,720.0,520.0,686.67,605.71,0.67,28.02,82.87,0.8100000000000871,0.8099999999999663,0.0,0.0,0.0,0.0
2015-12-15,520,0.3,29.16,22.44,25.8,79.22,720.0,520.0,820.0,420.0,686.67,634.29,0.17,28.32,81.21,0.9800000000000871,0.9799999999999663,0.0,0.0,0.0,0.0
2015-12-16,720,0.06,29.23,21.57,25.4,78.45,520.0,720.0,520.0,720.0,586.67,648.57,0.3,29.16,79.22,1.1400000000000872,1.2799999999999663,0.0,0.0,0.0,0.0
2015-12-17,660,0.0,29.06,21.15,25.1,78.03,720.0,520.0,720.0,520.0,653.33,648.57,0.06,29.23,78.45,0.5300000000000871,1.3399999999999663,0.0,0.0,0.0,0.0
2015-12-18,820,0.0,28.62,21.53,25.08,75.61,660.0,720.0,520.0,720.0,633.33,668.57,0.0,29.06,78.03,0.360000000000087,1.3399999999999663,0.0,0.0,0.0,0.0
2015-12-19,820,0.0,29.36,21.2,25.28,76.83,820.0,660.0,720.0,820.0,733.33,682.86,0.0,28.62,75.61,0.06000000000008704,1.3399999999999663,0.0,0.0,0.0,0.0
2015-12-20,820,0.0,29.13,21.03,25.08,77.26,820.0,820.0,660.0,520.0,766.67,682.86,0.0,29.36,76.83,0.0,1.1999999999999664,0.0,0.0,0.0,0.0
2015-12-21,520,0.0,29.01,21.02,25.01,78.48,820.0,820.0,820.0,720.0,820.0,725.71,0.0,29.13,77.26,0.0,0.5299999999999663,0.0,0.0,0.0,0.0
2015-12-22,370,0.0,29.03,20.47,24.75,74.4,520.0,820.0,820.0,520.0,720.0,697.14,0.0,29.01,78.48,0.0,0.3599999999999662,0.0,0.0,0.0,0.0
2015-12-23,420,0.0,28.64,20.14,24.39,74.51,370.0,520.0,820.0,720.0,570.0,675.71,0.0,29.03,74.4,0.0,0.05999999999996625,0.0,0.0,0.0,0.0
2015-12-24,820,0.0,28.52,19.77,24.15,72.64,420.0,370.0,520.0,660.0,436.67,632.86,0.0,28.64,74.51,0.0,0.0,0.0,0.0,0.0,0.0
2015-12-25,820,0.0,29.31,18.95,24.13,70.77,820.0,420.0,370.0,820.0,536.67,655.71,0.0,28.52,72.64,0.0,0.0,0.0,0.0,0.0,0.0
2015-12-26,820,0.0,28.29,18.06,23.17,70.37,820.0,820.0,420.0,820.0,686.67,655.71,0.0,29.31,70.77,0.0,0.0,0.0,0.0,0.0,0.0
2015-12-27,820,0.0,28.77,18.39,23.58,71.31,820.0,820.0,820.0,820.0,820.0,655.71,0.0,28.29,70.37,0.0,0.0,0.0,0.0,0.0,0.0
2015-12-28,620,0.0,29.12,16.85,22.99,66.31,820.0,820.0,820.0,520.0,820.0,655.71,0.0,28.77,71.31,0.0,0.0,0.0,0.0,0.0,0.0
2015-12-29,660,0.0,29.33,16.55,22.94,65.22,620.0,820.0,820.0,370.0,753.33,670.0,0.0,29.12,66.31,0.0,0.0,0.0,0.0,0.0,0.0
2015-12-30,820,0.0,29.01,16.45,22.73,65.72,660.0,620.0,820.0,420.0,700.0,711.43,0.0,29.33,65.22,0.0,0.0,0.0,0.0,0.0,0.0
2015-12-31,820,0.0,28.87,16.05,22.46,66.05,820.0,660.0,620.0,820.0,700.0,768.57,0.0,29.01,65.72,0.0,0.0,0.0,0.0,0.0,0.0
2016-01-01,820,0.0,29.01,16.74,22.87,65.89,820.0,820.0,660.0,820.0,766.67,768.57,0.0,28.87,66.05,0.0,0.0,0.0,0.0,0.0,0.0
2016-01-02,820,0.0,28.39,16.17,22.28,63.61,820.0,820.0,820.0,820.0,820.0,768.57,0.0,29.01,65.89,0.0,0.0,0.0,0.0,0.0,0.0
2016-01-03,820,0.0,28.5,16.14,22.32,62.11,820.0,820.0,820.0,820.0,820.0,768.57,0.0,28.39,63.61,0.0,0.0,0.0,0.0,0.0,0.0
2016-01-04,620,0.0,29.0,16.76,22.88,65.06,820.0,820.0,820.0,620.0,820.0,768.57,0.0,28.5,62.11,0.0,0.0,0.0,0.0,0.0,0.0
2016-01-05,460,0.0,28.48,17.06,22.77,63.0,620.0,820.0,820.0,660.0,753.33,768.57,0.0,29.0,65.06,0.0,0.0,0.0,0.0,0.0,0.0
2016-01-06,520,0.0,28.82,16.96,22.89,59.46,460.0,620.0,820.0,820.0,633.33,740.0,0.0,28.48,63.0,0.0,0.0,0.0,0.0,0.0,0.0
2016-01-07,420,0.0,29.83,17.63,23.73,68.35,520.0,460.0,620.0,820.0,533.33,697.14,0.0,28.82,59.46,0.0,0.0,0.0,0.0,0.0,0.0
2016-01-08,460,0.0,28.16,16.88,22.52,65.0,420.0,520.0,460.0,820.0,466.67,640.0,0.0,29.83,68.35,0.0,0.0,0.0,0.0,0.0,0.0
2016-01-09,370,0.0,28.03,17.15,22.59,59.65,460.0,420.0,520.0,820.0,466.67,588.57,0.0,28.16,65.0,0.0,0.0,0.0,0.0,0.0,0.0
2016-01-10,310,0.0,28.34,18.3,23.32,59.99,370.0,460.0,420.0,820.0,416.67,524.29,0.0,28.03,59.65,0.0,0.0,0.0,0.0,0.0,0.0
2016-01-11,420,0.0,28.18,18.32,23.25,59.01,310.0,370.0,460.0,620.0,380.0,451.43,0.0,28.34,59.99,0.0,0.0,0.0,0.0,0.0,0.0
2016-01-12,330,0.0,28.16,18.12,23.14,60.55,420.0,310.0,370.0,460.0,366.67,422.86,0.0,28.18,59.01,0.0,0.0,0.0,0.0,0.0,0.0
2016-01-13,520,0.0,28.55,18.55,23.55,63.65,330.0,420.0,310.0,520.0,353.33,404.29,0.0,28.16,60.55,0.0,0.0,0.0,0.0,0.0,0.0
2016-01-14,660,0.0,28.25,18.89,23.57,74.61,520.0,330.0,420.0,420.0,423.33,404.29,0.0,28.55,63.65,0.0,0.0,0.0,0.0,0.0,0.0
2016-01-15,720,0.0,28.21,19.11,23.66,73.37,660.0,520.0,330.0,460.0,503.33,438.57,0.0,28.25,74.61,0.0,0.0,0.0,0.0,0.0,0.0
2016-01-16,820,0.02,27.7,19.6,23.65,73.73,720.0,660.0,520.0,370.0,633.33,475.71,0.0,28.21,73.37,0.0,0.0,0.0,0.0,0.0,0.0
2016-01-17,460,0.01,27.73,19.07,23.4,72.12,820.0,720.0,660.0,310.0,733.33,540.0,0.02,27.7,73.73,0.020000000000087042,0.01999999999996625,0.0,0.0,0.0,0.0
2016-01-18,460,0.07,29.1,19.56,24.33,68.79,460.0,820.0,720.0,420.0,666.67,561.43,0.01,27.73,72.12,0.03000000000008704,0.029999999999966248,0.0,0.0,0.0,0.0
2016-01-19,520,0.09,28.72,21.2,24.96,71.72,460.0,460.0,820.0,330.0,580.0,567.14,0.07,29.1,68.79,0.10000000000008705,0.09999999999996625,0.0,0.0,0.0,0.0
2016-01-20,520,0.01,27.87,20.91,24.39,72.73,520.0,460.0,460.0,520.0,480.0,594.29,0.09,28.72,71.72,0.17000000000008703,0.18999999999996625,0.0,0.0,0.0,0.0
2016-01-21,520,0.0,29.8,20.76,25.28,72.17,520.0,520.0,460.0,660.0,500.0,594.29,0.01,27.87,72.73,0.17000000000008703,0.19999999999996626,0.0,0.0,0.0,0.0
2016-01-22,720,0.0,31.14,21.52,26.33,66.39,520.0,520.0,520.0,720.0,520.0,574.29,0.0,29.8,72.17,0.10000000000008703,0.19999999999996626,0.0,0.0,0.0,0.0
2016-01-23,820,0.0,29.56,22.06,25.81,67.68,720.0,520.0,520.0,820.0,586.67,574.29,0.0,31.14,66.39,0.010000000000087042,0.19999999999996626,0.0,0.0,0.0,0.0
2016-01-24,820,0.0,30.38,21.64,26.01,71.2,820.0,720.0,520.0,460.0,686.67,574.29,0.0,29.56,67.68,0.0,0.17999999999996627,0.0,0.0,0.0,0.0
2016-01-25,720,0.0,30.81,20.39,25.6,68.97,820.0,820.0,720.0,460.0,786.67,625.71,0.0,30.38,71.2,0.0,0.16999999999996626,0.0,0.0,0.0,0.0
2016-01-26,820,0.0,29.74,19.65,24.69,64.82,720.0,820.0,820.0,520.0,786.67,662.86,0.0,30.81,68.97,0.0,0.09999999999996624,0.0,0.0,0.0,0.0
2016-01-27,820,0.0,29.98,19.48,24.73,70.03,820.0,720.0,820.0,520.0,786.67,705.71,0.0,29.74,64.82,0.0,0.00999999999996625,0.0,0.0,0.0,0.0
2016-01-28,820,0.0,30.68,19.6,25.14,69.24,820.0,820.0,720.0,520.0,786.67,748.57,0.0,29.98,70.03,0.0,0.0,0.0,0.0,0.0,0.0
2016-01-29,820,0.0,30.4,19.39,24.89,63.93,820.0,820.0,820.0,720.0,820.0,791.43,0.0,30.68,69.24,0.0,0.0,0.0,0.0,0.0,0.0
2016-01-30,820,0.0,31.72,19.49,25.61,57.23,820.0,820.0,820.0,820.0,820.0,805.71,0.0,30.4,63.93,0.0,0.0,0.0,0.0,0.0,0.0
2016-01-31,820,0.0,31.94,19.4,25.67,55.18,820.0,820.0,820.0,820.0,820.0,805.71,0.0,31.72,57.23,0.0,0.0,0.0,0.0,0.0,0.0
2016-02-01,820,0.0,31.71,19.05,25.38,54.05,820.0,820.0,820.0,720.0,820.0,805.71,0.0,31.94,55.18,0.0,0.0,0.0,0.0,0.0,0.0
2016-02-02,820,0.0,32.24,19.02,25.63,53.49,820.0,820.0,820.0,820.0,820.0,820.0,0.0,31.71,54.05,0.0,0.0,0.0,0.0,0.0,0.0
2016-02-03,820,0.0,32.1,18.62,25.36,55.99,820.0,820.0,820.0,820.0,820.0,820.0,0.0,32.24,53.49,0.0,0.0,0.0,0.0,0.0,0.0
2016-02-04,720,0.0,30.92,19.44,25.18,59.34,820.0,820.0,820.0,820.0,820.0,820.0,0.0,32.1,55.99,0.0,0.0,0.0,0.0,0.0,0.0
2016-02-05,720,0.0,30.12,19.8,24.96,66.41,720.0,820.0,820.0,820.0,786.67,805.71,0.0,30.92,59.34,0.0,0.0,0.0,0.0,0.0,0.0
2016-02-06,420,0.0,29.68,20.12,24.9,73.13,720.0,720.0,820.0,820.0,753.33,791.43,0.0,30.12,66.41,0.0,0.0,0.0,0.0,0.0,0.0
2016-02-07,420,0.0,29.66,20.92,25.29,73.42,420.0,720.0,720.0,820.0,620.0,734.29,0.0,29.68,73.13,0.0,0.0,0.0,0.0,0.0,0.0
2016-02-08,370,0.0,31.76,20.96,26.36,68.58,420.0,420.0,720.0,820.0,520.0,677.14,0.0,29.66,73.42,0.0,0.0,0.0,0.0,0.0,0.0
2016-02-09,370,0.0,29.72,21.84,25.78,73.58,370.0,420.0,420.0,820.0,403.33,612.86,0.0,31.76,68.58,0.0,0.0,0.0,0.0,0.0,0.0
2016-02-10,620,0.0,29.77,21.69,25.73,74.41,370.0,370.0,420.0,820.0,386.67,548.57,0.0,29.72,73.58,0.0,0.0,0.0,0.0,0.0,0.0
2016-02-11,460,0.0,29.17,21.4,25.29,76.39,620.0,370.0,370.0,720.0,453.33,520.0,0.0,29.77,74.41,0.0,0.0,0.0,0.0,0.0,0.0
2016-02-12,540,0.0,29.55,20.95,25.25,74.92,460.0,620.0,370.0,720.0,483.33,482.86,0.0,29.17,76.39,0.0,0.0,0.0,0.0,0.0,0.0
2016-02-13,520,0.0,29.43,20.57,25.0,70.64,540.0,460.0,620.0,420.0,540.0,457.14,0.0,29.55,74.92,0.0,0.0,0.0,0.0,0.0,0.0
2016-02-14,420,0.0,30.86,20.1,25.48,67.39,520.0,540.0,460.0,420.0,506.67,471.43,0.0,29.43,70.64,0.0,0.0,0.0,0.0,0.0,0.0
2016-02-15,370,0.0,31.34,20.02,25.68,63.73,420.0,520.0,540.0,370.0,493.33,471.43,0.0,30.86,67.39,0.0,0.0,0.0,0.0,0.0,0.0
2016-02-16,370,0.0,31.38,20.68,26.03,65.3,370.0,420.0,520.0,370.0,436.67,471.43,0.0,31.34,63.73,0.0,0.0,0.0,0.0,0.0,0.0
2016-02-17,420,0.0,33.04,21.3,27.17,55.82,370.0,370.0,420.0,620.0,386.67,471.43,0.0,31.38,65.3,0.0,0.0,0.0,0.0,0.0,0.0
2016-02-18,460,0.0,32.25,22.25,27.25,62.83,420.0,370.0,370.0,460.0,386.67,442.86,0.0,33.04,55.82,0.0,0.0,0.0,0.0,0.0,0.0
2016-02-19,230,0.0,33.02,21.78,27.4,61.05,460.0,420.0,370.0,540.0,416.67,442.86,0.0,32.25,62.83,0.0,0.0,0.0,0.0,0.0,0.0
2016-02-20,370,0.0,33.6,21.96,27.78,64.04,230.0,460.0,420.0,520.0,370.0,398.57,0.0,33.02,61.05,0.0,0.0,0.0,0.0,0.0,0.0
2016-02-21,370,0.0,31.74,22.58,27.16,70.52,370.0,230.0,460.0,420.0,353.33,377.14,0.0,33.6,64.04,0.0,0.0,0.0,0.0,0.0,0.0
2016-02-22,420,0.0,34.46,22.32,28.39,60.18,370.0,370.0,230.0,370.0,323.33,370.0,0.0,31.74,70.52,0.0,0.0,0.0,0.0,0.0,0.0
2016-02-23,230,0.0,32.49,22.57,27.53,71.41,420.0,370.0,370.0,370.0,386.67,377.14,0.0,34.46,60.18,0.0,0.0,0.0,0.0,1.0,0.0
2016-02-24,310,0.0,31.06,22.9,26.98,72.81,230.0,420.0,370.0,420.0,340.0,357.14,0.0,32.49,71.41,0.0,0.0,0.0,0.0,0.0,0.0
2016-02-25,330,0.0,31.86,22.04,26.95,66.61,310.0,230.0,420.0,460.0,320.0,341.43,0.0,31.06,72.81,0.0,0.0,0.0,0.0,0.0,0.0
2016-02-26,350,0.0,33.49,22.0,27.75,63.01,330.0,310.0,230.0,230.0,290.0,322.86,0.0,31.86,66.61,0.0,0.0,0.0,0.0,0.0,0.0
2016-02-27,720,0.0,31.61,21.79,26.7,67.84,350.0,330.0,310.0,370.0,330.0,340.0,0.0,33.49,63.01,0.0,0.0,0.0,0.0,0.0,0.0
2016-02-28,250,0.0,33.15,21.82,27.48,63.88,720.0,350.0,330.0,370.0,466.67,390.0,0.0,31.61,67.84,0.0,0.0,0.0,0.0,0.0,0.0
2016-02-29,180,0.0,33.24,22.78,28.01,61.73,250.0,720.0,350.0,420.0,440.0,372.86,0.0,33.15,63.88,0.0,0.0,0.0,0.0,0.0,0.0
2016-03-01,150,0.0,31.81,22.59,27.2,63.84,180.0,250.0,720.0,230.0,383.33,338.57,0.0,33.24,61.73,0.0,0.0,0.0,0.0,0.0,0.0
2016-03-02,190,0.0,31.14,23.0,27.07,66.82,150.0,180.0,250.0,310.0,193.33,327.14,0.0,31.81,63.84,0.0,0.0,0.0,0.0,0.0,0.0
2016-03-03,170,0.0,34.42,22.6,28.51,55.6,190.0,150.0,180.0,330.0,173.33,310.0,0.0,31.14,66.82,0.0,0.0,0.0,0.0,0.0,0.0
2016-03-04,230,0.0,33.0,22.8,27.9,64.7,170.0,190.0,150.0,350.0,170.0,287.14,0.0,34.42,55.6,0.0,0.0,0.0,0.0,1.0,0.0
2016-03-05,250,0.0,33.08,22.78,27.93,63.94,230.0,170.0,190.0,720.0,196.67,270.0,0.0,33.0,64.7,0.0,0.0,0.0,0.0,0.0,0.0
2016-03-06,250,0.0,32.86,22.64,27.75,67.28,250.0,230.0,170.0,250.0,216.67,202.86,0.0,33.08,63.94,0.0,0.0,0.0,0.0,0.0,0.0
2016-03-07,270,0.0,33.52,22.92,28.22,61.5,250.0,250.0,230.0,180.0,243.33,202.86,0.0,32.86,67.28,0.0,0.0,0.0,0.0,0.0,0.0
2016-03-08,150,0.0,32.83,22.78,27.8,65.38,270.0,250.0,250.0,150.0,256.67,215.71,0.0,33.52,61.5,0.0,0.0,0.0,0.0,0.0,0.0
2016-03-09,170,0.0,31.35,23.5,27.42,65.34,150.0,270.0,250.0,190.0,223.33,215.71,0.0,32.83,65.38,0.0,0.0,0.0,0.0,0.0,0.0
2016-03-10,370,0.0,33.02,23.2,28.11,64.72,170.0,150.0,270.0,170.0,196.67,212.86,0.0,31.35,65.34,0.0,0.0,0.0,0.0,0.0,0.0
2016-03-11,350,0.0,32.39,23.71,28.05,68.44,370.0,170.0,150.0,230.0,230.0,241.43,0.0,33.02,64.72,0.0,0.0,0.0,0.0,0.0,0.0
2016-03-12,370,0.01,32.84,23.32,28.08,67.68,350.0,370.0,170.0,250.0,296.67,258.57,0.0,32.39,68.44,0.0,0.0,0.0,0.0,0.0,0.0
2016-03-13,420,0.0,33.3,21.98,27.64,62.6,370.0,350.0,370.0,250.0,363.33,275.71,0.01,32.84,67.68,0.010000000000087042,0.00999999999996625,0.0,0.0,0.0,0.0
2016-03-14,420,0.0,34.44,21.86,28.15,52.96,420.0,370.0,350.0,270.0,380.0,300.0,0.0,33.3,62.6,0.010000000000087042,0.00999999999996625,0.0,0.0,0.0,0.0
2016-03-15,460,0.0,32.39,21.43,26.91,59.15,420.0,420.0,370.0,150.0,403.33,321.43,0.0,34.44,52.96,0.010000000000087042,0.00999999999996625,0.0,0.0,1.0,0.0
2016-03-16,230,0.0,32.4,21.38,26.89,63.29,460.0,420.0,420.0,170.0,433.33,365.71,0.0,32.39,59.15,0.0,0.00999999999996625,0.0,0.0,0.0,0.0
2016-03-17,270,0.0,32.95,22.37,27.66,64.37,230.0,460.0,420.0,370.0,370.0,374.29,0.0,32.4,63.29,0.0,0.00999999999996625,0.0,0.0,0.0,0.0
2016-03-18,270,0.0,34.74,22.9,28.82,61.83,270.0,230.0,460.0,350.0,320.0,360.0,0.0,32.95,64.37,0.0,0.00999999999996625,0.0,0.0,0.0,0.0
2016-03-19,170,0.0,33.46,23.16,28.31,68.2,270.0,270.0,230.0,370.0,256.67,348.57,0.0,34.74,61.83,0.0,0.00999999999996625,0.0,0.0,1.0,0.0
2016-03-20,190,0.0,34.82,23.12,28.97,66.11,170.0,270.0,270.0,420.0,236.67,320.0,0.0,33.46,68.2,0.0,0.0,0.0,0.0,0.0,0.0
2016-03-21,190,0.0,35.38,23.22,29.3,65.79,190.0,170.0,270.0,420.0,210.0,287.14,0.0,34.82,66.11,0.0,0.0,0.0,0.0,1.0,0.0
2016-03-22,170,0.0,33.62,23.46,28.54,65.25,190.0,190.0,170.0,460.0,183.33,254.29,0.0,35.38,65.79,0.0,0.0,0.0,0.0,1.0,0.0
2016-03-23,170,0.0,34.38,23.6,28.99,59.19,170.0,190.0,190.0,230.0,183.33,212.86,0.0,33.62,65.25,0.0,0.0,0.0,0.0,0.0,0.0
2016-03-24,190,0.0,34.34,23.66,29.0,60.97,170.0,170.0,190.0,270.0,176.67,204.29,0.0,34.38,59.19,0.0,0.0,0.0,0.0,1.0,0.0
2016-03-25,250,0.0,34.72,23.46,29.09,59.11,190.0,170.0,170.0,270.0,176.67,192.86,0.0,34.34,60.97,0.0,0.0,0.0,0.0,1.0,0.0
2016-03-26,230,0.0,35.16,23.32,29.24,59.84,250.0,190.0,170.0,170.0,203.33,190.0,0.0,34.72,59.11,0.0,0.0,0.0,0.0,1.0,0.0
2016-03-27,370,0.01,34.07,23.43,28.75,64.68,230.0,250.0,190.0,190.0,223.33,198.57,0.0,35.16,59.84,0.0,0.0,0.0,0.0,1.0,0.0
2016-03-28,370,0.05,34.4,23.72,29.06,65.08,370.0,230.0,250.0,190.0,283.33,224.29,0.01,34.07,64.68,0.010000000000087042,0.00999999999996625,0.0,0.0,1.0,0.0
2016-03-29,290,0.1,33.9,23.94,28.92,65.57,370.0,370.0,230.0,170.0,323.33,250.0,0.05,34.4,65.08,0.060000000000087046,0.059999999999966254,0.0,0.0,1.0,0.0
2016-03-30,170,0.1,34.1,23.94,29.02,64.29,290.0,370.0,370.0,170.0,343.33,267.14,0.1,33.9,65.57,0.16000000000008704,0.15999999999996625,0.0,0.0,1.0,0.0
2016-03-31,170,0.28,33.7,24.02,28.86,63.0,170.0,290.0,370.0,190.0,276.67,267.14,0.1,34.1,64.29,0.25000000000008704,0.25999999999996626,0.0,0.0,1.0,0.0
2016-04-01,170,0.05,34.24,24.15,29.19,62.16,170.0,170.0,290.0,250.0,210.0,264.29,0.28,33.7,63.0,0.4800000000000871,0.5399999999999663,0.0,0.0,0.0,0.0
2016-04-02,270,0.01,34.47,24.21,29.34,64.03,170.0,170.0,170.0,230.0,170.0,252.86,0.05,34.24,62.16,0.43000000000008703,0.5899999999999663,0.0,0.0,1.0,0.0
2016-04-03,190,0.03,34.28,24.02,29.15,63.6,270.0,170.0,170.0,370.0,203.33,258.57,0.01,34.47,64.03,0.34000000000008707,0.5999999999999663,0.0,0.0,1.0,0.0
2016-04-04,150,0.06,35.43,23.59,29.51,63.25,190.0,270.0,170.0,370.0,210.0,232.86,0.03,34.28,63.6,0.09000000000008704,0.6199999999999662,0.0,0.0,1.0,0.0
2016-04-05,190,0.37,33.48,24.16,28.82,67.24,150.0,190.0,270.0,290.0,203.33,201.43,0.06,35.43,63.25,0.10000000000008705,0.6299999999999663,0.0,0.0,1.0,0.0
2016-04-06,230,0.36,33.6,24.15,28.87,67.64,190.0,150.0,190.0,170.0,176.67,187.14,0.37,33.48,67.24,0.46000000000008706,0.8999999999999663,0.0,0.0,0.0,0.0
2016-04-07,270,0.11,35.36,24.14,29.75,63.36,230.0,190.0,150.0,170.0,190.0,195.71,0.36,33.6,67.64,0.7900000000000871,1.1599999999999664,0.0,0.0,0.0,0.0
2016-04-08,420,0.06,34.48,24.62,29.55,64.92,270.0,230.0,190.0,170.0,230.0,210.0,0.11,35.36,63.36,0.8400000000000871,0.9899999999999662,0.0,0.0,1.0,0.0
2016-04-09,420,0.7,33.06,24.6,28.83,64.61,420.0,270.0,230.0,270.0,306.67,245.71,0.06,34.48,64.92,0.5300000000000871,0.9999999999999662,0.0,0.0,1.0,0.0
2016-04-10,660,0.15,32.54,24.38,28.46,65.98,420.0,420.0,270.0,190.0,370.0,267.14,0.7,33.06,64.61,0.870000000000087,1.6899999999999662,0.0,0.0,0.0,0.0
2016-04-11,270,0.01,34.38,24.4,29.39,65.68,660.0,420.0,420.0,150.0,500.0,334.29,0.15,32.54,65.98,0.9100000000000871,1.809999999999966,0.0,0.0,0.0,0.0
2016-04-12,350,0.04,34.07,24.59,29.33,67.15,270.0,660.0,420.0,190.0,450.0,351.43,0.01,34.38,65.68,0.860000000000087,1.7599999999999663,0.0,0.0,1.0,0.0
2016-04-13,350,0.0,32.56,24.1,28.33,68.85,350.0,270.0,660.0,230.0,426.67,374.29,0.04,34.07,67.15,0.20000000000008705,1.4299999999999662,0.0,0.0,1.0,0.0
2016-04-14,370,0.0,36.28,23.48,29.88,62.51,350.0,350.0,270.0,270.0,323.33,391.43,0.0,32.56,68.85,0.050000000000087044,1.069999999999966,0.0,0.0,0.0,0.0
2016-04-15,370,0.1,35.04,24.62,29.83,64.23,370.0,350.0,350.0,420.0,356.67,405.71,0.0,36.28,62.51,0.04000000000008704,0.9599999999999662,0.0,0.0,1.0,0.0
2016-04-16,420,0.56,34.03,24.24,29.14,67.01,370.0,370.0,350.0,420.0,363.33,398.57,0.1,35.04,64.23,0.10000000000008705,0.9999999999999662,0.0,0.0,1.0,0.0
2016-04-17,130,0.01,34.44,24.18,29.31,61.69,420.0,370.0,370.0,660.0,386.67,398.57,0.56,34.03,67.01,0.6600000000000871,0.8599999999999663,0.0,0.0,1.0,0.0
2016-04-18,190,0.03,35.22,24.22,29.72,64.43,130.0,420.0,370.0,270.0,306.67,322.86,0.01,34.44,61.69,0.6700000000000871,0.7199999999999663,0.0,0.0,1.0,0.0
2016-04-19,420,0.02,34.93,24.75,29.84,65.59,190.0,130.0,420.0,350.0,246.67,311.43,0.03,35.22,64.43,0.6000000000000871,0.7399999999999664,0.0,0.0,1.0,0.0
2016-04-20,350,0.22,34.72,24.68,29.7,65.13,420.0,190.0,130.0,350.0,246.67,321.43,0.02,34.93,65.59,0.06000000000008704,0.7199999999999664,0.0,0.0,1.0,0.0
2016-04-21,350,0.06,33.74,24.44,29.09,68.32,350.0,420.0,190.0,370.0,320.0,321.43,0.22,34.72,65.13,0.27000000000008706,0.9399999999999664,0.0,0.0,1.0,0.0
2016-04-22,290,0.0,33.56,24.4,28.98,67.37,350.0,350.0,420.0,370.0,373.33,318.57,0.06,33.74,68.32,0.30000000000008703,0.9999999999999664,0.0,0.0,0.0,0.0
2016-04-23,270,0.0,34.52,23.54,29.03,61.59,290.0,350.0,350.0,420.0,330.0,307.14,0.0,33.56,67.37,0.280000000000087,0.8999999999999663,0.0,0.0,0.0,0.0
2016-04-24,390,0.0,35.08,23.1,29.09,63.15,270.0,290.0,350.0,130.0,303.33,285.71,0.0,34.52,61.59,0.06000000000008704,0.3399999999999662,0.0,0.0,1.0,0.0
2016-04-25,350,0.0,35.67,23.21,29.44,60.35,390.0,270.0,290.0,190.0,316.67,322.86,0.0,35.08,63.15,0.0,0.3299999999999662,0.0,0.0,1.0,0.0
2016-04-26,420,0.02,36.2,24.04,30.12,59.11,350.0,390.0,270.0,420.0,336.67,345.71,0.0,35.67,60.35,0.0,0.2999999999999663,0.0,0.0,1.0,0.0
2016-04-27,330,0.06,34.9,24.68,29.79,63.77,420.0,350.0,390.0,350.0,386.67,345.71,0.02,36.2,59.11,0.020000000000087042,0.29999999999996624,0.0,0.0,1.0,0.0
2016-04-28,370,0.09,33.24,24.94,29.09,67.38,330.0,420.0,350.0,350.0,366.67,342.86,0.06,34.9,63.77,0.08000000000008704,0.13999999999996626,0.0,0.0,1.0,0.0
2016-04-29,330,0.04,33.68,24.6,29.14,67.35,370.0,330.0,420.0,290.0,373.33,345.71,0.09,33.24,67.38,0.17000000000008703,0.16999999999996623,0.0,0.0,0.0,0.0
2016-04-30,820,0.01,35.11,24.04,29.57,62.32,330.0,370.0,330.0,270.0,343.33,351.43,0.04,33.68,67.35,0.19000000000008704,0.20999999999996624,0.0,0.0,0.0,0.0
2016-05-01,420,0.05,34.66,24.46,29.56,62.87,820.0,330.0,370.0,390.0,506.67,430.0,0.01,35.11,62.32,0.14000000000008705,0.21999999999996625,0.0,0.0,1.0,0.0
2016-05-02,290,0.14,34.93,24.91,29.92,64.61,420.0,820.0,330.0,350.0,523.33,434.29,0.05,34.66,62.87,0.10000000000008705,0.26999999999996627,0.0,0.0,1.0,0.0
2016-05-03,370,3.57,33.83,24.89,29.36,68.6,290.0,420.0,820.0,420.0,510.0,425.71,0.14,34.93,64.61,0.20000000000008705,0.4099999999999663,0.0,0.0,1.0,0.0
2016-05-04,290,0.36,34.22,24.67,29.45,64.75,370.0,290.0,420.0,330.0,360.0,418.57,3.57,33.83,68.6,3.760000000000087,3.959999999999966,1.0,0.0,0.0,0.0
2016-05-05,330,0.13,34.78,24.9,29.84,62.76,290.0,370.0,290.0,370.0,316.67,412.86,0.36,34.22,64.75,4.070000000000087,4.259999999999966,0.0,0.0,1.0,0.0
2016-05-06,330,0.25,34.8,24.46,29.63,62.43,330.0,290.0,370.0,330.0,330.0,407.14,0.13,34.78,62.76,4.060000000000087,4.299999999999966,0.0,0.0,1.0,0.0
2016-05-07,520,0.01,35.78,24.12,29.95,59.21,330.0,330.0,290.0,820.0,316.67,407.14,0.25,34.8,62.43,0.740000000000087,4.509999999999966,0.0,0.0,1.0,0.0
2016-05-08,820,0.01,35.2,23.94,29.57,58.88,520.0,330.0,330.0,420.0,393.33,364.29,0.01,35.78,59.21,0.39000000000008705,4.509999999999966,0.0,0.0,1.0,0.0
2016-05-09,460,0.05,36.98,23.99,30.49,56.58,820.0,520.0,330.0,290.0,556.67,421.43,0.01,35.2,58.88,0.27000000000008706,4.469999999999967,0.0,0.0,1.0,0.0
2016-05-10,460,0.38,35.75,24.87,30.31,59.37,460.0,820.0,520.0,370.0,600.0,445.71,0.05,36.98,56.58,0.07000000000008705,4.379999999999966,0.0,0.0,1.0,0.0
2016-05-11,460,1.78,34.06,25.0,29.53,63.45,460.0,460.0,820.0,290.0,580.0,458.57,0.38,35.75,59.37,0.44000000000008704,1.1899999999999662,0.0,0.0,1.0,0.0
2016-05-12,460,8.4,32.7,24.36,28.53,69.98,460.0,460.0,460.0,330.0,460.0,482.86,1.78,34.06,63.45,2.210000000000087,2.609999999999966,1.0,0.0,1.0,0.0
2016-05-13,520,3.4,32.92,24.28,28.6,73.03,460.0,460.0,460.0,330.0,460.0,501.43,8.4,32.7,69.98,10.560000000000088,10.879999999999967,2.0,0.0,0.0,0.0
2016-05-14,420,6.29,33.76,25.14,29.45,73.07,520.0,460.0,460.0,520.0,480.0,528.57,3.4,32.92,73.03,13.580000000000087,14.029999999999967,3.0,0.0,0.0,0.0
2016-05-15,370,3.77,31.94,25.06,28.5,79.19,420.0,520.0,460.0,820.0,466.67,514.29,6.29,33.76,73.07,18.09000000000009,20.309999999999967,4.0,0.0,0.0,0.0
2016-05-16,190,7.1,32.11,25.28,28.69,77.98,370.0,420.0,520.0,460.0,436.67,450.0,3.77,31.94,79.19,13.460000000000086,24.069999999999965,5.0,0.0,0.0,0.0
2016-05-17,90,9.15,29.39,25.45,27.42,82.92,190.0,370.0,420.0,460.0,326.67,411.43,7.1,32.11,77.98,17.160000000000085,31.11999999999997,6.0,0.0,0.0,0.0
2016-05-18,230,1.14,29.08,25.56,27.32,81.83,90.0,190.0,370.0,460.0,216.67,358.57,9.15,29.39,82.92,20.02000000000009,39.889999999999965,7.0,0.0,0.0,0.0
2016-05-19,230,2.42,30.27,25.33,27.8,79.12,230.0,90.0,190.0,460.0,170.0,325.71,1.14,29.08,81.83,17.390000000000086,39.249999999999964,8.0,0.0,0.0,0.0
2016-05-20,270,4.66,28.81,25.41,27.11,82.4,230.0,230.0,90.0,520.0,183.33,292.86,2.42,30.27,79.12,12.710000000000086,33.26999999999997,9.0,0.0,0.0,0.0
2016-05-21,250,0.26,30.92,25.02,27.97,76.83,270.0,230.0,230.0,420.0,243.33,257.14,4.66,28.81,82.4,8.220000000000088,34.529999999999966,10.0,0.0,0.0,0.0
2016-05-22,370,0.12,31.45,24.95,28.2,77.26,250.0,270.0,230.0,370.0,250.0,232.86,0.26,30.92,76.83,7.340000000000087,28.499999999999968,0.0,0.0,0.0,0.0
2016-05-23,270,0.13,31.42,25.2,28.31,77.44,370.0,250.0,270.0,190.0,296.67,232.86,0.12,31.45,77.26,5.040000000000087,24.849999999999966,0.0,0.0,0.0,0.0
2016-05-24,150,0.22,32.06,24.66,28.36,75.02,270.0,370.0,250.0,90.0,296.67,244.29,0.13,31.42,77.44,0.510000000000087,17.879999999999967,0.0,0.0,0.0,0.0
2016-05-25,90,0.5,31.62,24.68,28.15,76.28,150.0,270.0,370.0,230.0,263.33,252.86,0.22,32.06,75.02,0.470000000000087,8.949999999999966,0.0,0.0,0.0,0.0
2016-05-26,170,3.32,29.93,24.37,27.15,80.66,90.0,150.0,270.0,230.0,170.0,232.86,0.5,31.62,76.28,0.850000000000087,8.309999999999967,0.0,0.0,0.0,0.0
2016-05-27,150,3.8,30.7,24.28,27.49,78.5,170.0,90.0,150.0,270.0,136.67,224.29,3.32,29.93,80.66,4.040000000000087,9.209999999999965,1.0,0.0,0.0,0.0
2016-05-28,170,8.42,31.12,24.74,27.93,78.11,150.0,170.0,90.0,250.0,136.67,207.14,3.8,30.7,78.5,7.620000000000086,8.349999999999966,2.0,0.0,0.0,0.0
2016-05-29,170,9.96,28.91,24.35,26.63,82.04,170.0,150.0,170.0,370.0,163.33,195.71,8.42,31.12,78.11,15.540000000000086,16.509999999999966,3.0,0.0,0.0,0.0
2016-05-30,150,24.99,29.28,24.14,26.71,82.4,170.0,170.0,150.0,270.0,163.33,167.14,9.96,28.91,82.04,22.18000000000009,26.349999999999966,4.0,0.0,0.0,0.0
2016-05-31,90,8.94,30.63,24.05,27.34,78.84,150.0,170.0,170.0,150.0,163.33,150.0,24.99,29.28,82.4,43.37000000000009,51.209999999999965,5.0,0.0,0.0,0.0
2016-06-01,90,12.59,29.92,24.16,27.04,82.3,90.0,150.0,170.0,90.0,136.67,141.43,8.94,30.63,78.84,43.890000000000086,59.929999999999964,6.0,0.0,0.0,0.0
2016-06-02,90,9.52,26.24,24.18,25.21,87.57,90.0,90.0,150.0,170.0,110.0,141.43,12.59,29.92,82.3,46.52000000000008,72.01999999999997,7.0,0.0,0.0,0.0
2016-06-03,150,21.07,30.22,23.76,26.99,80.88,90.0,90.0,90.0,150.0,90.0,130.0,9.52,26.24,87.57,31.05000000000009,78.21999999999996,8.0,0.0,0.0,0.0
2016-06-04,110,17.86,27.38,24.24,25.81,90.58,150.0,90.0,90.0,170.0,110.0,130.0,21.07,30.22,80.88,43.18000000000009,95.48999999999995,9.0,0.0,0.0,0.0
2016-06-05,70,9.34,29.47,23.41,26.44,82.14,110.0,150.0,90.0,170.0,116.67,121.43,17.86,27.38,90.58,48.45000000000009,104.92999999999995,10.0,0.0,0.0,0.0
2016-06-06,70,2.96,27.76,24.12,25.94,86.65,70.0,110.0,150.0,150.0,110.0,107.14,9.34,29.47,82.14,48.270000000000095,104.30999999999996,11.0,0.0,0.0,0.0
2016-06-07,70,14.04,28.25,24.33,26.29,86.3,70.0,70.0,110.0,90.0,83.33,95.71,2.96,27.76,86.65,30.160000000000093,82.27999999999997,12.0,0.0,0.0,0.0
2016-06-08,70,21.01,27.88,22.76,25.32,84.0,70.0,70.0,70.0,90.0,70.0,92.86,14.04,28.25,86.3,26.340000000000092,87.37999999999995,13.0,0.0,0.0,0.0
2016-06-09,90,43.28,26.89,22.73,24.81,89.06,70.0,70.0,70.0,90.0,70.0,90.0,21.01,27.88,84.0,38.01000000000009,95.79999999999997,14.0,0.0,0.0,0.0
2016-06-10,150,18.03,27.84,23.28,25.56,85.49,90.0,70.0,70.0,150.0,76.67,90.0,43.28,26.89,89.06,78.3300000000001,129.55999999999995,15.0,1.0,0.0,0.0
2016-06-11,130,10.06,28.4,23.04,25.72,82.04,150.0,90.0,70.0,110.0,103.33,90.0,18.03,27.84,85.49,82.3200000000001,126.51999999999997,16.0,0.0,0.0,0.0
2016-06-12,250,25.19,28.06,22.74,25.4,84.47,130.0,150.0,90.0,70.0,123.33,92.86,10.06,28.4,82.04,71.37000000000009,118.71999999999997,17.0,0.0,0.0,0.0
2016-06-13,310,41.02,27.9,22.94,25.42,80.59,250.0,130.0,150.0,70.0,176.67,118.57,25.19,28.06,84.47,53.28000000000009,134.56999999999996,18.0,0.0,0.0,0.0
2016-06-14,330,19.65,28.12,23.58,25.85,83.25,310.0,250.0,130.0,70.0,230.0,152.86,41.02,27.9,80.59,76.2700000000001,172.62999999999997,19.0,0.0,0.0,0.0
2016-06-15,190,16.9,28.15,23.74,25.94,83.04,330.0,310.0,250.0,70.0,296.67,190.0,19.65,28.12,83.25,85.8600000000001,178.23999999999995,20.0,0.0,0.0,0.0
2016-06-16,190,29.73,27.77,24.11,25.94,87.28,190.0,330.0,310.0,90.0,276.67,207.14,16.9,28.15,83.04,77.57000000000009,174.12999999999997,21.0,0.0,0.0,0.0
2016-06-17,270,42.23,27.8,24.08,25.94,86.89,190.0,190.0,330.0,150.0,236.67,221.43,29.73,27.77,87.28,66.28000000000009,160.57999999999998,22.0,0.0,0.0,0.0
2016-06-18,330,49.33,27.64,23.04,25.34,89.35,270.0,190.0,190.0,130.0,216.67,238.57,42.23,27.8,86.89,88.8600000000001,184.77999999999997,23.0,0.0,0.0,0.0
2016-06-19,270,23.51,27.6,22.9,25.25,82.33,330.0,270.0,190.0,250.0,263.33,267.14,49.33,27.64,89.35,121.29000000000008,224.04999999999995,24.0,1.0,0.0,0.0
2016-06-20,290,55.44,26.56,22.4,24.48,86.54,270.0,330.0,270.0,310.0,290.0,270.0,23.51,27.6,82.33,115.07000000000009,222.36999999999998,25.0,0.0,0.0,0.0
2016-06-21,170,44.78,25.19,22.03,23.61,90.22,290.0,270.0,330.0,330.0,296.67,267.14,55.44,26.56,86.54,128.2800000000001,236.78999999999996,26.0,1.0,0.0,0.0
2016-06-22,110,51.62,25.94,22.52,24.23,88.81,170.0,290.0,270.0,190.0,243.33,244.29,44.78,25.19,90.22,123.73000000000009,261.91999999999996,27.0,1.0,0.0,0.0
2016-06-23,250,49.01,25.32,22.86,24.09,88.77,110.0,170.0,290.0,190.0,190.0,232.86,51.62,25.94,88.81,151.8400000000001,296.64,28.0,1.0,0.0,0.0
2016-06-24,170,36.83,26.13,22.57,24.35,88.76,250.0,110.0,170.0,270.0,176.67,241.43,49.01,25.32,88.77,145.41000000000008,315.91999999999996,29.0,1.0,0.0,0.0
2016-06-25,150,21.85,26.06,22.8,24.43,88.53,170.0,250.0,110.0,330.0,176.67,227.14,36.83,26.13,88.76,137.4600000000001,310.5199999999999,30.0,0.0,0.0,0.0
2016-06-26,150,36.97,26.74,23.5,25.12,90.23,150.0,170.0,250.0,270.0,190.0,201.43,21.85,26.06,88.53,107.69000000000008,283.03999999999996,31.0,0.0,0.0,0.0
2016-06-27,90,104.88,26.16,23.78,24.97,92.62,150.0,150.0,170.0,290.0,156.67,184.29,36.97,26.74,90.23,95.65000000000009,296.49999999999994,32.0,0.0,0.0,0.0
2016-06-28,130,105.55,26.35,23.49,24.92,92.1,90.0,150.0,150.0,170.0,130.0,155.71,104.88,26.16,92.62,163.7000000000001,345.93999999999994,33.0,1.0,0.0,1.0
2016-06-29,130,95.26,25.79,23.83,24.81,92.37,130.0,90.0,150.0,110.0,123.33,150.0,105.55,26.35,92.1,247.4000000000001,406.71,34.0,1.0,0.0,0.0
2016-06-30,170,30.09,26.46,24.01,25.24,90.69,130.0,130.0,90.0,250.0,116.67,152.86,95.26,25.79,92.37,305.6900000000001,450.35,35.0,1.0,0.0,0.0
2016-07-01,270,68.71,26.8,23.66,25.23,89.95,170.0,130.0,130.0,170.0,143.33,141.43,30.09,26.46,90.69,230.9000000000001,431.43,36.0,0.0,0.0,0.0
2016-07-02,190,44.66,26.86,23.64,25.25,89.57,270.0,170.0,130.0,150.0,190.0,155.71,68.71,26.8,89.95,194.06000000000012,463.30999999999995,37.0,1.0,0.0,0.0
2016-07-03,190,51.65,26.21,23.69,24.95,90.56,190.0,270.0,170.0,150.0,210.0,161.43,44.66,26.86,89.57,143.4600000000001,486.12,38.0,1.0,0.0,0.0
2016-07-04,310,54.25,26.48,23.68,25.08,90.96,190.0,190.0,270.0,90.0,216.67,167.14,51.65,26.21,90.56,165.0200000000001,500.79999999999995,39.0,1.0,0.0,0.0
2016-07-05,370,27.69,26.82,23.64,25.23,90.26,310.0,190.0,190.0,130.0,230.0,198.57,54.25,26.48,90.96,150.5600000000001,450.16999999999996,40.0,1.0,0.0,0.0
2016-07-06,620,44.14,26.0,23.8,24.9,92.25,370.0,310.0,190.0,130.0,290.0,232.86,27.69,26.82,90.26,133.5900000000001,372.30999999999995,41.0,0.0,0.0,0.0
2016-07-07,620,10.84,26.23,23.73,24.98,91.14,620.0,370.0,310.0,170.0,433.33,302.86,44.14,26.0,92.25,126.0800000000001,321.18999999999994,42.0,1.0,0.0,0.0
2016-07-08,820,12.48,26.45,23.69,25.07,90.45,620.0,620.0,370.0,270.0,536.67,367.14,10.84,26.23,91.14,82.6700000000001,301.94,43.0,0.0,0.0,0.0
2016-07-09,820,24.1,26.02,23.98,25.0,91.08,820.0,620.0,620.0,190.0,686.67,445.71,12.48,26.45,90.45,67.4600000000001,245.70999999999995,44.0,0.0,0.0,0.0
2016-07-10,820,37.45,26.46,23.76,25.11,90.15,820.0,820.0,620.0,190.0,753.33,535.71,24.1,26.02,91.08,47.4200000000001,225.14999999999998,45.0,0.0,0.0,0.0
2016-07-11,620,21.14,26.0,23.78,24.89,90.69,820.0,820.0,820.0,310.0,820.0,625.71,37.45,26.46,90.15,74.0300000000001,210.95,46.0,0.0,0.0,0.0
2016-07-12,820,19.65,26.24,23.4,24.82,90.08,620.0,820.0,820.0,370.0,753.33,670.0,21.14,26.0,90.69,82.69000000000011,177.83999999999997,47.0,0.0,0.0,0.0
2016-07-13,620,20.18,26.5,23.15,24.83,89.8,820.0,620.0,820.0,620.0,753.33,734.29,19.65,26.24,90.08,78.2400000000001,169.79999999999998,48.0,0.0,0.0,0.0
2016-07-14,820,9.28,26.75,22.85,24.8,89.29,620.0,820.0,620.0,620.0,686.67,734.29,20.18,26.5,89.8,60.9700000000001,145.83999999999997,49.0,0.0,0.0,0.0
2016-07-15,820,24.23,27.1,22.82,24.96,89.6,820.0,620.0,820.0,820.0,753.33,762.86,9.28,26.75,89.29,49.1100000000001,144.27999999999997,50.0,0.0,0.0,0.0
2016-07-16,820,16.74,25.72,22.9,24.31,91.36,820.0,820.0,620.0,820.0,753.33,762.86,24.23,27.1,89.6,53.6900000000001,156.02999999999997,51.0,0.0,0.0,0.0
2016-07-17,820,21.35,25.36,22.22,23.79,91.86,820.0,820.0,820.0,820.0,820.0,762.86,16.74,25.72,91.36,50.2500000000001,148.66999999999996,52.0,0.0,0.0,0.0
2016-07-18,820,18.18,25.5,21.86,23.68,91.65,820.0,820.0,820.0,620.0,820.0,762.86,21.35,25.36,91.86,62.32000000000009,132.56999999999996,53.0,0.0,0.0,0.0
2016-07-19,820,14.32,25.47,22.39,23.93,91.09,820.0,820.0,820.0,820.0,820.0,791.43,18.18,25.5,91.65,56.270000000000095,129.60999999999996,54.0,0.0,0.0,0.0
2016-07-20,820,48.66,26.02,22.34,24.18,91.1,820.0,820.0,820.0,620.0,820.0,791.43,14.32,25.47,91.09,53.85000000000011,124.27999999999996,55.0,0.0,0.0,0.0
2016-07-21,820,55.79,25.2,22.84,24.02,91.44,820.0,820.0,820.0,820.0,820.0,820.0,48.66,26.02,91.1,81.1600000000001,152.75999999999996,56.0,1.0,0.0,0.0
2016-07-22,820,39.57,25.12,22.66,23.89,91.58,820.0,820.0,820.0,820.0,820.0,820.0,55.79,25.2,91.44,118.7700000000001,199.26999999999995,57.0,1.0,0.0,0.0
2016-07-23,820,45.39,24.92,22.76,23.84,93.71,820.0,820.0,820.0,820.0,820.0,820.0,39.57,25.12,91.58,144.0200000000001,214.60999999999996,58.0,0.0,0.0,0.0
2016-07-24,820,19.44,25.22,22.52,23.87,92.43,820.0,820.0,820.0,820.0,820.0,820.0,45.39,24.92,93.71,140.7500000000001,243.25999999999996,59.0,1.0,0.0,1.0
2016-07-25,820,5.31,25.98,22.06,24.02,89.82,820.0,820.0,820.0,820.0,820.0,820.0,19.44,25.22,92.43,104.4000000000001,241.34999999999997,60.0,0.0,0.0,1.0
2016-07-26,820,8.82,26.18,21.84,24.01,89.68,820.0,820.0,820.0,820.0,820.0,820.0,5.31,25.98,89.82,70.1400000000001,228.47999999999996,61.0,0.0,0.0,0.0
2016-07-27,820,8.75,24.64,22.12,23.38,92.89,820.0,820.0,820.0,820.0,820.0,820.0,8.82,26.18,89.68,33.5700000000001,222.97999999999996,62.0,0.0,0.0,0.0
2016-07-28,820,15.65,25.42,22.2,23.81,91.56,820.0,820.0,820.0,820.0,820.0,820.0,8.75,24.64,92.89,22.8800000000001,183.06999999999996,63.0,0.0,0.0,1.0
2016-07-29,820,19.94,24.5,21.86,23.18,91.39,820.0,820.0,820.0,820.0,820.0,820.0,15.65,25.42,91.56,33.2200000000001,142.92999999999998,64.0,0.0,0.0,0.0
2016-07-30,820,23.52,24.75,21.79,23.27,92.43,820.0,820.0,820.0,820.0,820.0,820.0,19.94,24.5,91.39,44.3400000000001,123.29999999999998,65.0,0.0,0.0,0.0
2016-07-31,820,14.05,25.18,21.98,23.58,91.81,820.0,820.0,820.0,820.0,820.0,820.0,23.52,24.75,92.43,59.1100000000001,101.42999999999998,66.0,0.0,0.0,1.0
2016-08-01,520,10.74,25.9,22.42,24.16,90.28,820.0,820.0,820.0,820.0,820.0,820.0,14.05,25.18,91.81,57.510000000000105,96.03999999999998,67.0,0.0,0.0,0.0
2016-08-02,420,11.94,25.8,22.9,24.35,90.14,520.0,820.0,820.0,820.0,720.0,777.14,10.74,25.9,90.28,48.3100000000001,101.46999999999997,68.0,0.0,0.0,0.0
2016-08-03,420,13.94,25.99,22.81,24.4,90.14,420.0,520.0,820.0,820.0,586.67,720.0,11.94,25.8,90.14,36.7300000000001,104.58999999999997,69.0,0.0,0.0,0.0
2016-08-04,290,46.22,25.88,22.66,24.27,91.05,420.0,420.0,520.0,820.0,453.33,662.86,13.94,25.99,90.14,36.6200000000001,109.77999999999999,70.0,0.0,0.0,0.0
2016-08-05,420,35.42,25.72,22.98,24.35,91.04,290.0,420.0,420.0,820.0,376.67,587.14,46.22,25.88,91.05,72.1000000000001,140.34999999999997,71.0,1.0,0.0,0.0
2016-08-06,370,28.45,26.04,22.82,24.43,90.49,420.0,290.0,420.0,820.0,376.67,530.0,35.42,25.72,91.04,95.5800000000001,155.82999999999998,72.0,0.0,0.0,0.0
2016-08-07,170,21.66,26.07,22.71,24.39,90.92,370.0,420.0,290.0,820.0,360.0,465.71,28.45,26.04,90.49,110.0900000000001,160.75999999999996,73.0,0.0,0.0,0.0
2016-08-08,130,24.67,25.96,22.88,24.42,90.53,170.0,370.0,420.0,520.0,320.0,372.86,21.66,26.07,90.92,85.5300000000001,168.36999999999998,74.0,0.0,0.0,0.0
2016-08-09,130,9.74,26.24,22.6,24.42,89.34,130.0,170.0,370.0,420.0,223.33,317.14,24.67,25.96,90.53,74.7800000000001,182.29999999999998,75.0,0.0,0.0,0.0
2016-08-10,150,11.68,25.88,22.6,24.24,90.02,130.0,130.0,170.0,420.0,143.33,275.71,9.74,26.24,89.34,56.0700000000001,180.09999999999997,76.0,0.0,0.0,0.0
2016-08-11,210,20.5,26.32,22.86,24.59,90.39,150.0,130.0,130.0,290.0,136.67,237.14,11.68,25.88,90.02,46.0900000000001,177.83999999999997,77.0,0.0,0.0,0.0
2016-08-12,250,16.36,26.33,23.01,24.67,90.98,210.0,150.0,130.0,420.0,163.33,225.71,20.5,26.32,90.39,41.9200000000001,152.11999999999998,78.0,0.0,0.0,0.0
2016-08-13,190,15.7,26.4,22.8,24.6,89.87,250.0,210.0,150.0,370.0,203.33,201.43,16.36,26.33,90.98,48.5400000000001,133.05999999999997,79.0,0.0,0.0,0.0
2016-08-14,250,15.37,26.12,22.58,24.35,89.51,190.0,250.0,210.0,170.0,216.67,175.71,15.7,26.4,89.87,52.5600000000001,120.30999999999997,80.0,0.0,0.0,0.0
2016-08-15,330,22.07,26.1,22.58,24.34,89.48,250.0,190.0,250.0,130.0,230.0,187.14,15.37,26.12,89.51,47.4300000000001,114.01999999999998,81.0,0.0,0.0,0.0
2016-08-16,330,22.18,26.28,22.64,24.46,89.83,330.0,250.0,190.0,130.0,256.67,215.71,22.07,26.1,89.48,53.1400000000001,111.41999999999996,82.0,0.0,0.0,0.0
2016-08-17,420,18.65,26.34,22.72,24.53,90.21,330.0,330.0,250.0,150.0,303.33,244.29,22.18,26.28,89.83,59.6200000000001,123.85999999999997,83.0,0.0,0.0,0.0
2016-08-18,420,20.43,26.1,22.42,24.26,90.64,420.0,330.0,330.0,210.0,360.0,282.86,18.65,26.34,90.21,62.9000000000001,130.82999999999998,84.0,0.0,0.0,0.0
2016-08-19,520,14.17,26.38,22.06,24.22,90.46,420.0,420.0,330.0,250.0,390.0,312.86,20.43,26.1,90.64,61.2600000000001,130.76,85.0,0.0,0.0,0.0
2016-08-20,820,4.5,26.78,21.96,24.37,89.21,520.0,420.0,420.0,190.0,453.33,351.43,14.17,26.38,90.46,53.2500000000001,128.56999999999996,86.0,0.0,0.0,0.0
2016-08-21,720,12.5,27.3,22.18,24.74,89.86,820.0,520.0,420.0,250.0,586.67,441.43,4.5,26.78,89.21,39.1000000000001,117.36999999999998,87.0,0.0,0.0,0.0
2016-08-22,420,18.96,26.94,22.62,24.78,88.94,720.0,820.0,520.0,330.0,686.67,508.57,12.5,27.3,89.86,31.1700000000001,114.49999999999997,88.0,0.0,0.0,0.0
2016-08-23,620,32.9,26.42,22.83,24.62,90.42,420.0,720.0,820.0,330.0,653.33,521.43,18.96,26.94,88.94,35.9600000000001,111.38999999999999,89.0,0.0,0.0,0.0
2016-08-24,420,16.66,26.02,23.14,24.58,91.22,620.0,420.0,720.0,420.0,586.67,562.86,32.9,26.42,90.42,64.3600000000001,122.10999999999997,90.0,0.0,0.0,0.0
2016-08-25,520,15.4,26.26,22.56,24.41,91.79,420.0,620.0,420.0,420.0,486.67,562.86,16.66,26.02,91.22,68.5200000000001,120.11999999999998,91.0,0.0,0.0,0.0
2016-08-26,420,10.92,26.35,22.33,24.34,90.4,520.0,420.0,620.0,520.0,520.0,577.14,15.4,26.26,91.79,64.9600000000001,115.08999999999997,92.0,0.0,0.0,0.0
2016-08-27,420,12.75,26.32,22.58,24.45,89.81,420.0,520.0,420.0,820.0,453.33,562.86,10.92,26.35,90.4,42.9800000000001,111.83999999999997,93.0,0.0,0.0,0.0
2016-08-28,310,19.85,26.04,22.6,24.32,89.99,420.0,420.0,520.0,720.0,453.33,505.71,12.75,26.32,89.81,39.0700000000001,120.08999999999997,94.0,0.0,0.0,0.0
2016-08-29,330,12.36,26.42,22.56,24.49,91.1,310.0,420.0,420.0,420.0,383.33,447.14,19.85,26.04,89.99,43.5200000000001,127.43999999999997,95.0,0.0,0.0,0.0
2016-08-30,270,21.8,25.64,22.96,24.3,92.22,330.0,310.0,420.0,620.0,353.33,434.29,12.36,26.42,91.1,44.9600000000001,120.83999999999996,96.0,0.0,0.0,0.0
2016-08-31,370,22.99,25.65,21.28,23.47,91.32,270.0,330.0,310.0,420.0,303.33,384.29,21.8,25.64,92.22,54.010000000000105,109.73999999999998,97.0,0.0,0.0,0.0
2016-09-01,520,11.95,26.02,21.4,23.71,90.52,370.0,270.0,330.0,520.0,323.33,377.14,22.99,25.65,91.32,57.1500000000001,116.06999999999998,98.0,0.0,0.0,0.0
2016-09-02,720,14.04,25.28,22.06,23.67,91.11,520.0,370.0,270.0,420.0,386.67,377.14,11.95,26.02,90.52,56.740000000000094,112.61999999999998,99.0,0.0,0.0,0.0
2016-09-03,820,13.32,25.66,21.8,23.73,90.13,720.0,520.0,370.0,420.0,536.67,420.0,14.04,25.28,91.11,48.9800000000001,115.73999999999997,100.0,0.0,0.0,0.0
2016-09-04,820,5.9,26.08,21.96,24.02,88.72,820.0,720.0,520.0,310.0,686.67,477.14,13.32,25.66,90.13,39.3100000000001,116.30999999999997,101.0,0.0,0.0,0.0
2016-09-05,520,4.15,26.13,21.87,24.0,88.77,820.0,820.0,720.0,330.0,786.67,550.0,5.9,26.08,88.72,33.2600000000001,102.35999999999997,102.0,0.0,0.0,0.0
2016-09-06,250,5.85,26.24,21.52,23.88,87.31,520.0,820.0,820.0,270.0,720.0,577.14,4.15,26.13,88.77,23.3700000000001,94.14999999999998,103.0,0.0,0.0,0.0
2016-09-07,310,3.76,26.14,21.2,23.67,86.66,250.0,520.0,820.0,370.0,530.0,574.29,5.85,26.24,87.31,15.9000000000001,78.19999999999996,104.0,0.0,0.0,0.0
2016-09-08,460,2.69,25.96,21.12,23.54,88.0,310.0,250.0,520.0,520.0,360.0,565.71,3.76,26.14,86.66,13.7600000000001,58.96999999999997,105.0,0.0,0.0,0.0
2016-09-09,520,0.42,26.94,21.36,24.15,87.13,460.0,310.0,250.0,720.0,340.0,557.14,2.69,25.96,88.0,12.300000000000098,49.70999999999997,106.0,0.0,0.0,0.0
2016-09-10,420,0.36,26.82,21.46,24.14,87.98,520.0,460.0,310.0,820.0,430.0,528.57,0.42,26.94,87.13,6.8700000000001,36.089999999999975,0.0,0.0,0.0,0.0
2016-09-11,520,2.21,25.94,21.48,23.71,89.96,420.0,520.0,460.0,820.0,466.67,471.43,0.36,26.82,87.98,3.4700000000000992,23.12999999999997,0.0,0.0,0.0,0.0
2016-09-12,330,2.65,27.06,21.47,24.26,87.57,520.0,420.0,520.0,520.0,486.67,428.57,2.21,25.94,89.96,2.9900000000000992,19.43999999999997,1.0,0.0,0.0,0.0
2016-09-13,250,10.2,27.04,22.18,24.61,88.77,330.0,520.0,420.0,250.0,423.33,401.43,2.65,27.06,87.57,5.220000000000099,17.93999999999997,2.0,0.0,0.0,0.0
2016-09-14,420,11.09,26.62,22.4,24.51,89.42,250.0,330.0,520.0,310.0,366.67,401.43,10.2,27.04,88.77,15.060000000000098,22.28999999999997,3.0,0.0,0.0,0.0
2016-09-15,420,13.08,26.38,22.6,24.49,90.28,420.0,250.0,330.0,460.0,333.33,417.14,11.09,26.62,89.42,23.940000000000097,29.619999999999973,4.0,0.0,0.0,0.0
2016-09-16,420,11.93,26.64,22.36,24.5,88.72,420.0,420.0,250.0,520.0,363.33,411.43,13.08,26.38,90.28,34.370000000000104,40.00999999999997,5.0,0.0,0.0,0.0
2016-09-17,210,9.02,26.12,22.42,24.27,87.72,420.0,420.0,420.0,420.0,420.0,397.14,11.93,26.64,88.72,36.100000000000094,51.51999999999997,6.0,0.0,0.0,0.0
2016-09-18,190,10.2,26.24,22.26,24.25,88.3,210.0,420.0,420.0,520.0,350.0,367.14,9.02,26.12,87.72,34.0300000000001,60.17999999999997,7.0,0.0,0.0,0.0
2016-09-19,170,4.39,26.26,22.0,24.13,89.13,190.0,210.0,420.0,330.0,273.33,320.0,10.2,26.24,88.3,31.150000000000098,68.16999999999997,8.0,0.0,0.0,0.0
2016-09-20,150,8.03,26.4,22.02,24.21,88.38,170.0,190.0,210.0,250.0,190.0,297.14,4.39,26.26,89.13,23.6100000000001,69.90999999999998,9.0,0.0,0.0,0.0
2016-09-21,150,21.79,25.74,22.14,23.94,89.69,150.0,170.0,190.0,420.0,170.0,282.86,8.03,26.4,88.38,22.620000000000097,67.73999999999998,10.0,0.0,0.0,0.0
2016-09-22,230,8.25,25.56,21.92,23.74,89.01,150.0,150.0,170.0,420.0,156.67,244.29,21.79,25.74,89.69,34.21000000000009,78.43999999999997,11.0,0.0,0.0,0.0
2016-09-23,210,21.19,25.96,22.24,24.1,90.09,230.0,150.0,150.0,420.0,176.67,217.14,8.25,25.56,89.01,38.07000000000009,73.60999999999997,12.0,0.0,0.0,0.0
2016-09-24,330,21.74,25.88,22.32,24.1,91.05,210.0,230.0,150.0,210.0,196.67,187.14,21.19,25.96,90.09,51.2300000000001,82.86999999999998,13.0,0.0,0.0,0.0
2016-09-25,330,14.43,25.9,21.48,23.69,89.31,330.0,210.0,230.0,190.0,256.67,204.29,21.74,25.88,91.05,51.1800000000001,95.58999999999997,14.0,0.0,0.0,0.0
2016-09-26,420,18.33,26.38,21.72,24.05,91.31,330.0,330.0,210.0,170.0,290.0,224.29,14.43,25.9,89.31,57.3600000000001,99.81999999999996,15.0,0.0,0.0,0.0
2016-09-27,420,9.4,26.14,22.36,24.25,91.93,420.0,330.0,330.0,150.0,360.0,260.0,18.33,26.38,91.31,54.5000000000001,113.75999999999996,16.0,0.0,0.0,0.0
2016-09-28,520,13.37,25.88,22.54,24.21,93.65,420.0,420.0,330.0,150.0,390.0,298.57,9.4,26.14,91.93,42.160000000000096,115.12999999999997,17.0,0.0,0.0,0.0
2016-09-29,720,3.29,27.05,21.53,24.29,90.62,520.0,420.0,420.0,230.0,453.33,351.43,13.37,25.88,93.65,41.100000000000094,106.70999999999998,18.0,0.0,0.0,1.0
2016-09-30,820,1.99,26.43,21.43,23.93,88.88,720.0,520.0,420.0,210.0,553.33,421.43,3.29,27.05,90.62,26.060000000000098,101.74999999999997,19.0,0.0,0.0,0.0
2016-10-01,820,1.46,26.1,21.3,23.7,87.91,820.0,720.0,520.0,330.0,686.67,508.57,1.99,26.43,88.88,18.650000000000098,82.54999999999997,20.0,0.0,0.0,0.0
2016-10-02,820,0.24,27.06,21.44,24.25,86.2,820.0,820.0,720.0,330.0,786.67,578.57,1.46,26.1,87.91,6.7400000000001,62.26999999999997,21.0,0.0,0.0,0.0
2016-10-03,820,0.13,27.45,21.51,24.48,85.25,820.0,820.0,820.0,420.0,820.0,648.57,0.24,27.06,86.2,3.6900000000000994,48.07999999999997,0.0,0.0,0.0,0.0
2016-10-04,820,1.02,26.68,21.58,24.13,85.58,820.0,820.0,820.0,420.0,820.0,705.71,0.13,27.45,85.25,1.8300000000000995,29.87999999999997,0.0,0.0,0.0,0.0
2016-10-05,820,0.68,26.46,20.94,23.7,86.66,820.0,820.0,820.0,520.0,820.0,762.86,1.02,26.68,85.58,1.3900000000000996,21.499999999999968,1.0,0.0,0.0,0.0
2016-10-06,820,0.32,26.14,20.6,23.37,85.29,820.0,820.0,820.0,720.0,820.0,805.71,0.68,26.46,86.66,1.8300000000000995,8.809999999999972,0.0,0.0,0.0,0.0
2016-10-07,820,2.6,27.06,21.12,24.09,85.06,820.0,820.0,820.0,820.0,820.0,820.0,0.32,26.14,85.29,2.0200000000001,5.839999999999971,0.0,0.0,0.0,0.0
2016-10-08,820,3.46,26.68,21.46,24.07,87.61,820.0,820.0,820.0,820.0,820.0,820.0,2.6,27.06,85.06,3.6000000000001,6.449999999999971,1.0,0.0,0.0,0.0
2016-10-09,820,12.05,25.74,21.86,23.8,89.33,820.0,820.0,820.0,820.0,820.0,820.0,3.46,26.68,87.61,6.3800000000001,8.44999999999997,2.0,0.0,0.0,0.0
2016-10-10,820,13.3,26.24,22.24,24.24,88.12,820.0,820.0,820.0,820.0,820.0,820.0,12.05,25.74,89.33,18.1100000000001,20.25999999999997,3.0,0.0,0.0,0.0
2016-10-11,420,27.12,26.32,22.8,24.56,92.32,820.0,820.0,820.0,820.0,820.0,820.0,13.3,26.24,88.12,28.8100000000001,33.42999999999997,4.0,0.0,0.0,0.0
2016-10-12,210,10.28,27.26,22.62,24.94,88.67,420.0,820.0,820.0,820.0,686.67,762.86,27.12,26.32,92.32,52.4700000000001,59.52999999999997,5.0,0.0,0.0,0.0
2016-10-13,350,4.18,27.52,22.82,25.17,90.22,210.0,420.0,820.0,820.0,483.33,675.71,10.28,27.26,88.67,50.7000000000001,69.12999999999997,6.0,0.0,0.0,0.0
2016-10-14,520,2.76,28.88,21.4,25.14,85.26,350.0,210.0,420.0,820.0,326.67,608.57,4.18,27.52,90.22,41.5800000000001,72.98999999999998,7.0,0.0,0.0,0.0
2016-10-15,720,0.03,28.68,19.61,24.15,77.82,520.0,350.0,210.0,820.0,360.0,565.71,2.76,28.88,85.26,17.2200000000001,73.14999999999998,8.0,0.0,0.0,0.0
2016-10-16,460,0.0,28.66,19.2,23.93,79.24,720.0,520.0,350.0,820.0,530.0,551.43,0.03,28.68,77.82,6.970000000000099,69.71999999999997,0.0,0.0,0.0,0.0
2016-10-17,820,0.0,28.77,19.03,23.9,80.05,460.0,720.0,520.0,820.0,566.67,500.0,0.0,28.66,79.24,2.790000000000099,57.66999999999997,0.0,0.0,0.0,0.0
2016-10-18,720,0.0,28.12,20.08,24.1,80.26,820.0,460.0,720.0,420.0,666.67,500.0,0.0,28.77,80.05,0.030000000000099475,44.369999999999976,0.0,0.0,0.0,0.0
2016-10-19,820,0.0,28.21,20.55,24.38,81.02,720.0,820.0,460.0,210.0,666.67,542.86,0.0,28.12,80.26,0.0,17.24999999999997,0.0,0.0,0.0,0.0
2016-10-20,330,0.0,28.08,20.14,24.11,81.22,820.0,720.0,820.0,350.0,786.67,630.0,0.0,28.21,81.02,0.0,6.969999999999971,0.0,0.0,0.0,0.0
2016-10-21,620,0.0,28.47,20.09,24.28,80.42,330.0,820.0,720.0,520.0,623.33,627.14,0.0,28.08,81.22,0.0,2.789999999999971,0.0,0.0,0.0,0.0
2016-10-22,620,0.0,27.91,20.45,24.18,80.1,620.0,330.0,820.0,720.0,590.0,641.43,0.0,28.47,80.42,0.0,0.029999999999971577,0.0,0.0,0.0,0.0
2016-10-23,420,0.0,27.34,20.54,23.94,77.98,620.0,620.0,330.0,460.0,523.33,627.14,0.0,27.91,80.1,0.0,0.0,0.0,0.0,0.0,0.0
2016-10-24,420,0.0,27.21,21.29,24.25,82.23,420.0,620.0,620.0,820.0,553.33,621.43,0.0,27.34,77.98,0.0,0.0,0.0,0.0,0.0,0.0
2016-10-25,330,0.0,27.77,20.95,24.36,83.05,420.0,420.0,620.0,720.0,486.67,564.29,0.0,27.21,82.23,0.0,0.0,0.0,0.0,0.0,0.0
2016-10-26,460,0.0,29.32,19.62,24.47,78.61,330.0,420.0,420.0,820.0,390.0,508.57,0.0,27.77,83.05,0.0,0.0,0.0,0.0,0.0,0.0
2016-10-27,460,0.0,29.42,19.06,24.24,77.19,460.0,330.0,420.0,330.0,403.33,457.14,0.0,29.32,78.61,0.0,0.0,0.0,0.0,0.0,0.0
2016-10-28,720,0.0,29.03,20.83,24.93,72.65,460.0,460.0,330.0,620.0,416.67,475.71,0.0,29.42,77.19,0.0,0.0,0.0,0.0,0.0,0.0
2016-10-29,820,0.0,28.08,20.3,24.19,73.89,720.0,460.0,460.0,620.0,546.67,490.0,0.0,29.03,72.65,0.0,0.0,0.0,0.0,0.0,0.0
2016-10-30,820,0.08,29.68,20.68,25.18,79.66,820.0,720.0,460.0,420.0,666.67,518.57,0.0,28.08,73.89,0.0,0.0,0.0,0.0,0.0,0.0
2016-10-31,820,0.69,29.62,22.2,25.91,80.01,820.0,820.0,720.0,420.0,786.67,575.71,0.08,29.68,79.66,0.08000000000009948,0.07999999999997158,0.0,0.0,0.0,0.0
2016-11-01,820,2.63,29.28,22.54,25.91,82.72,820.0,820.0,820.0,330.0,820.0,632.86,0.69,29.62,80.01,0.7700000000000994,0.7699999999999715,0.0,0.0,0.0,0.0
2016-11-02,820,0.14,28.96,22.24,25.6,80.46,820.0,820.0,820.0,460.0,820.0,702.86,2.63,29.28,82.72,3.4000000000000994,3.3999999999999715,1.0,0.0,0.0,0.0
2016-11-03,820,0.15,29.62,22.02,25.82,82.43,820.0,820.0,820.0,460.0,820.0,754.29,0.14,28.96,80.46,3.4600000000000994,3.5399999999999716,0.0,0.0,0.0,0.0
2016-11-04,820,0.04,29.24,21.28,25.26,80.97,820.0,820.0,820.0,720.0,820.0,805.71,0.15,29.62,82.43,2.9200000000000994,3.6899999999999715,0.0,0.0,0.0,0.0
2016-11-05,820,0.0,27.72,18.89,23.3,76.51,820.0,820.0,820.0,820.0,820.0,820.0,0.04,29.24,80.97,0.3300000000000995,3.7299999999999716,0.0,0.0,0.0,0.0
2016-11-06,820,0.0,26.98,18.62,22.8,71.22,820.0,820.0,820.0,820.0,820.0,820.0,0.0,27.72,76.51,0.19000000000009948,3.7299999999999716,0.0,0.0,0.0,0.0
2016-11-07,520,0.0,27.99,18.31,23.15,76.16,820.0,820.0,820.0,820.0,820.0,820.0,0.0,26.98,71.22,0.04000000000009948,3.6499999999999715,0.0,0.0,0.0,0.0
2016-11-08,620,0.0,28.81,18.19,23.5,66.26,520.0,820.0,820.0,820.0,720.0,777.14,0.0,27.99,76.16,0.0,2.9599999999999715,0.0,0.0,0.0,0.0
2016-11-09,310,0.0,29.19,17.67,23.43,68.15,620.0,520.0,820.0,820.0,653.33,748.57,0.0,28.81,66.26,0.0,0.3299999999999716,0.0,0.0,0.0,0.0
2016-11-10,420,0.0,27.9,18.72,23.31,71.15,310.0,620.0,520.0,820.0,483.33,675.71,0.0,29.19,68.15,0.0,0.18999999999997158,0.0,0.0,0.0,0.0
2016-11-11,620,0.0,27.61,19.05,23.33,72.41,420.0,310.0,620.0,820.0,450.0,618.57,0.0,27.9,71.15,0.0,0.03999999999997158,0.0,0.0,0.0,0.0
2016-11-12,820,0.0,28.36,19.86,24.11,72.54,620.0,420.0,310.0,820.0,450.0,590.0,0.0,27.61,72.41,0.0,0.0,0.0,0.0,0.0,0.0
2016-11-13,250,0.21,28.58,20.52,24.55,78.56,820.0,620.0,420.0,820.0,620.0,590.0,0.0,28.36,72.54,0.0,0.0,0.0,0.0,0.0,0.0
2016-11-14,350,1.31,29.52,21.42,25.47,81.9,250.0,820.0,620.0,520.0,563.33,508.57,0.21,28.58,78.56,0.21000000000009947,0.20999999999997157,0.0,0.0,0.0,0.0
2016-11-15,210,1.35,29.22,22.12,25.67,81.13,350.0,250.0,820.0,620.0,473.33,484.29,1.31,29.52,81.9,1.5200000000000995,1.5199999999999716,1.0,0.0,0.0,0.0
2016-11-16,170,0.17,29.71,21.65,25.68,77.52,210.0,350.0,250.0,310.0,270.0,425.71,1.35,29.22,81.13,2.8700000000000996,2.8699999999999717,2.0,0.0,0.0,0.0
2016-11-17,170,0.0,30.53,21.21,25.87,75.49,170.0,210.0,350.0,420.0,243.33,405.71,0.17,29.71,77.52,2.8300000000000995,3.0399999999999716,0.0,0.0,0.0,0.0
2016-11-18,250,0.0,30.32,20.22,25.27,72.06,170.0,170.0,210.0,620.0,183.33,370.0,0.0,30.53,75.49,1.5200000000000995,3.0399999999999716,0.0,0.0,0.0,0.0
2016-11-19,260,0.0,30.26,20.1,25.18,72.35,250.0,170.0,170.0,820.0,196.67,317.14,0.0,30.32,72.06,0.1700000000000995,3.0399999999999716,0.0,0.0,0.0,0.0
2016-11-20,210,0.0,27.36,20.38,23.87,75.43,260.0,250.0,170.0,250.0,226.67,237.14,0.0,30.26,72.35,0.0,3.0399999999999716,0.0,0.0,0.0,0.0
2016-11-21,330,0.0,29.42,19.47,24.44,69.3,210.0,260.0,250.0,350.0,240.0,231.43,0.0,27.36,75.43,0.0,2.8299999999999716,0.0,0.0,0.0,0.0
2016-11-22,520,0.0,29.05,18.89,23.97,74.14,330.0,210.0,260.0,210.0,266.67,228.57,0.0,29.42,69.3,0.0,1.5199999999999716,0.0,0.0,0.0,0.0
2016-11-23,420,0.0,28.87,17.81,23.34,67.21,520.0,330.0,210.0,170.0,353.33,272.86,0.0,29.05,74.14,0.0,0.1699999999999716,0.0,0.0,0.0,0.0
2016-11-24,520,0.0,29.16,17.34,23.25,66.95,420.0,520.0,330.0,170.0,423.33,308.57,0.0,28.87,67.21,0.0,0.0,0.0,0.0,0.0,0.0
2016-11-25,420,0.0,29.43,17.83,23.63,63.66,520.0,420.0,520.0,250.0,486.67,358.57,0.0,29.16,66.95,0.0,0.0,0.0,0.0,0.0,0.0
2016-11-26,820,0.0,28.98,18.64,23.81,66.77,420.0,520.0,420.0,260.0,453.33,382.86,0.0,29.43,63.66,0.0,0.0,0.0,0.0,0.0,0.0
2016-11-27,330,0.0,29.49,16.71,23.1,62.03,820.0,420.0,520.0,210.0,586.67,462.86,0.0,28.98,66.77,0.0,0.0,0.0,0.0,0.0,0.0
2016-11-28,420,0.0,30.41,17.23,23.82,65.01,330.0,820.0,420.0,330.0,523.33,480.0,0.0,29.49,62.03,0.0,0.0,0.0,0.0,0.0,0.0
2016-11-29,330,0.0,28.66,17.72,23.19,69.62,420.0,330.0,820.0,520.0,523.33,492.86,0.0,30.41,65.01,0.0,0.0,0.0,0.0,0.0,0.0
2016-11-30,420,0.0,28.94,17.74,23.34,62.61,330.0,420.0,330.0,420.0,360.0,465.71,0.0,28.66,69.62,0.0,0.0,0.0,0.0,0.0,0.0
2016-12-01,620,0.0,29.2,17.76,23.48,65.91,420.0,330.0,420.0,520.0,390.0,465.71,0.0,28.94,62.61,0.0,0.0,0.0,0.0,0.0,0.0
2016-12-02,820,0.92,30.32,19.18,24.75,76.32,620.0,420.0,330.0,420.0,456.67,480.0,0.0,29.2,65.91,0.0,0.0,0.0,0.0,0.0,0.0
2016-12-03,820,0.75,29.93,21.01,25.47,79.06,820.0,620.0,420.0,820.0,620.0,537.14,0.92,30.32,76.32,0.9200000000000995,0.9199999999999716,0.0,0.0,0.0,0.0
2016-12-04,420,0.08,27.9,21.48,24.69,81.26,820.0,820.0,620.0,330.0,753.33,537.14,0.75,29.93,79.06,1.6700000000000994,1.6699999999999715,0.0,0.0,0.0,0.0
2016-12-05,520,0.41,28.86,21.18,25.02,78.72,420.0,820.0,820.0,420.0,686.67,550.0,0.08,27.9,81.26,1.7500000000000995,1.7499999999999716,0.0,0.0,0.0,0.0
2016-12-06,420,0.01,29.66,19.12,24.39,70.44,520.0,420.0,820.0,330.0,586.67,564.29,0.41,28.86,78.72,1.2400000000000995,2.1599999999999717,0.0,0.0,0.0,0.0
2016-12-07,520,0.0,28.72,18.48,23.6,68.23,420.0,520.0,420.0,420.0,453.33,577.14,0.01,29.66,70.44,0.5000000000000995,2.1699999999999715,0.0,0.0,0.0,0.0
2016-12-08,620,0.0,28.74,19.24,23.99,72.42,520.0,420.0,520.0,620.0,486.67,591.43,0.0,28.72,68.23,0.42000000000009946,2.1699999999999715,0.0,0.0,0.0,0.0
2016-12-09,420,0.0,28.16,17.12,22.64,69.67,620.0,520.0,420.0,820.0,520.0,591.43,0.0,28.74,72.42,0.010000000000099476,2.1699999999999715,0.0,0.0,0.0,0.0
2016-12-10,330,0.0,27.5,15.21,21.35,67.84,420.0,620.0,520.0,820.0,520.0,534.29,0.0,28.16,69.67,0.0,1.2499999999999716,0.0,0.0,0.0,0.0
2016-12-11,330,0.0,27.79,15.11,21.45,63.26,330.0,420.0,620.0,420.0,456.67,464.29,0.0,27.5,67.84,0.0,0.4999999999999716,0.0,0.0,0.0,0.0
2016-12-12,720,1.16,28.82,16.94,22.88,64.83,330.0,330.0,420.0,520.0,360.0,451.43,0.0,27.79,63.26,0.0,0.41999999999997156,0.0,0.0,0.0,0.0
2016-12-13,820,4.92,27.61,18.77,23.19,80.87,720.0,330.0,330.0,420.0,460.0,480.0,1.16,28.82,64.83,1.1600000000000994,1.1699999999999715,1.0,0.0,0.0,0.0
2016-12-14,620,2.58,27.28,21.02,24.15,83.84,820.0,720.0,330.0,520.0,623.33,537.14,4.92,27.61,80.87,6.0800000000000995,6.079999999999972,2.0,0.0,0.0,0.0
2016-12-15,520,0.11,29.2,20.2,24.7,75.91,620.0,820.0,720.0,620.0,720.0,551.43,2.58,27.28,83.84,8.6600000000001,8.659999999999972,3.0,0.0,0.0,0.0
2016-12-16,620,0.02,29.78,20.18,24.98,71.38,520.0,620.0,820.0,420.0,653.33,537.14,0.11,29.2,75.91,7.6100000000001,8.769999999999971,0.0,0.0,0.0,0.0
2016-12-17,420,0.0,29.24,20.46,24.85,76.41,620.0,520.0,620.0,330.0,586.67,565.71,0.02,29.78,71.38,2.7100000000000994,8.789999999999973,0.0,0.0,0.0,0.0
2016-12-18,520,0.0,29.62,18.88,24.25,68.01,420.0,620.0,520.0,330.0,520.0,578.57,0.0,29.24,76.41,0.13000000000009948,8.789999999999973,0.0,0.0,0.0,0.0
2016-12-19,420,0.0,29.03,17.33,23.18,65.02,520.0,420.0,620.0,720.0,520.0,605.71,0.0,29.62,68.01,0.020000000000099476,8.789999999999973,0.0,0.0,0.0,0.0
2016-12-20,720,0.0,29.51,16.34,22.92,62.04,420.0,520.0,420.0,820.0,453.33,562.86,0.0,29.03,65.02,0.0,7.6299999999999715,0.0,0.0,0.0,0.0
2016-12-21,720,0.0,29.32,17.12,23.22,66.79,720.0,420.0,520.0,620.0,553.33,548.57,0.0,29.51,62.04,0.0,2.7099999999999715,0.0,0.0,0.0,0.0
2016-12-22,820,0.0,29.92,16.46,23.19,58.3,720.0,720.0,420.0,520.0,620.0,562.86,0.0,29.32,66.79,0.0,0.12999999999997158,0.0,0.0,0.0,0.0
2016-12-23,660,0.0,29.28,16.01,22.64,54.88,820.0,720.0,720.0,620.0,753.33,605.71,0.0,29.92,58.3,0.0,0.01999999999997158,0.0,0.0,0.0,0.0
2016-12-24,660,0.0,29.94,16.08,23.01,55.99,660.0,820.0,720.0,420.0,733.33,611.43,0.0,29.28,54.88,0.0,0.0,0.0,0.0,0.0,0.0
2016-12-25,720,0.0,28.62,17.42,23.02,69.66,660.0,660.0,820.0,520.0,713.33,645.71,0.0,29.94,55.99,0.0,0.0,0.0,0.0,0.0,0.0
2016-12-26,520,0.0,28.94,16.81,22.88,60.9,720.0,660.0,660.0,420.0,680.0,674.29,0.0,28.62,69.66,0.0,0.0,0.0,0.0,0.0,0.0
2016-12-27,420,0.0,30.22,16.24,23.23,54.4,520.0,720.0,660.0,720.0,633.33,688.57,0.0,28.94,60.9,0.0,0.0,0.0,0.0,0.0,0.0
2016-12-28,420,0.0,30.52,17.02,23.77,54.66,420.0,520.0,720.0,720.0,553.33,645.71,0.0,30.22,54.4,0.0,0.0,0.0,0.0,0.0,0.0
2016-12-29,460,0.0,29.84,16.69,23.26,57.48,420.0,420.0,520.0,820.0,453.33,602.86,0.0,30.52,54.66,0.0,0.0,0.0,0.0,0.0,0.0
2016-12-30,520,0.0,29.64,16.9,23.27,60.39,460.0,420.0,420.0,660.0,433.33,551.43,0.0,29.84,57.48,0.0,0.0,0.0,0.0,0.0,0.0
2016-12-31,820,0.0,29.36,17.58,23.47,59.84,520.0,460.0,420.0,660.0,466.67,531.43,0.0,29.64,60.39,0.0,0.0,0.0,0.0,0.0,0.0
