DATE,PRICE_INR,RAINFALL_MM,MAX_TEMP_C,MIN_TEMP_C,MEAN_TEMP_C,HUMIDITY_PERCENT
2010-01-01,404,0.0,26.88,22.08,24.48,81.12
2010-01-02,404,0.0,29.25,19.39,24.32,74.47
2010-01-03,404,0.0,28.28,18.36,23.32,72.39
2010-01-04,404,0.0,28.51,17.85,23.18,68.85
2010-01-05,404,0.0,29.06,17.98,23.52,68.83
2010-01-06,404,0.0,28.46,18.1,23.28,69.77
2010-01-07,404,0.0,28.08,18.58,23.33,71.0
2010-01-08,404,0.0,28.53,19.08,23.81,71.71
2010-01-09,404,0.0,29.19,20.77,24.98,75.18
2010-01-10,244,0.0,28.66,21.94,25.3,80.88
2010-01-11,144,0.27,27.76,21.92,24.84,82.83
2010-01-12,144,0.54,27.42,21.52,24.47,82.78
2010-01-13,184,0.16,28.58,21.52,25.05,80.88
2010-01-14,244,0.56,27.34,21.8,24.57,82.9
2010-01-15,164,0.03,27.08,21.04,24.06,81.96
2010-01-16,164,0.0,28.72,18.5,23.61,71.34
2010-01-17,144,0.0,29.15,18.42,23.78,72.48
2010-01-18,144,0.0,28.81,18.83,23.82,71.79
2010-01-19,122,0.0,29.34,19.38,24.36,70.48
2010-01-20,224,0.0,28.62,19.2,23.91,73.99
2010-01-21,244,0.0,28.45,16.33,22.39,64.81
2010-01-22,164,0.0,28.47,16.09,22.28,64.49
2010-01-23,102,0.0,28.33,16.07,22.2,64.42
2010-01-24,144,0.0,28.17,16.89,22.53,70.03
2010-01-25,164,0.0,27.94,17.68,22.81,64.73
2010-01-26,164,0.0,28.28,18.02,23.15,67.89
2010-01-27,204,0.0,28.56,18.62,23.59,71.24
2010-01-28,224,0.0,28.92,19.02,23.97,75.28
2010-01-29,244,0.0,29.12,19.52,24.32,71.32
2010-01-30,204,0.0,29.67,19.43,24.55,68.37
2010-01-31,184,0.0,29.12,19.08,24.1,68.17
2010-02-01,202,0.0,29.16,19.19,24.17,69.25
2010-02-02,204,0.0,28.7,18.7,23.7,68.34
2010-02-03,224,0.0,28.94,17.74,23.34,68.89
2010-02-04,404,0.0,28.47,17.29,22.88,68.98
2010-02-05,404,0.0,29.33,17.33,23.33,62.01
2010-02-06,404,0.0,29.08,17.1,23.09,58.37
2010-02-07,324,0.0,29.44,18.45,23.95,59.84
2010-02-08,304,0.0,29.76,18.6,24.18,69.41
2010-02-09,284,0.0,29.72,19.39,24.55,72.95
2010-02-10,404,0.0,29.24,20.66,24.95,74.57
2010-02-11,404,0.0,29.98,21.38,25.68,74.77
2010-02-12,404,0.0,30.24,21.88,26.06,74.56
2010-02-13,344,0.0,30.48,21.84,26.16,72.37
2010-02-14,344,0.0,30.94,21.88,26.41,72.15
2010-02-15,324,0.0,31.38,21.52,26.45,67.8
2010-02-16,404,0.0,32.02,21.06,26.54,63.29
2010-02-17,404,0.0,32.03,20.81,26.42,67.14
2010-02-18,404,0.0,31.84,21.66,26.75,70.58
2010-02-19,204,0.0,31.44,22.62,27.03,71.92
2010-02-20,204,0.0,30.4,22.88,26.64,74.76
2010-02-21,224,0.0,31.96,22.16,27.06,70.45
2010-02-22,102,0.0,32.42,21.7,27.06,66.08
2010-02-23,122,0.0,31.3,21.74,26.52,68.97
2010-02-24,102,0.0,31.12,20.46,25.79,65.87
2010-02-25,122,0.0,31.73,20.21,25.97,59.98
2010-02-26,144,0.0,32.08,20.68,26.38,60.3
2010-02-27,304,0.0,33.36,21.06,27.21,57.54
2010-02-28,304,0.0,32.07,21.33,26.7,69.61
2010-03-01,102,0.0,32.19,21.69,26.94,69.15
2010-03-02,102,0.0,31.45,22.15,26.8,72.75
2010-03-03,164,0.0,31.65,22.47,27.06,71.0
2010-03-04,122,0.0,31.54,22.12,26.83,67.73
2010-03-05,184,0.0,31.38,21.83,26.6,65.46
2010-03-06,184,0.0,30.68,21.2,25.94,68.08
2010-03-07,122,0.0,31.88,21.16,26.52,67.33
2010-03-08,102,0.0,34.41,21.59,28.0,62.73
2010-03-09,82,0.0,33.04,22.8,27.92,66.27
2010-03-10,82,0.0,33.7,22.26,27.98,64.38
2010-03-11,82,0.0,35.1,22.42,28.76,57.47
2010-03-12,102,0.0,34.58,22.48,28.53,54.48
2010-03-13,164,0.0,29.68,22.5,26.09,60.62
2010-03-14,144,0.0,31.83,22.29,27.06,64.54
2010-03-15,144,0.0,33.16,22.74,27.95,63.79
2010-03-16,122,1.17,32.04,23.32,27.68,66.84
2010-03-17,122,1.24,32.14,23.02,27.58,62.41
2010-03-18,164,0.0,33.7,21.4,27.55,54.03
2010-03-19,144,0.0,34.21,21.13,27.67,59.87
2010-03-20,102,0.0,33.77,21.89,27.83,62.63
2010-03-21,122,0.0,33.77,21.55,27.66,63.72
2010-03-22,102,0.0,32.98,22.42,27.7,65.93
2010-03-23,102,0.0,33.34,23.34,28.34,64.5
2010-03-24,102,0.0,33.78,23.08,28.43,65.71
2010-03-25,82,0.0,34.19,22.85,28.52,61.53
2010-03-26,82,0.0,33.35,23.31,28.33,66.84
2010-03-27,82,0.0,33.05,23.51,28.28,68.38
2010-03-28,144,0.0,34.6,23.34,28.97,67.07
2010-03-29,144,1.61,32.93,23.92,28.42,69.73
2010-03-30,184,0.2,32.77,23.69,28.23,67.95
2010-03-31,244,0.01,32.62,22.76,27.69,65.86
2010-04-01,184,0.0,34.05,21.69,27.87,62.97
2010-04-02,204,0.0,34.2,21.56,27.88,62.23
2010-04-03,224,0.0,36.16,22.36,29.26,59.18
2010-04-04,404,0.0,32.31,24.27,28.29,72.03
2010-04-05,144,0.0,30.48,24.74,27.61,74.73
2010-04-06,102,0.0,30.26,24.62,27.44,75.54
2010-04-07,204,0.0,32.5,24.5,28.5,69.21
2010-04-08,164,1.38,32.42,23.72,28.07,69.07
2010-04-09,122,0.06,33.96,23.62,28.79,66.93
2010-04-10,164,0.0,30.64,24.18,27.41,73.26
2010-04-11,102,0.0,31.84,24.36,28.1,71.81
2010-04-12,82,5.08,30.0,24.68,27.34,78.4
2010-04-13,144,0.39,29.07,24.51,26.79,81.45
2010-04-14,102,8.66,29.88,24.04,26.96,77.97
2010-04-15,102,0.57,32.39,24.18,28.29,76.02
2010-04-16,122,0.11,31.72,24.72,28.22,75.23
2010-04-17,122,3.99,29.8,24.8,27.3,80.15
2010-04-18,144,4.71,28.56,24.64,26.6,85.1
2010-04-19,82,0.56,28.49,24.58,26.54,84.49
2010-04-20,102,0.0,30.34,23.82,27.08,77.83
2010-04-21,102,0.28,30.51,24.15,27.33,76.24
2010-04-22,122,4.21,32.43,24.05,28.24,74.8
2010-04-23,122,2.96,32.45,24.47,28.46,75.62
2010-04-24,122,1.04,30.62,24.86,27.74,79.31
2010-04-25,164,0.1,31.7,24.54,28.12,75.85
2010-04-26,122,2.9,32.2,24.54,28.37,75.54
2010-04-27,122,2.94,32.02,24.78,28.4,75.61
2010-04-28,164,2.29,29.81,24.81,27.31,80.02
2010-04-29,164,0.24,32.08,24.76,28.42,74.92
2010-04-30,144,1.63,30.1,24.16,27.13,68.33
2010-05-01,204,0.08,31.88,23.78,27.83,66.83
2010-05-02,122,2.28,32.93,23.93,28.43,70.51
2010-05-03,82,0.1,33.5,24.4,28.95,70.65
2010-05-04,102,0.0,32.93,24.39,28.66,71.6
2010-05-05,102,0.0,32.22,24.56,28.39,72.79
2010-05-06,102,0.02,34.04,24.64,29.34,68.52
2010-05-07,102,20.14,32.48,25.12,28.8,76.93
2010-05-08,82,6.7,29.79,25.73,27.76,81.98
2010-05-09,82,0.97,31.02,25.56,28.29,80.61
2010-05-10,62,0.52,31.31,25.25,28.28,77.48
2010-05-11,82,18.33,27.98,24.88,26.43,87.06
2010-05-12,82,0.98,28.52,24.22,26.37,79.22
2010-05-13,102,0.0,31.3,24.76,28.03,77.57
2010-05-14,144,0.0,31.14,24.96,28.05,75.18
2010-05-15,304,0.0,31.39,25.07,28.23,77.5
2010-05-16,82,0.2,28.81,24.71,26.76,82.52
2010-05-17,62,0.15,30.8,24.64,27.72,75.17
2010-05-18,102,18.21,32.06,24.3,28.18,78.92
2010-05-19,204,18.56,28.38,25.6,26.99,86.67
2010-05-20,164,1.15,28.64,25.9,27.27,85.32
2010-05-21,184,1.72,28.7,25.68,27.19,85.46
2010-05-22,184,1.55,28.84,24.74,26.79,84.55
2010-05-23,304,0.61,29.38,25.14,27.26,83.98
2010-05-24,224,0.05,28.94,25.14,27.04,83.55
2010-05-25,404,0.25,27.9,25.32,26.61,85.79
2010-05-26,264,0.3,28.49,24.98,26.74,83.86
2010-05-27,284,0.04,29.43,24.81,27.12,82.89
2010-05-28,244,0.0,31.27,24.47,27.87,77.23
2010-05-29,164,0.23,30.07,25.23,27.65,81.18
2010-05-30,102,12.29,27.84,24.22,26.03,83.4
2010-05-31,70,8.1,28.22,24.26,26.24,83.87
2010-06-01,144,1.33,29.42,24.2,26.81,78.84
2010-06-02,82,3.87,30.49,23.97,27.23,80.21
2010-06-03,70,0.95,29.74,24.16,26.95,81.39
2010-06-04,70,5.44,31.74,24.26,28.0,78.09
2010-06-05,122,7.3,29.4,24.3,26.85,79.46
2010-06-06,62,9.57,29.09,23.47,26.28,78.89
2010-06-07,50,6.24,27.04,23.28,25.16,79.19
2010-06-08,62,4.47,28.77,23.03,25.9,79.93
2010-06-09,62,13.4,29.2,23.51,26.35,82.64
2010-06-10,50,3.61,29.51,23.89,26.7,83.81
2010-06-11,62,33.46,28.88,23.72,26.3,86.73
2010-06-12,70,46.83,27.08,24.2,25.64,88.71
2010-06-13,102,44.98,27.94,24.28,26.11,86.88
2010-06-14,82,87.14,27.22,23.86,25.54,87.34
2010-06-15,144,49.42,26.14,24.04,25.09,90.07
2010-06-16,82,44.67,27.84,24.2,26.02,89.4
2010-06-17,70,56.58,27.22,23.85,25.53,86.49
2010-06-18,102,25.47,27.5,24.02,25.76,88.67
2010-06-19,304,18.76,27.48,24.34,25.91,89.85
2010-06-20,102,2.66,27.44,23.86,25.65,87.73
2010-06-21,102,8.43,27.68,23.48,25.58,88.3
2010-06-22,82,42.12,27.33,23.61,25.47,89.7
2010-06-23,102,32.22,26.92,24.18,25.55,88.87
2010-06-24,164,64.33,26.22,23.96,25.09,91.63
2010-06-25,144,100.2,26.26,23.78,25.02,90.45
2010-06-26,144,54.63,27.31,24.54,25.92,91.39
2010-06-27,164,6.07,27.41,23.37,25.39,90.3
2010-06-28,144,14.16,28.21,23.85,26.03,89.74
2010-06-29,82,10.82,27.58,24.44,26.01,88.9
2010-06-30,70,16.48,26.98,23.76,25.37,90.77
2010-07-01,82,77.99,25.69,21.91,23.8,89.71
2010-07-02,164,24.7,24.74,22.6,23.67,90.6
2010-07-03,404,34.3,25.66,22.76,24.21,88.16
2010-07-04,324,84.28,26.27,22.81,24.54,91.67
2010-07-05,144,43.46,25.52,23.06,24.29,90.69
2010-07-06,144,41.19,25.71,22.75,24.23,91.4
2010-07-07,224,50.53,25.2,22.38,23.79,92.37
2010-07-08,184,10.47,26.36,21.68,24.02,87.38
2010-07-09,184,2.51,26.84,21.56,24.2,85.29
2010-07-10,204,3.59,28.08,22.54,25.31,86.88
2010-07-11,204,2.73,28.0,23.36,25.68,88.59
2010-07-12,244,3.54,26.5,23.16,24.83,90.85
2010-07-13,404,5.39,25.24,21.88,23.56,86.51
2010-07-14,404,9.07,25.4,22.12,23.76,88.82
2010-07-15,404,71.56,26.37,21.89,24.13,89.09
2010-07-16,404,57.76,25.72,22.46,24.09,92.07
2010-07-17,404,33.51,25.28,22.6,23.94,90.21
2010-07-18,164,48.84,25.72,23.26,24.49,90.87
2010-07-19,164,105.03,25.98,23.88,24.93,93.0
2010-07-20,102,86.52,25.41,23.69,24.55,92.88
2010-07-21,122,73.79,25.4,22.92,24.16,93.85
2010-07-22,204,29.51,25.34,22.66,24.0,92.28
2010-07-23,144,14.71,26.05,23.05,24.55,91.68
2010-07-24,184,38.22,25.28,23.51,24.4,92.64
2010-07-25,184,36.88,25.45,23.43,24.44,93.34
2010-07-26,184,33.63,25.46,23.3,24.38,91.79
2010-07-27,144,46.28,26.12,23.42,24.77,92.1
2010-07-28,144,47.5,25.56,23.33,24.44,93.57
2010-07-29,122,154.45,25.0,22.72,23.86,94.13
2010-07-30,244,120.53,25.1,22.58,23.84,92.82
2010-07-31,22,66.33,25.78,22.74,24.26,91.27
2010-08-01,144,18.09,25.96,22.76,24.36,90.68
2010-08-02,144,11.12,26.42,22.9,24.66,91.42
2010-08-03,122,18.68,25.56,23.3,24.43,93.49
2010-08-04,102,8.55,25.16,23.54,24.35,93.87
2010-08-05,204,6.48,26.33,22.97,24.65,91.29
2010-08-06,144,14.52,26.59,23.25,24.92,90.86
2010-08-07,122,14.93,26.2,23.6,24.9,92.08
2010-08-08,122,6.2,26.8,23.42,25.11,90.48
2010-08-09,144,1.19,27.14,22.76,24.95,88.41
2010-08-10,102,13.68,27.28,22.62,24.95,87.84
2010-08-11,102,14.06,26.87,23.27,25.07,89.28
2010-08-12,164,17.73,26.57,23.31,24.94,91.76
2010-08-13,304,13.79,26.28,22.62,24.45,91.3
2010-08-14,224,5.21,26.44,22.76,24.6,91.52
2010-08-15,324,27.94,25.94,23.2,24.57,93.28
2010-08-16,364,50.31,25.38,22.5,23.94,94.58
2010-08-17,344,38.48,25.7,22.28,23.99,91.96
2010-08-18,404,13.71,25.15,22.39,23.77,92.9
2010-08-19,404,11.84,25.65,22.42,24.04,92.08
2010-08-20,404,5.01,25.37,21.97,23.67,91.82
2010-08-21,404,35.29,25.39,21.73,23.56,92.22
2010-08-22,405,36.15,25.56,21.96,23.76,92.88
2010-08-23,405,21.59,25.7,22.58,24.14,93.28
2010-08-24,265,63.24,24.81,22.33,23.57,94.3
2010-08-25,265,50.77,23.98,22.42,23.2,93.76
2010-08-26,325,39.37,25.35,22.58,23.96,93.16
2010-08-27,405,24.45,25.35,23.03,24.19,94.02
2010-08-28,405,9.07,26.45,22.89,24.67,92.97
2010-08-29,165,9.19,25.66,23.04,24.35,94.18
2010-08-30,185,69.55,25.04,21.58,23.31,94.02
2010-08-31,145,10.2,24.85,21.62,23.24,93.47
2010-09-01,205,12.81,25.51,22.19,23.85,92.17
2010-09-02,145,11.36,26.35,22.26,24.31,90.68
2010-09-03,85,14.81,25.53,22.65,24.09,92.66
2010-09-04,85,13.74,25.61,22.61,24.11,91.92
2010-09-05,85,14.48,25.68,22.9,24.29,92.98
2010-09-06,165,37.38,25.68,22.9,24.29,92.55
2010-09-07,165,35.48,25.59,23.15,24.37,93.32
2010-09-08,245,31.96,26.18,23.1,24.64,92.02
2010-09-09,305,30.32,26.14,23.24,24.69,92.58
2010-09-10,405,57.44,25.82,23.0,24.41,92.79
2010-09-11,405,4.44,26.02,22.7,24.36,90.72
2010-09-12,245,7.96,26.6,22.44,24.52,90.63
2010-09-13,265,12.96,25.68,22.1,23.89,91.59
2010-09-14,365,58.2,25.31,21.54,23.42,90.05
2010-09-15,405,38.59,25.26,21.76,23.51,92.18
2010-09-16,405,21.77,25.03,21.41,23.22,87.86
2010-09-17,405,4.16,25.3,21.78,23.54,90.69
2010-09-18,405,2.56,25.89,21.85,23.87,88.81
2010-09-19,405,0.2,26.41,21.67,24.04,86.83
2010-09-20,405,0.0,27.13,21.69,24.41,83.89
2010-09-21,405,19.16,27.66,22.32,24.99,84.39
2010-09-22,405,3.44,26.56,22.46,24.51,88.51
2010-09-23,405,85.8,28.34,22.94,25.64,89.26
2010-09-24,405,12.76,27.66,22.88,25.27,87.84
2010-09-25,405,8.13,26.32,22.72,24.52,88.05
2010-09-26,325,6.15,28.83,22.87,25.85,86.1
2010-09-27,305,22.53,27.88,22.8,25.34,87.74
2010-09-28,145,10.85,28.38,22.7,25.54,87.28
2010-09-29,105,9.69,29.4,22.54,25.97,85.01
2010-09-30,50,15.56,27.98,22.84,25.41,83.66
2010-10-01,65,5.12,29.24,22.88,26.06,84.7
2010-10-02,105,30.39,26.99,22.89,24.94,89.07
2010-10-03,65,21.65,29.08,22.74,25.91,86.96
2010-10-04,65,2.44,28.36,22.96,25.66,85.89
2010-10-05,65,5.54,28.56,23.24,25.9,87.36
2010-10-06,125,15.02,26.36,23.28,24.82,90.92
2010-10-07,245,2.42,27.18,23.22,25.2,88.42
2010-10-08,245,1.09,27.56,23.52,25.54,88.03
2010-10-09,225,0.12,27.38,22.98,25.18,86.61
2010-10-10,185,0.0,27.68,22.7,25.19,85.06
2010-10-11,225,0.0,27.25,22.25,24.75,80.23
2010-10-12,305,1.48,27.16,22.08,24.62,82.77
2010-10-13,405,9.88,27.06,22.22,24.64,86.1
2010-10-14,405,6.01,26.21,22.55,24.38,88.69
2010-10-15,405,10.14,26.56,22.58,24.57,88.17
2010-10-16,405,22.52,25.91,22.53,24.22,88.29
2010-10-17,405,7.19,26.11,22.33,24.22,86.79
2010-10-18,245,8.63,26.48,22.3,24.39,86.96
2010-10-19,245,5.43,27.12,22.6,24.86,88.21
2010-10-20,405,0.74,26.72,23.0,24.86,88.58
2010-10-21,405,84.89,26.33,23.03,24.68,90.23
2010-10-22,365,67.78,25.54,23.44,24.49,91.57
2010-10-23,365,9.02,26.21,22.97,24.59,91.68
2010-10-24,325,4.41,26.78,22.22,24.5,88.92
2010-10-25,325,0.28,26.87,22.05,24.46,87.13
2010-10-26,405,24.2,27.91,22.67,25.29,86.88
2010-10-27,405,11.75,27.27,22.99,25.13,90.09
2010-10-28,405,0.07,27.99,21.53,24.76,85.59
2010-10-29,365,0.0,28.85,21.35,25.1,83.93
2010-10-30,405,2.32,28.9,21.54,25.22,82.45
2010-10-31,205,3.47,27.8,21.78,24.79,83.99
2010-11-01,265,5.19,28.28,21.92,25.1,83.55
2010-11-02,245,34.93,26.36,22.1,24.23,89.0
2010-11-03,405,5.42,26.66,22.32,24.49,87.24
2010-11-04,405,1.73,27.58,22.34,24.96,88.16
2010-11-05,405,12.81,26.56,20.84,23.7,79.99
2010-11-06,405,2.0,26.43,20.73,23.58,84.18
2010-11-07,405,27.51,25.88,21.66,23.77,86.18
2010-11-08,405,29.4,25.48,21.48,23.48,92.01
2010-11-09,405,12.47,27.43,21.43,24.43,88.58
2010-11-10,405,2.79,27.41,22.73,25.07,87.97
2010-11-11,405,48.3,25.32,21.92,23.62,92.18
2010-11-12,405,0.64,27.56,21.94,24.75,85.38
2010-11-13,405,12.17,28.3,22.6,25.45,87.22
2010-11-14,405,10.73,29.34,22.88,26.11,85.23
2010-11-15,405,8.54,27.64,22.65,25.15,88.83
2010-11-16,405,8.86,27.14,22.36,24.75,86.05
2010-11-17,405,21.52,25.95,22.95,24.45,86.51
2010-11-18,405,1.74,27.98,21.96,24.97,85.85
2010-11-19,405,12.56,27.82,21.76,24.79,82.06
2010-11-20,405,2.03,27.84,21.82,24.83,82.89
2010-11-21,405,1.75,26.21,21.61,23.91,87.81
2010-11-22,405,2.02,26.59,21.61,24.1,86.56
2010-11-23,405,4.38,26.3,22.3,24.3,86.72
2010-11-24,405,0.71,27.48,22.32,24.9,84.55
2010-11-25,405,0.0,28.13,22.37,25.25,79.8
2010-11-26,405,0.13,27.72,22.1,24.91,79.14
2010-11-27,405,0.01,27.67,21.26,24.47,78.32
2010-11-28,245,0.18,27.39,21.23,24.31,81.74
2010-11-29,405,0.04,28.31,20.51,24.41,79.1
2010-11-30,405,0.0,28.32,20.64,24.48,77.39
2010-12-01,405,0.0,28.63,21.81,25.22,77.78
2010-12-02,405,1.22,27.61,22.11,24.86,82.66
2010-12-03,405,0.02,27.71,21.41,24.56,77.51
2010-12-04,405,0.0,28.54,19.62,24.08,76.89
2010-12-05,405,0.0,25.98,18.1,22.04,75.6
2010-12-06,405,0.0,26.39,18.33,22.36,75.81
2010-12-07,405,0.0,28.04,20.52,24.28,78.34
2010-12-08,405,0.0,27.51,21.56,24.53,82.17
2010-12-09,405,0.02,26.51,21.93,24.22,85.12
2010-12-10,405,9.7,25.32,21.18,23.25,86.48
2010-12-11,405,0.94,25.8,19.94,22.87,84.84
2010-12-12,405,0.0,25.22,18.96,22.09,80.53
2010-12-13,405,0.0,25.26,18.38,21.82,78.52
2010-12-14,405,0.0,26.92,19.11,23.02,80.58
2010-12-15,405,0.04,27.34,20.98,24.16,82.36
2010-12-16,405,0.01,25.37,21.67,23.52,84.25
2010-12-17,305,0.05,25.56,21.72,23.64,83.78
2010-12-18,365,0.0,28.89,18.85,23.87,81.21
2010-12-19,405,0.0,25.45,17.29,21.37,75.23
2010-12-20,405,0.0,27.82,19.22,23.52,79.16
2010-12-21,305,0.0,28.95,17.05,23.0,76.65
2010-12-22,405,0.0,27.4,15.56,21.48,68.82
2010-12-23,405,0.0,27.92,16.14,22.03,63.06
2010-12-24,405,0.0,27.06,17.02,22.04,66.22
2010-12-25,405,0.0,27.76,17.67,22.72,68.83
2010-12-26,405,0.0,27.24,18.56,22.9,78.47
2010-12-27,405,0.0,26.18,19.22,22.7,81.12
2010-12-28,405,0.0,27.09,18.67,22.88,71.67
2010-12-29,405,0.02,28.64,19.51,24.08,73.99
2010-12-30,405,0.0,27.82,21.04,24.43,78.91
2010-12-31,405,0.01,27.36,20.16,23.76,80.71
2011-01-01,420,0.0,26.82,19.34,23.08,80.23
2011-01-02,420,0.0,26.98,19.37,23.17,81.76
2011-01-03,420,0.0,27.61,20.65,24.13,78.39
2011-01-04,420,0.0,28.23,20.43,24.33,75.72
2011-01-05,420,0.0,28.16,20.12,24.14,76.81
2011-01-06,420,0.0,28.24,18.76,23.5,73.66
2011-01-07,420,0.0,28.08,18.31,23.2,73.99
2011-01-08,420,0.0,28.62,18.06,23.34,74.79
2011-01-09,420,0.0,28.94,18.6,23.77,72.35
2011-01-10,420,0.0,29.19,16.67,22.93,66.65
2011-01-11,420,0.0,27.87,15.01,21.44,63.42
2011-01-12,420,0.0,27.8,15.32,21.56,58.31
2011-01-13,420,0.0,28.15,16.03,22.09,60.54
2011-01-14,420,0.0,27.79,16.09,21.94,64.0
2011-01-15,420,0.0,27.9,15.88,21.89,67.76
2011-01-16,420,0.0,29.2,16.6,22.9,66.86
2011-01-17,420,0.0,28.66,17.16,22.91,71.11
2011-01-18,420,0.0,28.96,17.18,23.07,65.26
2011-01-19,420,0.0,28.87,16.99,22.93,69.29
2011-01-20,420,0.0,29.66,16.88,23.27,63.72
2011-01-21,420,0.0,28.75,16.17,22.46,67.81
2011-01-22,420,0.0,28.99,16.83,22.91,68.24
2011-01-23,420,0.0,28.44,17.42,22.93,68.45
2011-01-24,420,0.0,27.72,16.64,22.18,70.33
2011-01-25,420,0.0,27.96,16.51,22.23,66.63
2011-01-26,420,0.0,28.72,17.08,22.9,68.45
2011-01-27,420,0.0,28.45,17.15,22.8,66.12
2011-01-28,420,0.0,28.74,16.64,22.69,62.37
2011-01-29,420,0.0,29.33,16.61,22.97,65.73
2011-01-30,420,0.0,28.79,16.57,22.68,65.36
2011-01-31,420,0.0,28.12,16.06,22.09,62.75
2011-02-01,260,0.0,27.81,16.31,22.06,61.39
2011-02-02,260,0.0,27.9,16.74,22.32,63.42
2011-02-03,420,0.0,29.1,17.1,23.1,63.01
2011-02-04,420,0.0,28.71,17.11,22.91,63.4
2011-02-05,420,0.0,29.7,16.56,23.13,61.0
2011-02-06,420,0.0,29.39,16.91,23.15,58.31
2011-02-07,420,0.0,29.71,17.33,23.52,56.32
2011-02-08,420,0.0,29.96,17.08,23.52,57.27
2011-02-09,420,0.0,29.98,17.14,23.56,56.92
2011-02-10,420,0.0,29.8,17.17,23.49,57.34
2011-02-11,420,0.0,29.54,17.3,23.42,55.49
2011-02-12,420,0.0,29.72,16.68,23.2,57.71
2011-02-13,420,0.0,30.32,16.8,23.56,55.8
2011-02-14,420,0.0,29.54,18.03,23.78,66.9
2011-02-15,420,0.0,27.24,20.1,23.67,75.01
2011-02-16,420,0.0,27.98,19.31,23.65,75.09
2011-02-17,420,0.0,28.56,19.33,23.94,75.08
2011-02-18,420,0.0,28.32,18.22,23.27,74.65
2011-02-19,420,0.0,28.24,17.82,23.03,71.02
2011-02-20,420,0.0,28.41,17.99,23.2,71.41
2011-02-21,420,0.0,29.92,18.56,24.24,70.95
2011-02-22,370,0.0,30.86,21.08,25.97,67.85
2011-02-23,370,0.03,30.44,21.28,25.86,72.33
2011-02-24,170,1.15,29.76,20.64,25.2,74.46
2011-02-25,370,0.05,29.71,19.21,24.46,72.11
2011-02-26,420,0.0,29.69,18.89,24.29,69.87
2011-02-27,250,0.01,31.69,20.09,25.89,64.76
2011-02-28,190,0.0,31.72,19.77,25.75,58.27
2011-03-01,250,0.0,31.73,19.45,25.59,61.35
2011-03-02,250,0.0,31.94,20.24,26.09,59.18
2011-03-03,310,0.0,32.33,19.74,26.03,63.41
2011-03-04,270,0.0,32.49,19.62,26.06,60.53
2011-03-05,420,0.0,32.76,19.26,26.01,58.79
2011-03-06,210,0.0,33.12,19.48,26.3,53.82
2011-03-07,170,0.0,33.9,19.77,26.84,53.88
2011-03-08,130,0.0,33.12,20.42,26.77,64.13
2011-03-09,130,0.0,31.74,21.34,26.54,67.87
2011-03-10,150,0.0,32.55,20.91,26.73,65.17
2011-03-11,170,0.0,31.88,20.86,26.37,62.43
2011-03-12,370,0.0,33.15,21.01,27.08,60.83
2011-03-13,170,0.0,33.4,21.08,27.24,60.11
2011-03-14,250,0.0,33.02,20.78,26.9,61.53
2011-03-15,130,0.0,33.56,21.38,27.47,59.67
2011-03-16,110,0.0,33.54,21.48,27.51,58.31
2011-03-17,150,0.0,33.92,20.68,27.3,53.0
2011-03-18,170,0.0,33.6,19.84,26.72,51.34
2011-03-19,210,0.0,32.37,20.61,26.49,67.59
2011-03-20,290,0.02,32.62,22.1,27.36,67.36
2011-03-21,210,0.01,31.51,22.38,26.94,70.26
2011-03-22,210,0.0,32.7,21.92,27.31,66.46
2011-03-23,170,0.08,33.16,22.14,27.65,62.89
2011-03-24,250,0.01,32.5,21.72,27.11,61.57
2011-03-25,110,0.01,33.2,21.44,27.32,62.02
2011-03-26,210,0.01,32.78,22.22,27.5,66.13
2011-03-27,190,0.0,33.06,22.68,27.87,68.3
2011-03-28,130,0.0,33.2,23.2,28.2,67.74
2011-03-29,110,0.0,33.49,23.32,28.41,66.03
2011-03-30,90,0.0,33.66,23.46,28.56,65.3
2011-03-31,110,0.0,33.08,23.6,28.34,67.11
2011-04-01,130,0.0,31.98,22.98,27.48,66.75
2011-04-02,110,0.0,33.76,21.64,27.7,58.71
2011-04-03,110,0.0,32.3,21.1,26.7,62.62
2011-04-04,150,0.0,32.2,20.92,26.56,60.5
2011-04-05,150,0.0,32.3,20.84,26.57,58.11
2011-04-06,110,0.0,33.23,21.41,27.32,58.43
2011-04-07,110,0.0,33.72,22.2,27.96,60.37
2011-04-08,150,0.0,33.34,22.54,27.94,63.33
2011-04-09,150,0.0,33.4,23.18,28.29,66.32
2011-04-10,130,12.08,31.9,23.52,27.71,71.72
2011-04-11,150,1.3,32.58,23.2,27.89,71.3
2011-04-12,170,0.0,33.2,23.36,28.28,67.5
2011-04-13,170,0.02,32.9,23.46,28.18,68.73
2011-04-14,250,6.53,30.67,23.48,27.08,74.23
2011-04-15,210,16.36,28.22,23.48,25.85,81.87
2011-04-16,330,1.64,29.74,23.5,26.62,78.31
2011-04-17,210,0.06,29.03,24.03,26.53,79.49
2011-04-18,150,0.59,30.18,23.74,26.96,78.08
2011-04-19,130,9.05,27.92,23.48,25.7,82.5
2011-04-20,170,16.24,28.76,23.46,26.11,79.36
2011-04-21,150,11.16,27.61,23.67,25.64,84.02
2011-04-22,270,2.31,30.1,23.56,26.83,78.56
2011-04-23,420,3.86,27.6,23.34,25.47,79.71
2011-04-24,270,0.32,28.38,23.33,25.85,82.43
2011-04-25,270,1.84,31.87,23.15,27.51,75.5
2011-04-26,270,1.14,31.5,23.68,27.59,76.27
2011-04-27,330,0.18,31.94,23.92,27.93,75.71
2011-04-28,210,0.66,29.64,23.66,26.65,79.75
2011-04-29,170,0.04,30.35,23.73,27.04,76.93
2011-04-30,270,0.07,30.33,24.25,27.29,78.23
2011-05-01,130,0.49,29.69,24.35,27.02,81.43
2011-05-02,130,0.42,30.3,24.36,27.33,79.3
2011-05-03,130,0.08,29.62,24.34,26.98,80.58
2011-05-04,150,0.0,30.64,23.9,27.27,77.58
2011-05-05,270,0.0,32.64,23.51,28.08,72.19
2011-05-06,170,0.0,31.84,23.36,27.6,70.54
2011-05-07,230,0.0,30.82,22.7,26.76,72.49
2011-05-08,230,0.0,30.73,22.55,26.64,71.65
2011-05-09,230,0.0,31.46,23.04,27.25,69.29
2011-05-10,250,0.02,31.3,23.52,27.41,70.37
2011-05-11,170,0.22,30.94,23.66,27.3,73.82
2011-05-12,170,0.03,30.98,23.72,27.35,72.28
2011-05-13,170,0.01,31.67,23.95,27.81,70.58
2011-05-14,170,0.76,31.15,23.69,27.42,70.2
2011-05-15,150,0.14,32.14,23.66,27.9,70.13
2011-05-16,210,0.19,33.31,24.25,28.78,68.17
2011-05-17,150,16.43,29.26,23.88,26.57,79.08
2011-05-18,150,2.0,32.6,23.16,27.88,69.68
2011-05-19,130,1.58,30.5,23.52,27.01,75.15
2011-05-20,190,0.04,30.39,23.17,26.78,74.5
2011-05-21,170,0.15,30.46,23.66,27.06,75.77
2011-05-22,290,0.07,30.72,24.06,27.39,75.02
2011-05-23,310,0.0,30.12,24.49,27.31,75.39
2011-05-24,250,0.13,29.92,24.74,27.33,80.06
2011-05-25,250,1.89,30.7,24.18,27.44,74.21
2011-05-26,270,3.1,30.12,24.28,27.2,79.57
2011-05-27,330,13.12,28.35,23.89,26.12,83.34
2011-05-28,310,4.08,29.58,23.84,26.71,78.18
2011-05-29,310,5.95,30.13,24.31,27.22,79.94
2011-05-30,130,11.15,27.67,23.3,25.49,82.9
2011-05-31,110,27.04,27.63,23.91,25.77,85.46
2011-06-01,90,8.9,27.9,23.02,25.46,87.59
2011-06-02,90,68.7,26.6,23.04,24.82,87.48
2011-06-03,110,26.22,27.38,23.33,25.35,85.28
2011-06-04,130,28.59,27.96,23.92,25.94,83.17
2011-06-05,150,43.53,28.56,24.34,26.45,84.72
2011-06-06,110,66.23,27.22,23.96,25.59,90.72
2011-06-07,90,33.83,26.94,23.52,25.23,84.92
2011-06-08,110,8.55,27.18,24.1,25.64,87.04
2011-06-09,110,30.18,27.85,24.55,26.2,87.22
2011-06-10,90,0.0,28.01,24.74,26.37,85.88
2011-06-11,90,0.0,28.14,24.48,26.31,85.25
2011-06-12,90,0.0,27.59,24.65,26.12,87.34
2011-06-13,90,30.18,27.63,24.83,26.23,87.84
2011-06-14,90,27.27,26.14,22.02,24.08,86.16
2011-06-15,130,45.33,25.38,22.42,23.9,90.06
2011-06-16,110,27.27,26.8,22.7,24.75,83.87
2011-06-17,110,15.92,26.9,23.14,25.02,84.37
2011-06-18,110,14.32,26.94,23.52,25.23,90.59
2011-06-19,150,2.74,27.44,23.26,25.35,86.61
2011-06-20,110,0.84,27.64,23.14,25.39,84.61
2011-06-21,90,10.18,27.48,23.2,25.34,84.73
2011-06-22,90,32.41,27.52,23.78,25.65,86.62
2011-06-23,90,24.25,27.65,23.74,25.69,86.79
2011-06-24,150,7.62,27.62,24.1,25.86,87.45
2011-06-25,130,36.63,27.28,24.3,25.79,88.76
2011-06-26,170,30.64,26.5,24.22,25.36,91.07
2011-06-27,90,36.92,26.24,23.14,24.69,89.96
2011-06-28,110,5.16,26.62,23.24,24.93,87.32
2011-06-29,130,36.86,27.48,23.6,25.54,87.68
2011-06-30,130,29.76,27.32,23.72,25.52,88.95
2011-07-01,90,47.55,26.3,23.0,24.65,90.47
2011-07-02,90,37.72,25.88,22.62,24.25,88.06
2011-07-03,170,34.02,25.76,22.82,24.29,88.91
2011-07-04,230,19.18,25.95,22.45,24.2,89.82
2011-07-05,230,29.16,26.12,22.0,24.06,85.1
2011-07-06,230,49.19,24.77,21.47,23.12,86.85
2011-07-07,420,23.78,25.52,21.5,23.51,89.64
2011-07-08,420,24.67,26.87,22.77,24.82,91.05
2011-07-09,420,13.63,25.01,21.61,23.31,88.39
2011-07-10,420,35.51,26.78,22.52,24.65,90.65
2011-07-11,310,22.61,26.71,23.59,25.15,91.12
2011-07-12,310,25.11,25.46,23.69,24.58,92.84
2011-07-13,420,58.8,24.63,22.33,23.48,90.39
2011-07-14,420,53.99,24.64,22.86,23.75,90.59
2011-07-15,420,78.72,25.22,23.18,24.2,92.63
2011-07-16,420,76.94,25.15,23.53,24.34,93.9
2011-07-17,420,78.05,25.18,23.48,24.33,94.25
2011-07-18,310,39.7,25.54,23.52,24.53,92.55
2011-07-19,420,25.3,25.54,23.54,24.54,92.02
2011-07-20,170,24.98,25.26,23.12,24.19,92.28
2011-07-21,130,29.88,25.12,22.76,23.94,91.49
2011-07-22,150,13.43,25.58,22.8,24.19,91.64
2011-07-23,130,17.0,25.61,23.51,24.56,92.19
2011-07-24,130,28.54,26.44,23.44,24.94,91.89
2011-07-25,150,57.81,25.82,23.58,24.7,92.82
2011-07-26,150,28.27,25.61,22.27,23.94,94.28
2011-07-27,170,5.16,25.7,22.56,24.13,92.88
2011-07-28,370,20.04,25.03,21.99,23.51,92.63
2011-07-29,370,22.09,24.88,22.28,23.58,91.09
2011-07-30,170,26.35,25.44,22.6,24.02,92.39
2011-07-31,170,13.18,25.34,22.38,23.86,92.11
2011-08-01,250,35.24,26.21,22.41,24.31,91.89
2011-08-02,210,83.43,25.77,22.97,24.37,92.62
2011-08-03,260,60.67,25.09,22.77,23.93,93.56
2011-08-04,250,28.67,25.62,22.7,24.16,92.9
2011-08-05,170,33.55,25.46,22.6,24.03,92.57
2011-08-06,170,54.62,25.36,22.86,24.11,93.51
2011-08-07,110,28.05,25.88,22.72,24.3,93.02
2011-08-08,110,7.12,25.6,22.48,24.04,92.48
2011-08-09,160,8.56,25.76,22.4,24.08,91.26
2011-08-10,250,15.75,26.22,22.68,24.45,91.67
2011-08-11,160,37.05,25.96,23.26,24.61,91.7
2011-08-12,170,22.86,25.77,23.43,24.6,91.99
2011-08-13,250,5.61,26.04,22.92,24.48,90.01
2011-08-14,370,9.03,26.33,22.77,24.55,90.04
2011-08-15,420,27.26,25.93,22.91,24.42,91.96
2011-08-16,420,52.29,24.85,22.44,23.65,92.7
2011-08-17,420,25.07,26.12,22.22,24.17,90.0
2011-08-18,420,63.1,24.88,22.66,23.77,92.49
2011-08-19,420,51.2,25.01,22.99,24.0,92.98
2011-08-20,420,51.92,24.78,22.44,23.61,94.48
2011-08-21,420,20.4,24.97,21.17,23.07,88.68
2011-08-22,420,23.55,25.6,21.3,23.45,86.0
2011-08-23,420,13.56,25.51,21.25,23.38,89.14
2011-08-24,420,11.16,25.4,21.74,23.57,92.34
2011-08-25,250,5.65,25.78,22.14,23.96,92.46
2011-08-26,250,6.82,24.94,22.52,23.73,91.61
2011-08-27,310,8.33,25.4,23.14,24.27,91.81
2011-08-28,290,11.05,26.08,23.32,24.7,90.33
2011-08-29,250,25.6,25.76,23.28,24.52,91.21
2011-08-30,390,36.61,25.31,22.69,24.0,91.29
2011-08-31,420,67.82,25.67,23.19,24.43,93.37
2011-09-01,420,43.63,25.22,23.54,24.38,94.81
2011-09-02,420,57.64,25.49,23.43,24.46,93.51
2011-09-03,420,26.58,25.24,22.98,24.11,93.31
2011-09-04,420,6.64,25.96,22.48,24.22,92.33
2011-09-05,420,4.67,26.25,22.57,24.41,91.49
2011-09-06,420,12.5,26.41,22.97,24.69,90.82
2011-09-07,210,12.86,25.99,23.21,24.6,91.68
2011-09-08,150,20.02,26.0,23.12,24.56,92.02
2011-09-09,210,13.65,26.06,23.12,24.59,91.95
2011-09-10,250,7.71,26.4,22.9,24.65,91.24
2011-09-11,230,17.57,26.86,23.1,24.98,89.48
2011-09-12,420,9.76,26.88,23.04,24.96,90.35
2011-09-13,420,28.63,25.77,22.63,24.2,90.34
2011-09-14,150,48.99,25.94,22.26,24.1,89.77
2011-09-15,110,51.12,26.16,22.82,24.49,91.9
2011-09-16,90,7.25,26.62,22.8,24.71,89.87
2011-09-17,110,4.6,26.42,22.78,24.6,88.78
2011-09-18,110,51.32,26.23,22.79,24.51,91.04
2011-09-19,110,7.16,26.08,22.5,24.29,90.03
2011-09-20,170,1.95,25.84,22.56,24.2,90.17
2011-09-21,150,8.35,25.81,21.73,23.77,88.86
2011-09-22,170,0.56,26.34,21.3,23.82,86.26
2011-09-23,110,0.33,26.56,21.0,23.78,85.52
2011-09-24,160,0.08,26.78,20.94,23.86,83.26
2011-09-25,110,0.0,27.32,21.12,24.22,82.52
2011-09-26,170,0.01,27.61,21.03,24.32,82.78
2011-09-27,110,0.0,27.57,21.15,24.36,84.24
2011-09-28,90,0.34,27.54,21.42,24.48,83.25
2011-09-29,250,0.11,27.85,22.01,24.93,85.35
2011-09-30,230,1.33,28.04,22.34,25.19,84.41
2011-10-01,420,1.95,27.83,22.6,25.21,84.75
2011-10-02,520,0.47,27.82,22.56,25.19,86.54
2011-10-03,520,0.02,28.4,21.3,24.85,84.38
2011-10-04,820,0.0,27.37,20.37,23.87,82.1
2011-10-05,820,0.0,27.89,20.07,23.98,80.48
2011-10-06,820,0.04,27.36,21.22,24.29,82.37
2011-10-07,720,0.0,28.26,21.9,25.08,83.68
2011-10-08,620,2.2,27.58,22.28,24.93,85.48
2011-10-09,420,2.46,26.59,22.81,24.7,88.35
2011-10-10,720,5.21,26.48,22.68,24.58,90.23
2011-10-11,520,36.21,26.8,22.74,24.77,87.16
2011-10-12,150,12.15,27.76,22.48,25.12,84.2
2011-10-13,150,5.45,27.56,22.78,25.17,85.93
2011-10-14,170,8.38,29.02,22.92,25.97,85.59
2011-10-15,210,1.84,27.83,22.88,25.35,87.97
2011-10-16,170,1.39,27.54,22.74,25.14,86.82
2011-10-17,210,2.03,27.94,22.34,25.14,86.69
2011-10-18,250,0.33,27.78,22.1,24.94,81.89
2011-10-19,310,1.93,28.04,22.46,25.25,82.97
2011-10-20,170,0.45,27.83,22.97,25.4,86.22
2011-10-21,210,0.13,28.4,23.18,25.79,83.72
2011-10-22,210,0.06,27.82,23.12,25.47,83.06
2011-10-23,350,26.17,28.12,22.44,25.28,82.76
2011-10-24,310,7.98,28.59,22.41,25.5,81.63
2011-10-25,350,18.96,28.44,22.04,25.24,81.94
2011-10-26,520,2.8,28.6,21.58,25.09,81.69
2011-10-27,520,7.74,28.42,21.78,25.1,83.5
2011-10-28,720,0.44,28.96,22.12,25.54,78.72
2011-10-29,720,10.59,28.78,22.12,25.45,78.13
2011-10-30,520,6.87,28.8,21.99,25.4,81.8
2011-10-31,620,12.7,29.04,22.2,25.62,80.0
2011-11-01,820,12.52,29.03,22.61,25.82,82.2
2011-11-02,620,29.92,28.2,22.54,25.37,84.64
2011-11-03,370,12.5,27.62,22.46,25.04,86.19
2011-11-04,370,0.55,27.28,23.01,25.14,84.96
2011-11-05,290,4.09,28.36,22.72,25.54,85.33
2011-11-06,290,0.79,27.84,22.1,24.97,86.86
2011-11-07,210,1.03,28.77,20.95,24.86,79.17
2011-11-08,170,0.0,28.93,19.37,24.15,70.04
2011-11-09,170,0.0,28.9,19.26,24.08,68.5
2011-11-10,270,0.0,28.32,19.96,24.14,66.37
2011-11-11,720,0.0,28.28,19.68,23.98,68.93
2011-11-12,310,0.0,28.56,19.58,24.07,70.63
2011-11-13,310,0.0,28.7,19.16,23.93,68.74
2011-11-14,250,0.0,28.86,19.42,24.14,71.31
2011-11-15,370,0.0,28.9,19.16,24.03,74.3
2011-11-16,250,0.0,28.44,18.46,23.45,73.31
2011-11-17,330,0.0,29.36,18.63,24.0,76.67
2011-11-18,420,0.0,29.33,19.74,24.53,75.1
2011-11-19,260,0.0,28.16,16.58,22.37,70.08
2011-11-20,250,0.0,27.83,16.27,22.05,71.73
2011-11-21,250,0.0,27.79,17.03,22.41,70.73
2011-11-22,520,0.0,27.84,17.32,22.58,69.45
2011-11-23,420,0.0,28.35,17.76,23.06,68.61
2011-11-24,520,0.0,29.23,19.79,24.51,76.09
2011-11-25,820,0.49,29.76,21.4,25.58,78.88
2011-11-26,820,0.85,28.24,22.58,25.41,77.54
2011-11-27,310,4.49,28.75,22.47,25.61,81.48
2011-11-28,420,1.17,25.97,23.03,24.5,88.38
2011-11-29,620,0.64,27.98,22.5,25.24,85.68
2011-11-30,720,0.01,29.37,21.87,25.62,82.44
2011-12-01,620,0.0,29.35,21.79,25.57,80.36
2011-12-02,820,0.0,28.78,21.92,25.35,82.46
2011-12-03,820,0.0,28.48,21.7,25.09,82.98
2011-12-04,820,0.0,29.08,19.99,24.54,75.29
2011-12-05,720,0.0,28.98,18.45,23.72,68.61
2011-12-06,620,0.0,29.32,18.22,23.77,69.67
2011-12-07,420,0.0,28.26,18.1,23.18,71.32
2011-12-08,820,0.0,27.62,17.88,22.75,73.77
2011-12-09,520,0.0,29.85,20.05,24.95,77.56
2011-12-10,420,0.0,29.75,22.03,25.89,75.35
2011-12-11,210,0.0,29.98,20.98,25.48,75.92
2011-12-12,210,0.0,28.96,20.46,24.71,73.54
2011-12-13,310,0.0,27.9,18.24,23.07,72.32
2011-12-14,520,0.0,27.94,17.68,22.81,70.6
2011-12-15,520,0.0,28.92,18.54,23.73,69.96
2011-12-16,820,0.0,28.38,18.3,23.34,66.81
2011-12-17,820,0.0,27.38,16.6,21.99,67.95
2011-12-18,820,0.0,27.58,15.76,21.67,68.83
2011-12-19,520,0.0,27.62,16.28,21.95,63.44
2011-12-20,250,0.0,27.82,16.12,21.97,70.14
2011-12-21,520,0.0,28.04,16.6,22.32,66.88
2011-12-22,310,0.0,26.64,17.42,22.03,63.71
2011-12-23,310,0.0,26.54,17.14,21.84,61.98
2011-12-24,620,0.0,27.82,15.92,21.87,64.08
2011-12-25,820,0.0,27.74,14.94,21.34,65.42
2011-12-26,520,0.0,28.03,15.33,21.68,61.48
2011-12-27,520,0.0,28.29,15.63,21.96,65.97
2011-12-28,720,0.0,27.78,15.6,21.69,67.35
2011-12-29,720,0.0,28.9,15.6,22.25,66.5
2011-12-30,820,0.0,29.8,19.86,24.83,74.18
2011-12-31,820,0.02,27.53,20.05,23.79,70.21
2012-01-01,250,0.0,28.35,20.19,24.27,75.7
2012-01-02,250,0.0,28.38,19.82,24.1,76.36
2012-01-03,170,0.0,28.91,20.39,24.65,80.5
2012-01-04,210,0.0,29.35,20.15,24.75,79.34
2012-01-05,420,0.0,29.82,20.0,24.91,76.15
2012-01-06,290,0.0,30.03,19.61,24.82,73.32
2012-01-07,310,0.0,29.92,18.34,24.13,70.88
2012-01-08,350,0.0,29.23,17.95,23.59,69.56
2012-01-09,250,0.0,28.48,17.16,22.82,64.41
2012-01-10,290,0.0,27.69,17.19,22.44,58.9
2012-01-11,820,0.0,29.28,17.36,23.32,63.78
2012-01-12,620,0.0,28.74,19.19,23.96,67.68
2012-01-13,820,0.0,29.14,19.5,24.32,68.04
2012-01-14,820,0.0,28.84,16.48,22.66,59.26
2012-01-15,820,0.0,28.1,14.66,21.38,54.15
2012-01-16,520,0.0,28.48,14.84,21.66,52.64
2012-01-17,720,0.0,29.15,15.28,22.22,56.03
2012-01-18,520,0.0,27.71,16.81,22.26,69.79
2012-01-19,660,0.0,27.42,17.72,22.57,72.04
2012-01-20,660,0.0,27.72,17.44,22.58,70.63
2012-01-21,620,0.0,28.73,17.49,23.11,66.74
2012-01-22,460,0.0,28.4,18.48,23.44,72.72
2012-01-23,370,0.0,29.1,18.42,23.76,65.78
2012-01-24,620,0.0,28.66,18.1,23.38,68.34
2012-01-25,660,0.0,28.51,17.84,23.17,66.02
2012-01-26,720,0.0,28.65,17.2,22.92,64.89
2012-01-27,820,0.0,28.93,16.97,22.95,65.81
2012-01-28,820,0.0,28.12,18.28,23.2,72.97
2012-01-29,720,0.0,27.52,18.76,23.14,73.55
2012-01-30,420,0.0,28.42,19.3,23.86,67.96
2012-01-31,250,0.0,29.46,17.62,23.54,57.39
2012-02-01,460,0.0,29.68,17.52,23.6,55.86
2012-02-02,420,0.0,29.62,18.4,24.01,57.12
2012-02-03,290,0.0,30.02,18.38,24.2,54.79
2012-02-04,460,0.0,29.74,18.69,24.21,65.01
2012-02-05,250,0.0,30.44,18.94,24.69,65.77
2012-02-06,210,0.0,30.3,19.27,24.79,67.36
2012-02-07,230,0.0,30.06,19.76,24.91,65.61
2012-02-08,350,0.0,30.38,19.94,25.16,63.14
2012-02-09,460,0.0,31.53,19.87,25.7,57.55
2012-02-10,460,0.04,31.0,20.16,25.58,61.29
2012-02-11,820,0.0,30.29,21.45,25.87,66.96
2012-02-12,420,0.0,30.32,21.3,25.81,66.06
2012-02-13,330,0.0,30.77,20.43,25.6,66.25
2012-02-14,330,0.0,30.34,19.94,25.14,66.99
2012-02-15,290,0.0,31.1,19.2,25.15,64.26
2012-02-16,420,0.0,30.68,18.74,24.71,59.12
2012-02-17,350,0.0,31.92,19.42,25.67,56.71
2012-02-18,660,0.0,32.45,20.01,26.23,57.93
2012-02-19,270,0.0,33.22,18.02,25.62,46.94
2012-02-20,270,0.0,33.71,18.69,26.2,52.72
2012-02-21,250,0.0,33.14,19.66,26.4,57.33
2012-02-22,230,0.0,33.71,19.99,26.85,54.57
2012-02-23,330,0.0,33.42,18.76,26.09,50.79
2012-02-24,370,0.0,33.18,18.88,26.03,53.06
2012-02-25,660,0.0,34.15,19.7,26.92,47.29
2012-02-26,420,0.0,34.52,19.14,26.83,44.83
2012-02-27,310,0.0,35.14,19.43,27.29,48.43
2012-02-28,250,0.0,32.56,19.7,26.13,63.77
2012-02-29,420,0.0,32.02,20.44,26.23,65.09
2012-03-01,270,0.0,34.02,19.1,26.56,55.55
2012-03-02,290,0.0,32.95,18.31,25.63,55.65
2012-03-03,290,0.0,30.37,18.11,24.24,65.87
2012-03-04,210,0.0,33.42,18.3,25.86,62.14
2012-03-05,150,0.0,34.14,19.74,26.94,64.43
2012-03-06,150,0.0,31.48,21.7,26.59,70.15
2012-03-07,150,0.0,31.89,20.69,26.29,65.62
2012-03-08,150,0.0,30.68,19.14,24.91,65.31
2012-03-09,250,0.0,31.39,18.63,25.01,58.48
2012-03-10,390,0.0,32.94,18.74,25.84,59.15
2012-03-11,230,0.0,32.46,20.08,26.27,63.31
2012-03-12,150,0.0,33.38,20.82,27.1,58.38
2012-03-13,170,0.0,35.61,22.29,28.95,57.05
2012-03-14,230,0.0,34.33,23.54,28.93,61.02
2012-03-15,230,0.0,33.92,23.08,28.5,65.5
2012-03-16,110,0.0,32.86,22.86,27.86,67.92
2012-03-17,110,0.0,34.78,22.52,28.65,60.38
2012-03-18,110,0.0,33.7,22.34,28.02,64.93
2012-03-19,110,0.0,32.72,22.68,27.7,66.51
2012-03-20,90,0.0,33.4,22.48,27.94,65.85
2012-03-21,150,0.0,32.8,22.64,27.72,68.35
2012-03-22,150,0.0,33.56,22.68,28.12,66.65
2012-03-23,230,0.0,34.02,22.7,28.36,66.61
2012-03-24,620,0.0,34.6,22.12,28.36,63.1
2012-03-25,110,0.0,34.14,22.3,28.22,64.0
2012-03-26,130,0.0,34.66,21.24,27.95,60.72
2012-03-27,170,0.0,34.48,21.06,27.77,59.76
2012-03-28,210,0.0,34.52,21.48,28.0,61.58
2012-03-29,190,0.0,33.69,22.53,28.11,64.14
2012-03-30,150,0.0,32.12,22.35,27.24,68.35
2012-03-31,210,0.0,34.4,22.02,28.21,62.7
2012-04-01,250,0.23,34.35,23.21,28.78,62.61
2012-04-02,130,0.01,33.52,23.14,28.33,66.2
2012-04-03,130,0.0,33.41,23.19,28.3,65.33
2012-04-04,150,0.09,34.01,23.23,28.62,64.71
2012-04-05,270,0.06,33.62,23.36,28.49,65.35
2012-04-06,290,1.78,32.85,23.32,28.09,67.8
2012-04-07,270,0.58,34.38,23.1,28.74,64.32
2012-04-08,150,0.01,34.5,23.35,28.92,62.9
2012-04-09,170,0.0,32.69,23.85,28.27,63.18
2012-04-10,150,6.19,33.09,23.19,28.14,65.09
2012-04-11,270,7.39,32.03,23.13,27.58,69.95
2012-04-12,230,3.07,31.4,23.34,27.37,72.47
2012-04-13,270,0.23,32.53,23.45,27.99,70.12
2012-04-14,420,0.02,33.34,23.9,28.62,68.01
2012-04-15,230,0.0,33.84,23.68,28.76,65.88
2012-04-16,190,0.05,33.02,23.76,28.39,67.85
2012-04-17,130,0.98,31.01,23.83,27.42,72.09
2012-04-18,230,8.93,29.86,23.6,26.73,79.5
2012-04-19,270,0.62,29.83,23.27,26.55,74.13
2012-04-20,170,17.55,32.36,23.62,27.99,72.98
2012-04-21,170,1.21,29.82,24.04,26.93,80.45
2012-04-22,170,0.0,31.1,23.98,27.54,77.8
2012-04-23,290,1.62,28.79,23.89,26.34,78.56
2012-04-24,440,1.44,31.96,22.88,27.42,70.37
2012-04-25,670,6.58,30.92,23.22,27.07,79.23
2012-04-26,460,9.13,29.35,23.23,26.29,80.1
2012-04-27,560,9.43,29.7,23.44,26.57,81.15
2012-04-28,640,2.15,29.98,23.18,26.58,75.77
2012-04-29,350,0.3,30.92,23.6,27.26,74.7
2012-04-30,210,0.09,30.9,23.38,27.14,71.34
2012-05-01,310,0.05,31.36,23.26,27.31,73.12
2012-05-02,350,0.01,31.02,23.54,27.28,73.9
2012-05-03,210,0.01,31.78,23.06,27.42,71.48
2012-05-04,290,0.0,30.74,22.76,26.75,71.16
2012-05-05,250,0.0,30.76,22.08,26.42,71.74
2012-05-06,420,0.0,30.6,22.12,26.36,73.06
2012-05-07,250,0.0,32.9,21.98,27.44,69.07
2012-05-08,170,0.14,32.17,22.99,27.58,71.67
2012-05-09,150,0.17,31.18,23.6,27.39,74.88
2012-05-10,150,0.3,29.66,24.1,26.88,77.53
2012-05-11,170,1.45,29.66,23.88,26.77,79.98
2012-05-12,110,1.91,27.08,24.28,25.68,85.45
2012-05-13,190,0.25,31.34,23.32,27.33,74.45
2012-05-14,210,0.22,31.32,23.68,27.5,74.28
2012-05-15,70,0.11,31.07,23.91,27.49,74.93
2012-05-16,45,0.14,31.6,24.1,27.85,72.72
2012-05-17,110,0.02,31.86,24.2,28.03,71.22
2012-05-18,130,0.0,33.46,24.16,28.81,69.04
2012-05-19,70,0.0,31.08,24.58,27.83,73.78
2012-05-20,70,0.0,32.68,23.9,28.29,69.86
2012-05-21,90,0.06,30.67,24.21,27.44,73.85
2012-05-22,130,0.01,30.56,24.24,27.4,73.19
2012-05-23,250,0.0,30.86,24.48,27.67,72.45
2012-05-24,130,0.0,31.44,24.24,27.84,71.7
2012-05-25,150,0.0,31.47,24.21,27.84,69.54
2012-05-26,230,0.85,32.22,24.38,28.3,68.57
2012-05-27,310,0.21,30.84,24.34,27.59,73.8
2012-05-28,350,0.0,31.72,24.3,28.01,70.1
2012-05-29,520,0.01,30.73,24.53,27.63,72.35
2012-05-30,820,0.0,30.2,24.44,27.32,73.59
2012-05-31,130,0.81,30.12,24.16,27.14,74.2
2012-06-01,150,0.16,31.38,23.96,27.67,72.72
2012-06-02,150,5.77,31.51,24.13,27.82,74.3
2012-06-03,170,10.4,29.74,24.52,27.13,80.34
2012-06-04,90,34.19,28.8,23.0,25.9,83.16
2012-06-05,70,30.91,27.88,23.56,25.72,83.01
2012-06-06,110,28.84,28.3,23.68,25.99,81.02
2012-06-07,110,11.78,27.77,23.09,25.43,78.84
2012-06-08,110,18.64,28.84,23.28,26.06,80.74
2012-06-09,110,8.71,28.33,23.85,26.09,85.48
2012-06-10,90,1.99,28.67,23.43,26.05,82.74
2012-06-11,90,28.12,28.12,23.84,25.98,84.4
2012-06-12,130,66.85,27.46,23.04,25.25,84.13
2012-06-13,210,18.14,28.0,22.84,25.42,78.6
2012-06-14,330,9.25,27.62,22.02,24.82,81.66
2012-06-15,110,3.34,28.76,22.53,25.65,84.47
2012-06-16,110,23.22,26.51,23.28,24.9,86.7
2012-06-17,90,95.43,25.09,23.03,24.06,90.56
2012-06-18,110,86.82,26.04,23.62,24.83,93.28
2012-06-19,110,34.98,25.96,23.86,24.91,92.09
2012-06-20,110,27.39,26.64,23.8,25.22,88.95
2012-06-21,150,23.2,26.99,23.19,25.09,88.36
2012-06-22,190,11.18,26.6,23.1,24.85,88.73
2012-06-23,2909,12.22,27.08,23.38,25.23,88.0
2012-06-24,150,33.47,27.33,23.41,25.37,87.46
2012-06-25,190,8.82,27.52,23.54,25.53,88.56
2012-06-26,170,32.52,26.74,22.7,24.72,87.3
2012-06-27,270,26.11,25.78,22.34,24.06,87.52
2012-06-28,350,33.73,25.82,22.08,23.95,87.15
2012-06-29,210,62.0,25.24,22.46,23.85,90.17
2012-06-30,250,18.8,25.18,22.1,23.64,90.12
2012-07-01,150,52.39,25.02,22.5,23.76,90.46
2012-07-02,150,60.17,25.23,23.59,24.41,93.3
2012-07-03,90,17.42,25.99,23.04,24.51,91.4
2012-07-04,90,11.67,26.24,22.28,24.26,88.85
2012-07-05,90,4.04,27.02,22.68,24.85,89.37
2012-07-06,90,5.68,26.97,23.31,25.14,88.82
2012-07-07,90,17.76,26.65,23.38,25.01,89.74
2012-07-08,110,22.44,27.34,23.5,25.42,89.49
2012-07-09,90,45.1,26.76,24.02,25.39,91.75
2012-07-10,130,44.9,26.02,22.2,24.11,90.86
2012-07-11,330,19.6,25.52,22.52,24.02,91.54
2012-07-12,330,16.52,25.52,22.84,24.18,90.5
2012-07-13,210,12.56,27.01,22.81,24.91,88.92
2012-07-14,420,18.29,25.9,23.34,24.62,90.47
2012-07-15,520,27.13,26.24,23.34,24.79,89.56
2012-07-16,520,12.36,26.58,22.7,24.64,89.14
2012-07-17,330,12.8,25.99,22.37,24.18,88.01
2012-07-18,350,11.46,25.58,22.42,24.0,90.07
2012-07-19,620,7.17,26.44,23.16,24.8,90.02
2012-07-20,310,10.98,25.78,23.78,24.78,91.34
2012-07-21,420,28.98,25.75,23.67,24.71,91.04
2012-07-22,460,22.69,25.86,23.5,24.68,91.49
2012-07-23,290,21.94,26.04,23.24,24.64,90.85
2012-07-24,170,13.17,26.43,22.89,24.66,90.09
2012-07-25,230,19.01,26.53,23.37,24.95,91.3
2012-07-26,290,22.51,25.94,23.46,24.7,91.63
2012-07-27,230,8.32,25.83,23.01,24.42,91.8
2012-07-28,210,11.61,26.06,23.04,24.55,90.83
2012-07-29,130,5.44,26.35,22.97,24.66,89.35
2012-07-30,150,4.36,26.28,22.86,24.57,88.77
2012-07-31,130,14.01,26.51,22.74,24.62,87.21
2012-08-01,110,5.83,26.63,22.65,24.64,86.41
2012-08-02,190,9.48,26.58,22.74,24.66,87.64
2012-08-03,130,16.55,26.04,23.02,24.53,89.76
2012-08-04,70,7.68,25.36,22.78,24.07,91.27
2012-08-05,90,22.17,25.8,22.7,24.25,90.93
2012-08-06,70,41.25,25.72,22.62,24.17,90.38
2012-08-07,70,47.25,25.44,23.06,24.25,90.35
2012-08-08,110,49.61,25.52,23.12,24.32,90.96
2012-08-09,130,71.82,24.93,22.91,23.92,91.68
2012-08-10,130,92.21,25.25,23.51,24.38,93.07
2012-08-11,170,77.86,24.93,23.39,24.16,92.77
2012-08-12,110,48.56,25.55,22.57,24.06,91.36
2012-08-13,170,7.81,25.04,21.98,23.51,91.06
2012-08-14,210,8.23,26.65,22.1,24.38,88.96
2012-08-15,210,4.72,26.22,22.62,24.42,90.24
2012-08-16,420,20.59,26.34,22.8,24.57,89.99
2012-08-17,370,43.29,26.26,22.96,24.61,90.2
2012-08-18,370,29.96,25.46,23.1,24.28,90.52
2012-08-19,460,4.69,25.56,22.42,23.99,90.01
2012-08-20,230,5.99,26.72,22.22,24.47,88.82
2012-08-21,280,1.84,26.4,22.58,24.49,89.08
2012-08-22,330,4.34,26.51,22.2,24.35,89.51
2012-08-23,330,13.79,27.54,21.99,24.76,84.0
2012-08-24,330,7.38,28.14,22.64,25.39,85.1
2012-08-25,420,91.51,25.45,22.61,24.03,92.12
2012-08-26,250,71.45,24.78,22.78,23.78,91.08
2012-08-27,420,43.95,25.59,23.03,24.31,90.78
2012-08-28,520,55.14,26.1,23.22,24.66,90.4
2012-08-29,520,42.15,24.84,23.38,24.11,93.57
2012-08-30,520,60.75,25.3,22.94,24.12,92.52
2012-08-31,820,40.67,24.52,22.48,23.5,92.26
2012-09-01,820,31.23,25.08,22.58,23.83,91.84
2012-09-02,820,28.35,26.5,23.14,24.82,91.09
2012-09-03,420,60.35,25.34,23.4,24.37,93.5
2012-09-04,330,36.91,25.17,23.53,24.35,92.96
2012-09-05,420,11.46,25.46,23.1,24.28,91.99
2012-09-06,820,15.07,26.16,22.96,24.56,91.48
2012-09-07,820,13.71,26.06,22.78,24.42,91.68
2012-09-08,820,8.99,26.18,22.74,24.46,91.95
2012-09-09,620,11.47,25.89,22.65,24.27,92.19
2012-09-10,660,14.74,24.63,22.75,23.69,93.76
2012-09-11,520,10.96,25.26,21.92,23.59,91.53
2012-09-12,310,14.56,25.66,22.46,24.06,92.27
2012-09-13,270,6.6,26.32,22.46,24.39,89.61
2012-09-14,230,11.0,26.64,22.5,24.57,89.82
2012-09-15,230,7.04,26.49,22.67,24.58,89.08
2012-09-16,270,6.89,26.68,22.68,24.68,88.52
2012-09-17,350,11.3,26.88,22.4,24.64,87.94
2012-09-18,290,32.4,26.76,22.26,24.51,87.05
2012-09-19,230,1.83,27.38,21.78,24.58,84.93
2012-09-20,230,0.0,27.22,21.74,24.48,84.22
2012-09-21,230,0.0,27.39,21.61,24.5,83.21
2012-09-22,520,0.0,26.35,21.31,23.83,85.34
2012-09-23,230,0.0,27.26,20.96,24.11,83.97
2012-09-24,250,0.01,26.37,21.03,23.7,85.67
2012-09-25,210,0.0,27.32,21.22,24.27,85.54
2012-09-26,420,0.0,27.92,21.74,24.83,85.45
2012-09-27,520,0.21,27.29,22.56,24.92,86.11
2012-09-28,540,1.6,26.94,22.7,24.82,87.7
2012-09-29,610,1.36,26.98,22.44,24.71,87.06
2012-09-30,270,25.22,25.83,22.61,24.22,89.59
2012-10-01,270,9.89,26.55,22.43,24.49,88.7
2012-10-02,130,40.52,25.25,22.63,23.94,92.46
2012-10-03,150,19.35,26.36,22.28,24.32,87.56
2012-10-04,170,18.46,26.26,22.3,24.28,88.57
2012-10-05,130,2.2,27.38,22.24,24.81,87.25
2012-10-06,90,0.09,27.83,22.51,25.17,85.39
2012-10-07,110,0.0,27.66,22.5,25.08,86.54
2012-10-08,170,6.34,28.59,22.21,25.4,83.78
2012-10-09,90,6.46,27.74,22.62,25.18,86.45
2012-10-10,90,0.76,28.79,21.97,25.38,82.75
2012-10-11,170,0.05,29.32,20.72,25.02,76.38
2012-10-12,150,0.02,30.17,20.11,25.14,75.71
2012-10-13,190,0.02,28.61,21.13,24.87,81.17
2012-10-14,250,12.56,28.4,22.74,25.57,78.38
2012-10-15,250,2.85,27.74,22.26,25.0,83.41
2012-10-16,420,0.05,28.52,21.34,24.93,78.74
2012-10-17,420,0.0,29.29,20.93,25.11,76.0
2012-10-18,440,0.0,29.44,21.08,25.26,71.24
2012-10-19,560,1.51,29.75,22.47,26.11,77.06
2012-10-20,720,7.85,29.08,21.32,25.2,79.7
2012-10-21,820,7.08,26.52,21.18,23.85,86.51
2012-10-22,820,10.6,28.49,22.26,25.38,85.92
2012-10-23,820,0.16,28.72,22.12,25.42,79.33
2012-10-24,820,0.0,28.79,23.13,25.96,77.65
2012-10-25,820,0.0,28.28,22.78,25.53,82.8
2012-10-26,820,0.1,28.28,22.54,25.41,81.9
2012-10-27,820,0.01,29.3,21.34,25.32,74.69
2012-10-28,820,0.0,28.65,20.73,24.69,73.09
2012-10-29,820,0.03,29.44,21.03,25.24,75.59
2012-10-30,660,0.0,28.1,21.98,25.04,76.02
2012-10-31,820,15.39,28.34,21.76,25.05,78.08
2012-11-01,820,34.78,24.08,22.62,23.35,93.31
2012-11-02,620,22.49,24.51,22.28,23.4,89.28
2012-11-03,330,10.21,26.24,21.88,24.06,85.65
2012-11-04,370,8.46,26.95,22.13,24.54,87.52
2012-11-05,270,4.13,25.6,22.64,24.12,91.47
2012-11-06,170,2.56,27.99,22.19,25.09,84.3
2012-11-07,210,0.14,27.99,22.66,25.33,85.97
2012-11-08,230,0.46,28.13,23.15,25.64,85.1
2012-11-09,250,0.03,26.15,21.79,23.97,86.96
2012-11-10,420,5.01,28.9,21.64,25.27,80.03
2012-11-11,270,0.62,28.99,21.79,25.39,79.95
2012-11-12,520,12.12,28.04,21.66,24.85,81.65
2012-11-13,310,0.57,29.08,19.3,24.19,78.06
2012-11-14,310,0.0,27.37,16.69,22.03,72.3
2012-11-15,460,0.0,26.96,16.56,21.76,67.64
2012-11-16,820,0.0,27.61,17.47,22.54,65.19
2012-11-17,820,0.0,28.04,17.7,22.87,61.61
2012-11-18,420,0.0,27.67,17.77,22.72,58.74
2012-11-19,250,0.0,28.52,17.88,23.2,62.28
2012-11-20,290,0.0,28.84,19.06,23.95,67.91
2012-11-21,350,0.0,28.36,20.32,24.34,76.96
2012-11-22,820,0.0,29.44,21.38,25.41,78.66
2012-11-23,420,0.0,29.23,21.81,25.52,84.29
2012-11-24,460,2.93,29.16,21.8,25.48,82.1
2012-11-25,460,0.15,29.64,20.88,25.26,78.65
2012-11-26,370,0.0,29.56,20.38,24.97,76.67
2012-11-27,520,0.0,28.98,19.66,24.32,74.5
2012-11-28,820,0.0,28.72,18.06,23.39,71.92
2012-11-29,820,0.0,28.51,18.02,23.26,68.81
2012-11-30,820,0.0,28.47,19.23,23.85,73.51
2012-12-01,820,0.0,28.12,19.38,23.75,74.31
2012-12-02,820,0.0,28.16,18.16,23.16,72.52
2012-12-03,820,0.2,29.58,18.94,24.26,73.19
2012-12-04,820,1.64,28.41,22.03,25.22,80.3
2012-12-05,420,0.02,29.41,22.67,26.04,78.62
2012-12-06,420,0.0,30.12,21.42,25.77,75.1
2012-12-07,420,0.0,28.46,20.9,24.68,71.66
2012-12-08,820,0.0,28.59,20.69,24.64,74.66
2012-12-09,330,0.0,28.72,19.57,24.14,78.33
2012-12-10,310,0.0,28.94,19.28,24.11,77.01
2012-12-11,330,0.0,28.89,19.37,24.13,79.26
2012-12-12,370,0.0,28.58,19.3,23.94,79.03
2012-12-13,720,0.0,27.68,19.26,23.47,80.26
2012-12-14,820,0.0,28.88,19.44,24.16,75.28
2012-12-15,820,0.0,27.6,17.79,22.7,67.63
2012-12-16,670,0.0,27.3,17.24,22.27,69.02
2012-12-17,370,0.0,27.84,18.02,22.93,71.36
2012-12-18,290,0.0,27.61,18.57,23.09,68.34
2012-12-19,520,0.0,27.58,18.28,22.93,68.15
2012-12-20,390,0.0,29.82,19.33,24.58,70.67
2012-12-21,330,0.0,29.34,19.58,24.46,68.6
2012-12-22,330,0.0,27.06,17.38,22.22,68.17
2012-12-23,210,0.0,29.11,17.67,23.39,71.02
2012-12-24,230,0.0,28.79,18.63,23.71,73.18
2012-12-25,820,0.0,28.55,18.35,23.45,72.24
2012-12-26,820,0.0,28.48,19.08,23.78,70.19
2012-12-27,720,0.0,28.34,18.74,23.54,70.56
2012-12-28,660,0.0,29.64,19.23,24.43,75.77
2012-12-29,820,0.02,30.5,21.54,26.02,76.22
2012-12-30,620,0.0,28.03,22.73,25.38,82.31
2012-12-31,420,0.0,28.7,22.18,25.44,83.07
2013-01-01,420,0.0,30.14,20.9,25.52,78.23
2013-01-02,620,0.0,29.62,19.86,24.74,75.48
2013-01-03,560,0.0,29.11,19.89,24.5,78.86
2013-01-04,820,0.0,28.62,19.45,24.04,79.09
2013-01-05,820,0.0,28.85,19.55,24.2,77.07
2013-01-06,620,0.0,28.36,19.58,23.97,76.6
2013-01-07,520,0.0,28.88,19.5,24.19,75.31
2013-01-08,330,0.0,29.0,19.28,24.14,76.3
2013-01-09,350,0.0,29.19,18.89,24.04,70.3
2013-01-10,370,0.0,29.2,18.23,23.71,66.24
2013-01-11,460,0.0,29.32,17.84,23.58,64.38
2013-01-12,720,0.0,29.56,17.92,23.74,63.73
2013-01-13,620,0.0,29.35,16.49,22.92,56.87
2013-01-14,460,0.0,29.63,16.57,23.1,56.57
2013-01-15,620,0.0,29.6,16.98,23.29,55.46
2013-01-16,820,0.0,29.29,17.53,23.41,57.98
2013-01-17,820,0.0,28.99,18.3,23.65,62.94
2013-01-18,720,0.0,28.96,18.02,23.49,64.45
2013-01-19,520,0.0,29.4,17.72,23.56,66.97
2013-01-20,370,0.0,29.7,17.88,23.79,60.95
2013-01-21,390,0.0,29.56,18.08,23.82,59.44
2013-01-22,420,0.0,29.5,18.38,23.94,56.93
2013-01-23,330,0.0,29.41,18.31,23.86,61.05
2013-01-24,390,0.0,29.28,18.1,23.69,61.34
2013-01-25,520,0.0,29.67,17.63,23.65,55.69
2013-01-26,620,0.0,29.55,17.27,23.41,55.11
2013-01-27,290,0.0,30.39,17.61,24.0,59.58
2013-01-28,250,0.0,29.38,18.33,23.85,66.35
2013-01-29,250,0.0,29.7,18.87,24.28,62.6
2013-01-30,270,0.0,30.3,18.96,24.63,61.36
2013-01-31,420,0.0,30.06,19.1,24.58,66.09
2013-02-01,620,0.0,30.16,18.46,24.31,56.77
2013-02-02,420,0.0,30.22,17.14,23.68,57.27
2013-02-03,210,0.0,30.48,17.62,24.05,59.02
2013-02-04,230,0.0,30.13,19.17,24.65,66.78
2013-02-05,170,0.0,29.46,21.62,25.54,72.74
2013-02-06,210,0.0,29.4,22.08,25.74,73.45
2013-02-07,250,0.0,30.18,21.18,25.68,72.69
2013-02-08,270,0.0,29.76,20.66,25.21,69.31
2013-02-09,350,0.0,31.04,21.22,26.13,67.33
2013-02-10,420,0.0,31.98,21.67,26.83,58.61
2013-02-11,440,0.0,32.06,20.84,26.45,54.04
2013-02-12,720,0.0,32.95,21.45,27.2,52.96
2013-02-13,820,0.0,33.05,21.37,27.21,52.32
2013-02-14,820,1.44,31.23,22.23,26.73,66.83
2013-02-15,440,1.76,27.95,23.05,25.5,79.54
2013-02-16,460,16.88,28.26,21.7,24.98,79.09
2013-02-17,460,9.92,28.7,20.23,24.46,79.53
2013-02-18,620,0.04,30.14,19.92,25.03,69.17
2013-02-19,620,0.0,31.18,20.8,25.99,71.43
2013-02-20,250,0.0,31.42,20.66,26.04,68.94
2013-02-21,370,0.0,31.48,19.94,25.71,64.85
2013-02-22,310,0.0,32.38,19.3,25.84,62.98
2013-02-23,370,0.0,31.6,19.5,25.55,63.21
2013-02-24,390,0.0,32.34,19.34,25.84,56.75
2013-02-25,390,0.0,31.87,19.11,25.49,60.63
2013-02-26,250,0.0,32.46,19.44,25.95,59.19
2013-02-27,210,0.0,31.06,20.12,25.59,66.55
2013-02-28,210,0.0,32.76,19.84,26.3,54.03
2013-03-01,210,0.0,33.02,19.96,26.49,49.87
2013-03-02,210,0.0,34.42,19.78,27.1,48.42
2013-03-03,170,0.0,33.92,20.12,27.02,49.29
2013-03-04,130,0.0,34.53,20.1,27.32,46.61
2013-03-05,110,0.0,35.28,21.72,28.5,51.7
2013-03-06,130,0.69,34.22,22.98,28.6,59.67
2013-03-07,130,5.58,30.72,23.48,27.1,71.28
2013-03-08,130,0.52,30.94,22.8,26.87,72.64
2013-03-09,150,0.08,31.97,23.27,27.62,70.15
2013-03-10,170,0.05,32.41,23.29,27.85,67.6
2013-03-11,110,5.08,32.24,22.98,27.61,68.0
2013-03-12,110,0.05,32.1,22.36,27.23,66.07
2013-03-13,270,0.0,33.01,22.14,27.57,64.47
2013-03-14,290,0.0,32.18,22.76,27.47,62.59
2013-03-15,230,0.0,33.34,22.66,28.0,59.89
2013-03-16,210,0.0,32.5,22.9,27.7,66.52
2013-03-17,210,0.0,33.32,22.8,28.06,65.72
2013-03-18,190,0.09,32.85,22.94,27.9,64.84
2013-03-19,170,0.01,33.57,23.07,28.32,63.89
2013-03-20,110,0.0,33.6,23.1,28.35,60.07
2013-03-21,170,0.0,33.69,22.87,28.28,55.99
2013-03-22,110,0.0,33.08,22.2,27.64,59.74
2013-03-23,170,0.0,32.47,22.27,27.37,63.96
2013-03-24,230,0.0,34.45,22.41,28.43,59.24
2013-03-25,210,0.01,33.17,22.63,27.9,64.62
2013-03-26,270,0.0,32.83,23.24,28.03,66.25
2013-03-27,170,0.0,34.08,23.04,28.56,63.15
2013-03-28,230,0.0,33.4,23.18,28.29,64.43
2013-03-29,270,0.0,33.88,22.26,28.07,62.87
2013-03-30,310,0.0,33.85,22.0,27.93,59.54
2013-03-31,230,0.06,33.65,22.85,28.25,62.56
2013-04-01,290,0.0,33.05,23.31,28.18,64.01
2013-04-02,110,0.01,33.13,23.61,28.37,64.16
2013-04-03,130,0.35,34.16,23.58,28.87,63.46
2013-04-04,150,0.0,33.32,23.08,28.2,63.23
2013-04-05,130,0.07,33.89,22.86,28.38,62.37
2013-04-06,130,0.07,33.15,22.47,27.81,64.8
2013-04-07,150,0.0,34.49,21.82,28.16,61.68
2013-04-08,150,0.0,36.38,21.76,29.07,55.38
2013-04-09,110,0.0,33.2,23.26,28.23,64.34
2013-04-10,150,0.0,33.12,23.38,28.25,65.31
2013-04-11,210,0.0,34.7,23.16,28.93,63.09
2013-04-12,190,0.0,35.26,23.08,29.17,62.3
2013-04-13,420,0.0,34.74,23.72,29.23,64.99
2013-04-14,250,0.0,34.18,23.44,28.81,66.28
2013-04-15,150,0.05,32.89,23.07,27.98,66.49
2013-04-16,150,0.01,33.38,22.36,27.87,62.62
2013-04-17,250,0.0,32.97,21.81,27.39,63.14
2013-04-18,270,0.0,32.16,21.56,26.86,63.53
2013-04-19,520,0.0,32.47,21.42,26.94,63.72
2013-04-20,440,0.0,32.44,21.22,26.83,65.34
2013-04-21,270,0.0,33.34,21.6,27.47,61.12
2013-04-22,290,0.0,33.98,21.78,27.88,62.53
2013-04-23,310,0.16,34.01,22.99,28.5,63.74
2013-04-24,620,4.16,33.25,23.65,28.45,66.1
2013-04-25,420,0.49,32.57,24.33,28.45,69.74
2013-04-26,390,0.93,32.16,24.54,28.35,72.8
2013-04-27,460,0.27,31.28,24.98,28.13,73.48
2013-04-28,620,0.88,30.68,24.62,27.65,75.06
2013-04-29,270,0.09,30.19,24.13,27.16,70.38
2013-04-30,520,0.0,35.7,24.18,29.94,63.54
2013-05-01,420,0.0,32.72,24.82,28.77,69.24
2013-05-02,420,0.29,32.61,24.77,28.69,70.71
2013-05-03,210,0.07,31.81,25.01,28.41,72.1
2013-05-04,150,0.01,33.58,24.18,28.88,66.93
2013-05-05,90,0.13,33.15,24.46,28.8,68.06
2013-05-06,110,0.02,32.86,24.54,28.7,69.18
2013-05-07,150,0.0,29.68,25.26,27.47,77.11
2013-05-08,170,5.46,30.83,24.41,27.62,73.58
2013-05-09,170,1.26,31.02,24.34,27.68,77.49
2013-05-10,190,0.53,29.75,24.29,27.02,78.25
2013-05-11,620,0.19,30.64,23.9,27.27,75.86
2013-05-12,460,0.89,28.72,24.46,26.59,78.22
2013-05-13,420,0.07,31.7,23.76,27.73,71.11
2013-05-14,420,0.0,31.24,23.76,27.5,69.28
2013-05-15,390,0.0,31.32,23.5,27.41,66.19
2013-05-16,370,0.0,32.24,23.48,27.86,65.97
2013-05-17,310,0.14,32.16,24.22,28.19,67.39
2013-05-18,270,6.38,30.4,24.68,27.54,75.83
2013-05-19,310,1.59,31.42,24.64,28.03,77.54
2013-05-20,170,25.68,31.43,24.47,27.95,78.86
2013-05-21,150,1.89,29.17,24.31,26.74,79.38
2013-05-22,310,0.16,30.5,24.36,27.43,77.55
2013-05-23,150,0.02,30.73,24.37,27.55,75.68
2013-05-24,150,0.0,30.71,24.47,27.59,76.54
2013-05-25,170,2.63,29.25,24.49,26.87,81.7
2013-05-26,190,9.38,28.04,24.82,26.43,84.88
2013-05-27,170,8.55,27.78,24.22,26.0,83.57
2013-05-28,190,4.49,28.24,23.82,26.03,80.27
2013-05-29,150,1.36,27.79,23.89,25.84,80.48
2013-05-30,210,36.94,28.51,23.31,25.91,84.91
2013-05-31,210,45.04,27.31,22.95,25.13,84.72
2013-06-01,390,12.25,25.76,23.02,24.39,88.62
2013-06-02,390,40.87,25.82,23.04,24.43,88.81
2013-06-03,190,6.53,26.68,23.32,25.0,87.57
2013-06-04,150,1.24,28.25,23.61,25.93,83.04
2013-06-05,110,20.69,28.06,23.28,25.67,83.77
2013-06-06,130,28.78,27.88,23.97,25.92,88.03
2013-06-07,170,37.49,25.7,22.4,24.05,88.56
2013-06-08,290,80.79,26.14,22.6,24.37,87.06
2013-06-09,150,28.61,25.76,22.76,24.26,86.31
2013-06-10,130,70.38,26.53,23.57,25.05,90.4
2013-06-11,150,47.92,26.64,24.01,25.33,90.29
2013-06-12,210,39.61,26.86,24.28,25.57,89.81
2013-06-13,330,28.51,26.4,23.72,25.06,89.85
2013-06-14,170,16.12,26.36,23.85,25.1,89.9
2013-06-15,150,36.49,26.88,24.58,25.73,89.13
2013-06-16,70,40.73,26.91,24.51,25.71,88.95
2013-06-17,70,109.36,26.42,23.6,25.01,92.17
2013-06-18,70,55.49,25.84,23.34,24.59,91.57
2013-06-19,90,60.53,25.85,23.4,24.62,91.94
2013-06-20,70,10.3,25.83,23.38,24.6,91.57
2013-06-21,70,30.96,26.28,23.64,24.96,92.32
2013-06-22,90,50.2,25.06,23.54,24.3,91.71
2013-06-23,110,36.61,25.68,23.92,24.8,92.03
2013-06-24,90,50.97,26.02,24.24,25.13,91.76
2013-06-25,90,37.64,25.96,24.54,25.25,92.42
2013-06-26,110,42.74,26.62,24.2,25.41,91.34
2013-06-27,210,30.1,26.26,23.94,25.1,92.08
2013-06-28,230,31.16,26.06,23.46,24.76,91.65
2013-06-29,270,12.3,26.14,23.22,24.68,90.2
2013-06-30,270,19.19,25.6,22.51,24.05,91.41
2013-07-01,310,59.16,24.56,22.3,23.43,90.15
2013-07-02,210,88.61,25.02,23.06,24.04,93.13
2013-07-03,310,65.2,25.16,23.68,24.42,93.42
2013-07-04,420,51.38,25.8,23.42,24.61,91.99
2013-07-05,620,23.86,26.2,23.3,24.75,90.57
2013-07-06,350,49.16,25.24,23.22,24.23,91.02
2013-07-07,520,50.2,25.08,22.98,24.03,92.44
2013-07-08,720,37.45,25.55,22.73,24.14,91.96
2013-07-09,820,21.39,25.58,22.86,24.22,92.44
2013-07-10,820,25.64,24.79,22.87,23.83,91.94
2013-07-11,820,17.42,24.72,22.44,23.58,91.26
2013-07-12,820,46.65,24.62,22.82,23.72,92.52
2013-07-13,820,38.87,25.72,22.96,24.34,92.23
2013-07-14,820,21.88,25.39,22.93,24.16,92.43
2013-07-15,820,23.06,25.98,22.99,24.49,92.2
2013-07-16,520,25.85,25.73,23.15,24.44,92.08
2013-07-17,350,13.46,25.22,23.04,24.13,92.7
2013-07-18,350,32.91,24.96,22.94,23.95,92.26
2013-07-19,370,55.83,24.54,22.81,23.67,94.3
2013-07-20,270,51.39,24.74,22.54,23.64,92.56
2013-07-21,210,50.8,24.5,22.26,23.38,93.59
2013-07-22,170,35.42,24.72,22.68,23.7,93.38
2013-07-23,270,34.26,24.53,22.53,23.53,93.27
2013-07-24,170,62.37,24.83,22.77,23.8,92.44
2013-07-25,190,55.16,25.06,22.76,23.91,93.32
2013-07-26,130,57.38,24.09,22.23,23.16,92.02
2013-07-27,210,71.58,25.23,22.33,23.78,92.7
2013-07-28,190,57.2,24.96,22.22,23.59,92.08
2013-07-29,210,13.7,25.4,22.34,23.87,91.03
2013-07-30,170,14.25,25.55,22.95,24.25,92.47
2013-07-31,130,23.23,24.96,23.12,24.04,93.12
2013-08-01,210,44.14,25.51,23.33,24.42,92.37
2013-08-02,330,15.01,25.05,22.67,23.86,92.42
2013-08-03,310,29.36,24.92,22.74,23.83,93.21
2013-08-04,520,38.35,25.28,22.7,23.99,92.79
2013-08-05,460,75.21,24.34,22.64,23.49,94.23
2013-08-06,620,42.11,24.7,22.34,23.52,93.06
2013-08-07,520,19.31,25.63,22.27,23.95,90.66
2013-08-08,420,15.51,25.54,22.18,23.86,90.92
2013-08-09,520,10.11,25.56,22.2,23.88,90.89
2013-08-10,560,11.95,25.72,22.42,24.07,90.96
2013-08-11,230,8.98,25.86,22.36,24.11,90.81
2013-08-12,270,12.3,25.62,22.44,24.03,90.81
2013-08-13,330,30.72,25.39,22.47,23.93,91.77
2013-08-14,720,10.9,25.3,22.26,23.78,90.26
2013-08-15,560,40.85,25.3,22.38,23.84,92.21
2013-08-16,720,55.51,25.18,22.4,23.79,92.97
2013-08-17,820,29.56,25.49,22.67,24.08,91.52
2013-08-18,820,29.25,25.55,22.59,24.07,91.9
2013-08-19,720,14.37,25.94,22.48,24.21,91.61
2013-08-20,660,26.54,25.76,22.74,24.25,90.9
2013-08-21,620,16.41,25.86,22.4,24.13,89.81
2013-08-22,820,16.46,25.96,22.36,24.16,89.77
2013-08-23,820,11.41,26.1,22.36,24.23,89.23
2013-08-24,820,19.81,26.04,22.4,24.22,89.71
2013-08-25,720,16.36,25.84,22.26,24.05,90.82
2013-08-26,660,6.27,26.47,21.99,24.23,89.49
2013-08-27,560,9.13,26.54,21.94,24.24,89.42
2013-08-28,820,8.58,26.3,22.16,24.23,90.35
2013-08-29,620,0.91,26.82,22.0,24.41,89.58
2013-08-30,330,0.05,27.86,22.14,25.0,87.48
2013-08-31,420,3.01,27.82,22.2,25.01,88.22
2013-09-01,250,6.41,28.24,22.52,25.38,88.1
2013-09-02,210,6.43,26.51,22.65,24.58,91.22
2013-09-03,210,4.81,26.14,21.68,23.91,88.78
2013-09-04,290,2.35,24.72,21.06,22.89,87.97
2013-09-05,520,5.25,25.94,21.26,23.6,87.32
2013-09-06,520,15.84,25.73,21.71,23.72,89.87
2013-09-07,820,16.25,25.17,21.98,23.58,89.33
2013-09-08,820,6.25,25.34,21.72,23.53,88.96
2013-09-09,330,13.53,25.59,21.43,23.51,87.25
2013-09-10,270,25.58,24.1,21.6,22.85,90.53
2013-09-11,210,6.41,24.78,21.76,23.27,91.37
2013-09-12,330,20.53,26.23,22.15,24.19,92.02
2013-09-13,270,5.12,26.12,22.78,24.45,92.75
2013-09-14,330,34.11,25.44,23.34,24.39,94.5
2013-09-15,460,8.0,26.34,22.94,24.64,91.02
2013-09-16,420,2.96,26.24,22.4,24.32,90.92
2013-09-17,310,44.3,25.68,22.64,24.16,93.35
2013-09-18,170,31.08,25.28,22.76,24.02,90.3
2013-09-19,330,20.18,25.45,22.81,24.13,90.42
2013-09-20,150,43.5,25.08,22.12,23.6,93.07
2013-09-21,150,9.03,26.32,22.04,24.18,91.57
2013-09-22,130,4.02,26.08,21.76,23.92,89.45
2013-09-23,150,8.85,25.79,21.59,23.69,87.96
2013-09-24,90,11.33,26.37,22.21,24.29,87.96
2013-09-25,90,5.22,26.86,22.4,24.63,88.14
2013-09-26,110,0.78,26.91,21.95,24.43,88.55
2013-09-27,130,0.83,27.04,22.0,24.52,88.29
2013-09-28,210,0.58,26.74,21.82,24.28,85.54
2013-09-29,170,9.01,26.44,21.94,24.19,86.82
2013-09-30,210,12.15,26.32,22.44,24.38,89.02
2013-10-01,210,7.58,26.46,22.08,24.27,89.25
2013-10-02,560,1.08,26.0,21.9,23.95,88.55
2013-10-03,620,0.92,26.0,21.86,23.93,86.17
2013-10-04,820,5.72,26.24,21.7,23.97,85.13
2013-10-05,820,46.46,25.42,21.72,23.57,89.64
2013-10-06,820,8.58,26.94,22.12,24.53,88.94
2013-10-07,820,0.76,28.13,22.03,25.08,86.25
2013-10-08,820,12.56,26.98,22.78,24.88,88.42
2013-10-09,820,3.04,26.12,22.8,24.46,89.05
2013-10-10,820,0.6,26.71,22.27,24.49,86.01
2013-10-11,820,0.89,26.72,21.67,24.19,84.35
2013-10-12,820,13.72,26.63,22.01,24.32,87.95
2013-10-13,820,8.97,26.82,22.52,24.67,88.21
2013-10-14,820,0.31,27.31,22.51,24.91,87.04
2013-10-15,720,0.26,28.22,22.62,25.42,86.08
2013-10-16,420,7.6,26.99,23.29,25.14,90.33
2013-10-17,820,1.34,29.0,22.28,25.64,86.32
2013-10-18,460,4.98,29.42,22.12,25.77,84.64
2013-10-19,420,14.33,28.94,21.92,25.43,86.26
2013-10-20,420,1.09,28.32,21.44,24.88,80.73
2013-10-21,370,1.29,28.76,21.48,25.12,81.84
2013-10-22,520,7.54,28.42,22.42,25.42,83.85
2013-10-23,270,5.06,28.64,22.58,25.61,83.18
2013-10-24,270,15.78,26.59,22.51,24.55,87.5
2013-10-25,210,7.77,26.7,23.18,24.94,89.85
2013-10-26,210,16.97,26.6,22.66,24.63,88.15
2013-10-27,170,2.15,26.78,22.1,24.44,85.79
2013-10-28,170,2.26,26.55,22.01,24.28,84.52
2013-10-29,170,0.42,27.42,22.36,24.89,85.16
2013-10-30,310,0.08,26.56,22.56,24.56,85.79
2013-10-31,370,0.0,28.87,22.21,25.54,79.03
2013-11-01,460,0.06,29.25,22.75,26.0,80.99
2013-11-02,820,26.24,29.49,23.08,26.29,81.01
2013-11-03,820,9.28,28.5,22.78,25.64,83.83
2013-11-04,460,0.17,28.49,22.63,25.56,80.32
2013-11-05,520,0.0,28.26,21.66,24.96,77.29
2013-11-06,820,0.0,29.48,21.48,25.48,77.09
2013-11-07,720,0.07,29.2,21.42,25.31,76.76
2013-11-08,820,0.0,29.36,20.4,24.88,75.09
2013-11-09,820,0.0,28.53,19.75,24.14,69.65
2013-11-10,520,0.0,28.24,19.22,23.73,73.93
2013-11-11,520,0.0,29.24,20.15,24.69,74.0
2013-11-12,460,0.01,28.66,20.62,24.64,78.52
2013-11-13,820,5.47,28.23,21.23,24.73,77.57
2013-11-14,720,0.37,28.24,20.42,24.33,78.43
2013-11-15,560,0.0,27.52,17.3,22.41,72.22
2013-11-16,720,0.06,29.26,18.44,23.85,76.63
2013-11-17,620,0.23,27.64,21.4,24.52,81.79
2013-11-18,820,0.09,28.55,21.49,25.02,77.12
2013-11-19,820,0.0,28.86,21.8,25.33,74.4
2013-11-20,350,0.0,30.02,19.78,24.9,73.8
2013-11-21,460,0.0,29.22,19.02,24.12,69.4
2013-11-22,560,0.0,29.35,19.72,24.53,72.51
2013-11-23,720,1.16,29.32,21.08,25.2,75.89
2013-11-24,820,0.07,27.73,22.53,25.13,81.45
2013-11-25,310,0.12,27.6,22.3,24.95,82.76
2013-11-26,370,13.71,28.91,22.17,25.54,81.8
2013-11-27,370,1.78,28.05,21.51,24.78,82.19
2013-11-28,370,0.0,26.61,20.61,23.61,72.03
2013-11-29,310,0.0,28.34,20.26,24.3,74.81
2013-11-30,250,0.09,28.22,21.0,24.61,81.54
2013-12-01,210,2.54,29.62,21.44,25.53,79.2
2013-12-02,210,0.61,28.26,21.84,25.05,78.73
2013-12-03,210,0.0,28.52,21.7,25.11,73.45
2013-12-04,310,0.0,28.38,19.9,24.14,71.62
2013-12-05,520,0.0,28.36,18.16,23.26,71.82
2013-12-06,640,0.0,28.04,18.26,23.15,64.88
2013-12-07,820,0.0,27.18,17.5,22.34,70.67
2013-12-08,460,0.0,29.37,18.45,23.91,74.28
2013-12-09,560,0.0,29.16,17.8,23.48,67.25
2013-12-10,820,0.0,28.56,16.8,22.68,52.56
2013-12-11,820,0.0,28.49,15.05,21.77,61.19
2013-12-12,820,0.03,29.52,15.64,22.58,73.11
2013-12-13,820,0.01,28.88,20.22,24.55,76.83
2013-12-14,820,0.0,29.48,20.88,25.18,77.69
2013-12-15,720,0.0,30.26,17.08,23.67,69.69
2013-12-16,620,0.0,27.4,14.84,21.12,64.73
2013-12-17,720,0.0,27.3,15.44,21.37,62.25
2013-12-18,820,0.0,27.74,17.01,22.37,60.74
2013-12-19,820,0.0,27.64,17.98,22.81,64.86
2013-12-20,820,0.0,27.98,17.64,22.81,62.97
2013-12-21,820,0.0,27.78,17.9,22.84,70.88
2013-12-22,820,0.0,27.98,17.76,22.87,73.41
2013-12-23,820,0.0,27.3,17.2,22.25,71.87
2013-12-24,820,0.0,27.66,17.95,22.81,66.4
2013-12-25,820,0.0,28.14,18.72,23.43,70.26
2013-12-26,820,0.0,28.14,18.42,23.28,70.13
2013-12-27,820,0.0,27.44,18.48,22.96,68.66
2013-12-28,520,0.0,27.18,18.54,22.86,76.85
2013-12-29,310,0.0,27.44,19.22,23.33,72.74
2013-12-30,230,0.0,28.0,17.93,22.97,70.09
2013-12-31,230,0.0,27.82,17.5,22.66,72.82
2014-01-01,240,0.0,27.94,18.16,23.05,69.92
2014-01-02,520,0.0,27.64,17.65,22.65,71.52
2014-01-03,420,0.0,28.38,18.06,23.22,69.32
2014-01-04,660,0.0,28.68,18.88,23.78,74.86
2014-01-05,370,0.0,28.17,18.4,23.29,71.64
2014-01-06,330,0.0,28.72,17.52,23.12,69.28
2014-01-07,330,0.0,28.6,16.96,22.78,65.52
2014-01-08,420,0.0,28.96,17.98,23.47,64.97
2014-01-09,520,0.0,29.2,19.37,24.28,67.97
2014-01-10,460,0.0,28.66,19.18,23.92,75.5
2014-01-11,820,0.0,28.48,19.4,23.94,73.61
2014-01-12,460,0.0,28.86,19.84,24.35,73.97
2014-01-13,620,0.0,29.38,19.68,24.53,66.32
2014-01-14,520,0.0,28.7,19.94,24.32,69.6
2014-01-15,520,0.0,29.1,20.16,24.63,74.07
2014-01-16,820,0.0,29.03,20.79,24.91,73.67
2014-01-17,820,0.53,28.9,21.14,25.02,75.36
2014-01-18,820,0.0,28.72,21.3,25.01,73.32
2014-01-19,560,0.0,29.44,20.7,25.07,64.84
2014-01-20,460,0.0,29.62,21.02,25.32,68.23
2014-01-21,460,0.0,29.69,20.09,24.89,61.95
2014-01-22,820,0.0,29.32,19.98,24.65,69.1
2014-01-23,660,0.0,28.78,20.74,24.76,69.47
2014-01-24,620,0.0,28.37,20.49,24.43,70.61
2014-01-25,820,0.0,29.72,19.84,24.78,63.69
2014-01-26,310,0.0,29.94,19.6,24.77,61.29
2014-01-27,250,0.0,28.5,19.65,24.08,60.86
2014-01-28,230,0.0,29.06,18.6,23.83,63.16
2014-01-29,210,0.0,30.22,18.8,24.51,61.65
2014-01-30,230,0.0,29.21,19.47,24.34,61.85
2014-01-31,290,0.0,29.75,18.91,24.33,61.15
2014-02-01,620,0.0,30.08,18.98,24.53,59.17
2014-02-02,330,0.0,31.23,19.77,25.5,60.48
2014-02-03,210,0.0,30.96,19.6,25.28,62.37
2014-02-04,310,0.0,31.24,19.22,25.23,61.03
2014-02-05,210,0.0,30.72,19.34,25.03,61.82
2014-02-06,290,0.0,31.12,18.22,24.67,55.03
2014-02-07,270,0.0,30.7,18.12,24.41,63.26
2014-02-08,820,0.0,30.33,18.51,24.42,64.38
2014-02-09,270,0.0,30.12,19.06,24.59,65.32
2014-02-10,270,0.0,29.44,17.9,23.67,60.49
2014-02-11,270,0.0,31.17,18.63,24.9,58.32
2014-02-12,370,0.0,28.62,20.46,24.54,68.35
2014-02-13,420,0.0,28.2,20.2,24.2,72.85
2014-02-14,420,0.0,28.21,20.03,24.12,71.88
2014-02-15,390,0.0,28.38,19.58,23.98,68.28
2014-02-16,520,0.0,28.41,18.89,23.65,70.17
2014-02-17,520,0.0,30.49,18.69,24.59,61.69
2014-02-18,620,0.0,31.76,20.6,26.18,66.31
2014-02-19,460,0.0,30.53,20.94,25.74,68.94
2014-02-20,460,0.0,30.06,20.96,25.51,69.94
2014-02-21,390,0.0,29.97,21.27,25.62,68.14
2014-02-22,520,0.0,30.72,20.9,25.81,70.73
2014-02-23,560,0.0,32.04,20.94,26.49,61.92
2014-02-24,330,0.0,32.08,20.5,26.29,59.33
2014-02-25,210,0.0,31.96,21.9,26.93,70.34
2014-02-26,210,0.04,30.6,22.34,26.47,73.46
2014-02-27,270,0.96,30.21,22.09,26.15,72.47
2014-02-28,270,0.03,30.4,21.16,25.78,70.37
2014-03-01,310,0.0,31.26,19.42,25.34,65.17
2014-03-02,230,0.01,30.14,18.9,24.52,59.06
2014-03-03,130,0.52,30.62,19.22,24.92,62.02
2014-03-04,270,0.06,30.2,20.36,25.28,70.13
2014-03-05,250,0.01,30.8,19.88,25.34,68.67
2014-03-06,290,0.0,30.92,19.76,25.34,66.22
2014-03-07,270,0.92,33.21,20.99,27.1,59.22
2014-03-08,520,0.69,33.25,21.85,27.55,62.36
2014-03-09,210,0.29,32.22,22.64,27.43,64.79
2014-03-10,170,0.01,32.0,22.88,27.44,65.4
2014-03-11,150,0.0,32.51,22.81,27.66,63.03
2014-03-12,170,0.0,30.56,22.7,26.63,56.97
2014-03-13,230,0.0,33.68,20.88,27.28,47.68
2014-03-14,330,0.0,34.98,20.78,27.88,54.56
2014-03-15,330,0.0,34.7,21.02,27.86,54.14
2014-03-16,460,0.0,36.07,20.99,28.53,49.79
2014-03-17,310,0.0,35.19,21.49,28.34,56.09
2014-03-18,250,0.0,35.25,21.5,28.38,52.08
2014-03-19,370,0.0,34.83,21.86,28.34,58.16
2014-03-20,250,0.0,34.26,22.38,28.32,65.02
2014-03-21,310,0.0,33.52,23.64,28.58,65.26
2014-03-22,170,0.0,34.15,22.71,28.43,58.26
2014-03-23,210,0.0,33.67,22.64,28.16,60.51
2014-03-24,210,0.0,33.85,22.86,28.36,61.07
2014-03-25,170,0.0,34.97,22.11,28.54,56.68
2014-03-26,170,0.0,36.37,22.03,29.2,53.61
2014-03-27,170,0.0,34.26,22.64,28.45,60.13
2014-03-28,210,0.0,35.59,22.29,28.94,54.24
2014-03-29,190,0.0,36.39,22.13,29.26,54.68
2014-03-30,290,0.0,34.21,23.97,29.09,64.64
2014-03-31,250,0.0,32.81,24.01,28.41,66.02
2014-04-01,230,0.18,33.88,23.74,28.81,64.73
2014-04-02,150,0.02,33.93,23.69,28.81,59.1
2014-04-03,170,0.06,35.57,24.23,29.9,57.23
2014-04-04,210,0.06,34.53,23.51,29.02,62.42
2014-04-05,210,0.0,35.45,23.03,29.24,62.86
2014-04-06,290,0.0,34.79,23.85,29.32,62.62
2014-04-07,250,0.0,32.66,24.16,28.41,67.58
2014-04-08,230,5.11,31.82,23.5,27.66,70.13
2014-04-09,210,2.02,30.96,22.8,26.88,68.77
2014-04-10,250,0.01,34.68,22.66,28.67,63.09
2014-04-11,310,0.36,33.45,23.11,28.28,64.66
2014-04-12,330,0.02,34.97,22.63,28.8,57.47
2014-04-13,390,1.82,34.9,22.74,28.82,55.75
2014-04-14,370,5.63,33.99,23.03,28.51,61.38
2014-04-15,370,2.33,32.93,23.35,28.14,67.85
2014-04-16,170,1.66,32.95,23.25,28.1,69.3
2014-04-17,170,1.22,32.36,23.26,27.81,70.29
2014-04-18,210,0.37,32.52,23.9,28.21,69.94
2014-04-19,420,0.05,31.08,24.46,27.77,73.74
2014-04-20,190,0.0,31.9,24.48,28.19,69.89
2014-04-21,130,0.0,32.08,24.68,28.38,70.49
2014-04-22,150,0.0,32.58,24.52,28.55,70.13
2014-04-23,310,0.0,31.28,24.5,27.89,73.61
2014-04-24,250,0.0,33.58,24.35,28.97,67.61
2014-04-25,150,0.0,32.82,24.54,28.68,70.49
2014-04-26,230,1.12,31.52,25.16,28.34,72.14
2014-04-27,250,0.12,32.75,25.03,28.89,68.29
2014-04-28,190,0.02,31.17,24.86,28.01,72.74
2014-04-29,190,0.97,31.72,24.68,28.2,74.08
2014-04-30,330,3.12,31.18,25.02,28.1,76.12
2014-05-01,420,5.5,31.03,24.33,27.68,76.78
2014-05-02,270,2.86,33.18,23.94,28.56,72.04
2014-05-03,350,3.95,33.48,24.36,28.92,71.63
2014-05-04,460,0.18,33.69,24.75,29.22,70.37
2014-05-05,330,2.18,32.02,24.86,28.44,73.11
2014-05-06,230,3.05,32.52,24.26,28.39,73.58
2014-05-07,390,8.73,31.7,22.92,27.31,74.33
2014-05-08,390,53.81,27.67,23.58,25.63,86.19
2014-05-09,420,0.99,28.63,24.59,26.61,82.8
2014-05-10,560,0.01,29.83,23.99,26.91,79.21
2014-05-11,560,0.01,31.78,22.52,27.15,71.84
2014-05-12,310,0.0,32.34,22.24,27.29,70.25
2014-05-13,390,0.0,32.56,22.54,27.55,72.64
2014-05-14,460,0.0,31.92,22.9,27.41,71.1
2014-05-15,210,0.0,30.95,22.91,26.93,71.83
2014-05-16,150,0.0,31.39,22.79,27.09,69.32
2014-05-17,270,0.04,31.88,23.64,27.76,73.04
2014-05-18,390,0.2,32.26,24.53,28.4,75.22
2014-05-19,150,7.81,30.7,24.9,27.8,80.57
2014-05-20,170,3.2,27.53,23.79,25.66,81.95
2014-05-21,210,12.66,29.59,23.53,26.56,79.89
2014-05-22,290,1.84,29.93,24.01,26.97,81.92
2014-05-23,230,0.02,29.74,24.44,27.09,79.08
2014-05-24,210,0.08,28.66,24.08,26.37,75.44
2014-05-25,170,0.04,31.05,24.45,27.75,73.11
2014-05-26,110,0.4,31.72,24.08,27.9,73.61
2014-05-27,90,2.05,31.63,23.65,27.64,71.79
2014-05-28,90,11.92,30.88,24.72,27.8,79.63
2014-05-29,190,13.7,28.41,24.49,26.45,86.85
2014-05-30,130,5.08,29.66,24.56,27.11,84.9
2014-05-31,150,2.12,29.74,24.72,27.23,82.87
2014-06-01,110,0.15,31.0,24.28,27.64,77.4
2014-06-02,90,33.31,30.8,24.2,27.5,79.24
2014-06-03,90,0.95,28.68,24.46,26.57,83.94
2014-06-04,110,5.36,29.69,24.53,27.11,82.62
2014-06-05,90,10.18,28.66,24.82,26.74,86.89
2014-06-06,110,5.22,28.68,24.86,26.77,87.59
2014-06-07,190,3.91,27.7,24.42,26.06,87.28
2014-06-08,150,24.45,28.64,24.12,26.38,85.25
2014-06-09,110,14.08,27.62,24.32,25.97,86.42
2014-06-10,110,25.71,27.86,24.26,26.06,88.95
2014-06-11,190,59.65,27.1,24.08,25.59,89.11
2014-06-12,170,50.71,27.99,23.53,25.76,86.63
2014-06-13,230,41.45,27.59,23.63,25.61,87.7
2014-06-14,250,20.02,27.82,23.8,25.81,86.91
2014-06-15,390,6.59,27.2,23.96,25.58,87.35
2014-06-16,190,77.43,27.96,24.42,26.19,87.36
2014-06-17,90,24.9,27.13,24.39,25.76,88.87
2014-06-18,130,17.39,26.74,24.78,25.76,90.5
2014-06-19,150,16.68,27.56,24.38,25.97,87.63
2014-06-20,190,25.7,27.98,24.34,26.16,87.31
2014-06-21,210,24.36,27.36,24.32,25.84,88.0
2014-06-22,90,19.65,26.98,24.32,25.65,89.46
2014-06-23,130,8.71,26.89,24.11,25.5,89.55
2014-06-24,90,2.94,28.12,23.32,25.72,85.4
2014-06-25,90,1.17,28.55,23.25,25.9,83.19
2014-06-26,110,0.03,29.28,23.36,26.32,82.86
2014-06-27,170,0.3,28.92,23.86,26.39,86.14
2014-06-28,150,2.77,28.27,24.11,26.19,87.7
2014-06-29,150,9.92,27.82,24.16,25.99,86.69
2014-06-30,150,14.43,27.96,23.88,25.92,86.97
2014-07-01,110,27.69,27.5,24.08,25.79,88.77
2014-07-02,110,4.79,27.89,23.59,25.74,85.25
2014-07-03,130,6.34,27.9,23.6,25.75,85.03
2014-07-04,10,3.38,27.86,23.76,25.81,86.83
2014-07-05,150,20.16,26.94,23.06,25.0,90.04
2014-07-06,130,12.59,26.31,21.65,23.98,88.31
2014-07-07,90,38.38,24.24,21.24,22.74,87.43
2014-07-08,90,20.79,26.15,21.64,23.9,88.31
2014-07-09,90,53.69,25.98,22.44,24.21,91.4
2014-07-10,150,54.34,26.18,23.6,24.89,92.08
2014-07-11,190,32.56,26.01,24.15,25.08,90.73
2014-07-12,230,117.97,25.67,24.19,24.93,92.52
2014-07-13,210,94.65,25.7,23.83,24.76,93.42
2014-07-14,370,66.88,26.12,24.14,25.13,92.82
2014-07-15,310,40.43,25.56,24.04,24.8,92.73
2014-07-16,270,15.88,26.36,23.82,25.09,90.79
2014-07-17,270,10.22,26.06,23.52,24.79,91.2
2014-07-18,190,74.22,26.53,23.55,25.04,91.17
2014-07-19,170,63.06,26.19,23.69,24.94,91.32
2014-07-20,150,32.71,25.72,23.24,24.48,92.03
2014-07-21,170,28.01,25.7,23.52,24.61,92.64
2014-07-22,190,21.97,25.6,23.65,24.63,92.98
2014-07-23,150,46.13,25.3,23.26,24.28,92.69
2014-07-24,190,29.0,25.52,23.38,24.45,92.91
2014-07-25,230,26.71,26.42,23.02,24.72,91.24
2014-07-26,230,34.12,26.43,22.93,24.68,91.46
2014-07-27,330,33.97,26.42,23.3,24.86,91.69
2014-07-28,420,12.42,25.59,23.31,24.45,92.53
2014-07-29,330,9.6,25.94,23.32,24.63,91.19
2014-07-30,420,53.44,25.11,23.31,24.21,93.32
2014-07-31,520,114.94,25.6,23.8,24.7,94.26
2014-08-01,420,76.29,25.72,23.82,24.77,93.41
2014-08-02,620,48.03,25.49,23.69,24.59,93.37
2014-08-03,520,28.68,25.82,23.6,24.71,93.38
2014-08-04,370,50.41,25.3,23.14,24.22,93.36
2014-08-05,290,52.11,24.78,22.98,23.88,93.03
2014-08-06,720,79.63,25.38,23.06,24.22,92.7
2014-08-07,620,62.52,25.66,23.02,24.34,93.28
2014-08-08,820,38.67,25.6,22.96,24.28,92.58
2014-08-09,820,38.26,25.47,22.73,24.1,92.1
2014-08-10,820,29.24,25.4,22.82,24.11,91.6
2014-08-11,820,32.07,24.67,22.89,23.78,92.98
2014-08-12,820,21.95,25.05,22.33,23.69,91.52
2014-08-13,820,15.01,25.2,22.2,23.7,90.48
2014-08-14,820,8.25,24.94,22.22,23.58,92.56
2014-08-15,820,7.73,25.28,22.36,23.82,91.97
2014-08-16,820,15.16,24.97,22.63,23.8,91.58
2014-08-17,620,9.34,26.28,22.58,24.43,90.52
2014-08-18,310,28.29,25.3,22.54,23.92,91.72
2014-08-19,370,12.68,26.04,22.34,24.19,90.88
2014-08-20,250,5.72,27.78,22.36,25.07,89.29
2014-08-21,310,26.03,27.16,23.54,25.35,93.45
2014-08-22,270,23.35,27.11,23.95,25.53,94.31
2014-08-23,250,11.92,26.96,23.1,25.03,91.75
2014-08-24,170,45.24,25.52,22.98,24.25,92.68
2014-08-25,250,55.81,25.4,22.64,24.02,91.96
2014-08-26,310,19.82,25.0,22.76,23.88,91.82
2014-08-27,720,26.1,24.54,22.88,23.71,93.57
2014-08-28,810,69.04,24.4,22.72,23.56,92.42
2014-08-29,620,38.46,24.94,22.24,23.59,90.4
2014-08-30,820,68.63,24.52,22.26,23.39,89.75
2014-08-31,820,28.65,25.38,22.68,24.03,89.84
2014-09-01,420,29.94,25.26,23.22,24.24,91.77
2014-09-02,520,21.49,25.85,23.51,24.68,92.73
2014-09-03,820,35.14,26.25,22.73,24.49,91.46
2014-09-04,620,31.31,26.22,22.86,24.54,90.69
2014-09-05,520,11.56,24.68,23.0,23.84,92.7
2014-09-06,820,41.29,25.48,22.96,24.22,92.28
2014-09-07,520,10.39,25.57,22.61,24.09,91.64
2014-09-08,310,11.02,26.08,22.34,24.21,89.4
2014-09-09,250,4.28,26.33,22.24,24.28,88.34
2014-09-10,230,5.4,26.3,22.2,24.25,88.26
2014-09-11,230,1.92,26.56,22.0,24.28,87.47
2014-09-12,170,1.81,27.03,22.05,24.54,87.14
2014-09-13,130,4.57,26.41,22.57,24.49,89.87
2014-09-14,210,34.0,26.5,22.76,24.63,90.0
2014-09-15,250,10.96,25.9,22.7,24.3,90.37
2014-09-16,210,6.91,25.46,22.18,23.82,90.25
2014-09-17,170,2.47,26.26,22.12,24.19,88.58
2014-09-18,290,10.63,26.32,22.36,24.34,89.06
2014-09-19,230,3.26,26.51,22.2,24.35,88.38
2014-09-20,250,1.22,26.8,22.2,24.5,87.46
2014-09-21,270,0.03,27.38,22.02,24.7,85.63
2014-09-22,420,0.3,28.32,22.42,25.37,86.93
2014-09-23,330,2.31,27.71,23.03,25.37,90.19
2014-09-24,820,16.13,27.42,23.44,25.43,91.71
2014-09-25,820,13.99,28.18,23.4,25.79,90.59
2014-09-26,820,7.05,26.83,23.19,25.01,92.24
2014-09-27,820,0.46,28.15,23.05,25.6,87.3
2014-09-28,820,6.07,29.33,22.74,26.03,84.12
2014-09-29,820,5.65,28.74,22.86,25.8,84.33
2014-09-30,820,6.37,27.65,22.91,25.28,88.55
2014-10-01,820,2.07,28.22,22.14,25.18,88.02
2014-10-02,820,0.12,29.67,22.05,25.86,82.02
2014-10-03,520,4.74,28.98,22.72,25.85,84.38
2014-10-04,660,0.53,26.86,23.3,25.08,90.14
2014-10-05,190,5.1,27.12,23.46,25.29,90.58
2014-10-06,150,1.56,26.16,22.96,24.56,89.11
2014-10-07,150,5.57,27.69,22.35,25.02,83.7
2014-10-08,130,0.41,27.43,22.71,25.07,85.56
2014-10-09,230,0.71,27.84,23.01,25.42,87.67
2014-10-10,150,3.72,28.13,23.45,25.79,89.34
2014-10-11,290,5.27,27.11,24.47,25.79,92.76
2014-10-12,170,0.83,29.22,23.0,26.11,87.26
2014-10-13,210,0.01,28.53,22.67,25.6,83.32
2014-10-14,170,0.0,28.86,22.66,25.76,80.39
2014-10-15,250,1.15,29.06,22.88,25.97,81.85
2014-10-16,350,0.11,29.07,23.01,26.04,80.96
2014-10-17,370,4.92,29.18,22.64,25.91,78.77
2014-10-18,350,5.26,28.26,22.3,25.28,83.55
2014-10-19,210,3.19,29.22,22.02,25.62,80.09
2014-10-20,270,2.0,28.84,21.04,24.94,77.4
2014-10-21,310,0.34,28.48,21.3,24.89,76.0
2014-10-22,420,0.04,29.24,21.54,25.39,77.41
2014-10-23,330,15.03,27.7,22.38,25.04,82.13
2014-10-24,460,22.35,27.32,22.22,24.77,85.62
2014-10-25,620,51.41,24.88,22.51,23.69,91.17
2014-10-26,290,24.87,27.49,22.13,24.81,82.97
2014-10-27,310,4.25,28.38,21.74,25.06,81.87
2014-10-28,210,0.79,28.97,21.81,25.39,80.89
2014-10-29,190,0.0,29.37,20.53,24.95,77.87
2014-10-30,250,0.01,27.64,20.12,23.88,76.11
2014-10-31,310,0.0,28.89,18.69,23.79,72.84
2014-11-01,370,0.12,29.72,19.58,24.65,74.72
2014-11-02,150,3.1,28.66,21.96,25.31,76.36
2014-11-03,250,0.45,28.78,21.7,25.24,72.44
2014-11-04,290,0.0,28.7,21.48,25.09,72.09
2014-11-05,250,0.0,28.14,21.28,24.71,76.61
2014-11-06,290,0.0,28.98,20.9,24.94,70.71
2014-11-07,290,0.0,29.53,21.12,25.33,69.12
2014-11-08,620,0.0,29.32,21.18,25.25,68.88
2014-11-09,270,0.0,28.71,20.97,24.84,76.86
2014-11-10,210,0.0,28.89,21.83,25.36,73.81
2014-11-11,250,0.0,29.25,22.57,25.91,79.29
2014-11-12,190,0.24,29.06,22.1,25.58,76.23
2014-11-13,250,9.0,28.46,21.34,24.9,80.36
2014-11-14,310,7.49,25.94,22.36,24.15,84.78
2014-11-15,370,1.7,28.1,21.46,24.78,82.09
2014-11-16,420,0.0,28.12,19.42,23.77,76.91
2014-11-17,370,0.0,28.3,18.94,23.62,76.61
2014-11-18,270,0.0,28.08,18.89,23.48,76.96
2014-11-19,310,0.0,28.92,19.69,24.3,77.01
2014-11-20,420,0.0,26.98,19.22,23.1,79.34
2014-11-21,720,0.0,29.38,19.68,24.53,71.82
2014-11-22,820,0.0,29.02,20.4,24.71,71.21
2014-11-23,820,1.13,28.93,19.15,24.04,76.25
2014-11-24,420,0.01,27.74,18.42,23.08,74.27
2014-11-25,520,0.0,27.72,18.21,22.96,73.9
2014-11-26,820,0.0,27.3,17.4,22.35,74.01
2014-11-27,820,0.0,27.9,16.8,22.35,69.24
2014-11-28,720,0.0,27.18,16.42,21.8,68.59
2014-11-29,820,0.0,27.34,16.42,21.88,67.36
2014-11-30,820,0.0,27.04,18.21,22.62,66.1
2014-12-01,520,0.0,28.02,18.69,23.35,68.96
2014-12-02,660,0.0,29.44,18.92,24.18,73.36
2014-12-03,420,0.0,28.66,17.84,23.25,69.57
2014-12-04,540,0.0,28.56,16.69,22.62,67.28
2014-12-05,820,0.0,28.06,16.4,22.23,67.68
2014-12-06,820,0.0,28.48,17.56,23.02,68.45
2014-12-07,520,0.0,28.65,19.81,24.23,71.24
2014-12-08,420,0.45,29.45,20.91,25.18,75.98
2014-12-09,350,0.23,28.82,21.74,25.28,79.55
2014-12-10,420,3.02,28.36,21.86,25.11,80.82
2014-12-11,720,1.8,24.67,21.37,23.02,84.01
2014-12-12,520,4.53,26.48,20.9,23.69,82.07
2014-12-13,820,1.05,25.98,21.34,23.66,79.74
2014-12-14,820,0.92,26.8,21.74,24.27,78.16
2014-12-15,820,9.02,28.6,21.32,24.96,78.58
2014-12-16,620,1.85,29.01,20.45,24.73,76.16
2014-12-17,370,0.0,28.2,21.06,24.63,76.17
2014-12-18,370,0.0,28.88,21.06,24.97,75.42
2014-12-19,460,0.0,28.26,21.28,24.77,76.01
2014-12-20,370,0.0,27.65,21.05,24.35,74.43
2014-12-21,290,0.0,28.72,19.3,24.01,73.68
2014-12-22,460,0.0,28.16,18.56,23.36,63.08
2014-12-23,820,0.0,28.46,19.18,23.82,71.55
2014-12-24,820,0.0,28.8,18.45,23.63,72.06
2014-12-25,820,0.0,28.63,17.23,22.93,71.84
2014-12-26,820,0.0,26.05,15.91,20.98,70.27
2014-12-27,820,0.0,27.48,15.94,21.71,66.36
2014-12-28,820,0.0,29.18,17.92,23.55,69.55
2014-12-29,820,0.0,28.42,20.8,24.61,77.66
2014-12-30,720,0.0,28.04,20.82,24.43,82.96
2014-12-31,520,0.0,27.26,20.62,23.94,82.86
2015-01-01,720,0.57,25.86,19.89,22.87,80.82
2015-01-02,660,0.05,25.56,20.15,22.85,77.72
2015-01-03,620,0.0,26.42,18.7,22.56,77.29
2015-01-04,420,0.0,27.81,18.63,23.22,76.83
2015-01-05,420,0.03,28.15,19.74,23.94,76.79
2015-01-06,370,0.0,28.75,19.95,24.35,72.51
2015-01-07,330,0.0,27.87,19.11,23.49,77.68
2015-01-08,420,0.0,27.74,19.14,23.44,73.62
2015-01-09,620,0.0,28.63,17.91,23.27,71.64
2015-01-10,820,0.0,28.12,14.4,21.26,62.53
2015-01-11,520,0.0,26.99,13.57,20.28,59.47
2015-01-12,660,0.0,26.9,13.82,20.36,59.38
2015-01-13,820,0.0,27.61,14.59,21.1,56.11
2015-01-14,820,0.0,27.88,15.86,21.87,58.83
2015-01-15,820,0.0,27.92,17.01,22.46,58.96
2015-01-16,660,0.0,28.52,17.52,23.02,60.31
2015-01-17,820,0.0,29.13,18.61,23.87,66.5
2015-01-18,420,0.0,29.1,19.5,24.3,67.61
2015-01-19,370,0.0,29.07,19.79,24.43,66.18
2015-01-20,350,0.0,28.16,19.73,23.94,71.01
2015-01-21,820,0.0,28.74,19.36,24.05,64.91
2015-01-22,620,0.0,28.12,18.7,23.41,64.94
2015-01-23,820,0.0,29.34,18.84,24.09,62.4
2015-01-24,820,0.0,27.48,19.56,23.52,68.37
2015-01-25,820,0.0,29.63,19.37,24.5,64.82
2015-01-26,420,0.0,28.72,17.49,23.11,57.48
2015-01-27,390,0.0,29.56,18.36,23.96,65.81
2015-01-28,370,0.0,29.66,19.22,24.44,72.99
2015-01-29,420,0.0,29.66,20.26,24.96,67.49
2015-01-30,420,0.0,30.56,20.24,25.4,63.69
2015-01-31,520,0.0,30.17,18.97,24.57,59.33
2015-02-01,330,0.0,30.48,19.32,24.9,61.24
2015-02-02,520,0.0,29.98,18.77,24.38,58.7
2015-02-03,460,0.0,29.3,17.94,23.62,54.56
2015-02-04,820,0.0,27.59,17.97,22.78,52.63
2015-02-05,820,0.0,29.28,17.8,23.54,52.21
2015-02-06,820,0.0,28.98,18.77,23.88,65.92
2015-02-07,820,0.0,29.45,19.85,24.65,66.85
2015-02-08,820,0.0,29.41,19.77,24.59,62.9
2015-02-09,720,0.0,28.98,19.58,24.28,61.91
2015-02-10,820,0.0,30.64,18.18,24.41,56.33
2015-02-11,720,0.0,30.84,17.56,24.2,50.7
2015-02-12,820,0.0,31.28,17.52,24.4,61.22
2015-02-13,660,0.0,31.78,17.22,24.5,58.44
2015-02-14,520,0.0,31.76,19.16,25.46,58.28
2015-02-15,370,0.0,31.1,18.84,24.97,61.82
2015-02-16,330,0.0,31.7,19.84,25.77,64.59
2015-02-17,290,0.0,31.06,19.72,25.39,67.43
2015-02-18,330,0.0,31.62,19.6,25.61,66.15
2015-02-19,230,0.0,30.16,20.74,25.45,70.08
2015-02-20,230,0.0,31.32,20.26,25.79,63.48
2015-02-21,620,0.0,32.1,18.88,25.49,52.11
2015-02-22,250,0.0,31.89,18.73,25.31,48.84
2015-02-23,310,0.0,32.48,19.06,25.77,52.83
2015-02-24,270,0.0,32.01,19.01,25.51,59.42
2015-02-25,420,0.02,30.86,19.9,25.38,64.84
2015-02-26,310,0.03,31.34,19.77,25.56,68.09
2015-02-27,350,0.08,31.33,21.07,26.2,64.76
2015-02-28,390,0.37,30.75,21.39,26.07,65.75
2015-03-01,210,6.31,30.26,21.36,25.81,72.95
2015-03-02,230,2.27,28.96,20.76,24.86,75.8
2015-03-03,270,0.09,29.58,19.88,24.73,71.39
2015-03-04,290,0.01,29.15,19.5,24.33,71.11
2015-03-05,520,0.0,31.66,19.4,25.53,68.45
2015-03-06,460,0.27,31.64,21.44,26.54,70.08
2015-03-07,430,0.22,32.14,21.78,26.96,67.27
2015-03-08,350,2.64,30.36,22.67,26.51,69.48
2015-03-09,230,0.45,30.6,22.5,26.55,69.79
2015-03-10,210,0.16,32.65,21.57,27.11,62.84
2015-03-11,170,0.03,33.44,20.82,27.13,49.53
2015-03-12,290,0.0,33.73,21.17,27.45,57.5
2015-03-13,290,0.0,32.48,21.92,27.2,66.48
2015-03-14,310,0.0,32.54,22.28,27.41,64.83
2015-03-15,230,0.36,31.74,23.12,27.43,68.74
2015-03-16,150,0.04,31.62,23.3,27.46,70.82
2015-03-17,130,0.0,32.65,23.18,27.91,67.54
2015-03-18,150,0.0,32.62,23.3,27.96,66.2
2015-03-19,170,0.0,31.7,23.2,27.45,66.18
2015-03-20,210,0.0,33.72,22.44,28.08,63.23
2015-03-21,250,0.0,34.62,22.12,28.37,58.0
2015-03-22,210,0.0,33.43,21.99,27.71,66.01
2015-03-23,210,0.0,33.67,22.0,27.84,66.28
2015-03-24,270,0.01,34.53,23.14,28.84,64.33
2015-03-25,170,0.03,33.2,23.42,28.31,67.6
2015-03-26,170,0.02,32.36,23.36,27.86,66.97
2015-03-27,230,0.5,32.64,22.7,27.67,65.69
2015-03-28,310,0.45,32.24,22.72,27.48,66.97
2015-03-29,190,7.04,32.76,23.06,27.91,66.39
2015-03-30,150,4.16,29.17,23.99,26.58,78.16
2015-03-31,170,2.29,29.57,23.83,26.7,78.44
2015-04-01,190,7.57,31.18,23.56,27.37,74.81
2015-04-02,190,1.59,31.7,23.54,27.62,72.2
2015-04-03,210,0.12,32.31,22.57,27.44,68.28
2015-04-04,190,0.03,33.28,22.15,27.72,64.06
2015-04-05,210,0.01,35.03,22.19,28.61,59.8
2015-04-06,230,0.59,33.48,23.04,28.26,67.59
2015-04-07,170,0.75,31.84,23.42,27.63,68.7
2015-04-08,150,0.96,32.16,23.46,27.81,67.43
2015-04-09,270,0.53,29.99,24.23,27.11,72.05
2015-04-10,230,1.28,30.08,24.02,27.05,72.76
2015-04-11,250,1.31,28.26,23.7,25.98,71.59
2015-04-12,310,4.72,31.18,23.22,27.2,70.59
2015-04-13,290,4.64,30.2,22.52,26.36,73.54
2015-04-14,460,0.45,31.02,21.96,26.49,68.76
2015-04-15,210,0.02,32.89,21.73,27.31,61.78
2015-04-16,290,0.0,34.34,22.24,28.29,61.23
2015-04-17,270,0.03,33.0,23.12,28.06,64.59
2015-04-18,260,0.03,33.3,23.52,28.41,66.0
2015-04-19,250,0.09,33.56,24.01,28.78,67.47
2015-04-20,290,0.04,32.2,24.4,28.3,69.53
2015-04-21,290,5.94,31.17,24.41,27.79,75.26
2015-04-22,290,6.24,29.9,24.4,27.15,80.91
2015-04-23,420,12.35,27.82,24.32,26.07,86.56
2015-04-24,330,3.69,30.78,23.9,27.34,78.47
2015-04-25,390,1.53,27.6,23.98,25.79,82.21
2015-04-26,460,1.25,32.24,23.2,27.72,69.38
2015-04-27,350,0.85,32.85,23.21,28.03,69.76
2015-04-28,270,0.54,33.24,23.33,28.28,69.73
2015-04-29,270,0.84,33.14,23.46,28.3,69.77
2015-04-30,420,0.84,31.48,23.3,27.39,72.95
2015-05-01,520,0.9,32.66,23.14,27.9,70.78
2015-05-02,560,2.16,30.78,23.44,27.11,75.72
2015-05-03,560,1.37,32.03,23.32,27.67,70.66
2015-05-04,310,3.96,31.64,23.78,27.71,72.93
2015-05-05,520,14.26,31.66,24.06,27.86,74.5
2015-05-06,420,1.19,31.65,24.13,27.89,75.47
2015-05-07,620,2.09,29.13,24.75,26.94,82.28
2015-05-08,620,1.15,29.72,24.5,27.11,81.5
2015-05-09,720,0.51,30.0,24.52,27.26,81.11
2015-05-10,620,1.57,28.63,24.91,26.77,82.74
2015-05-11,290,14.8,28.29,24.55,26.42,86.0
2015-05-12,370,17.66,29.12,24.17,26.65,83.02
2015-05-13,170,21.41,29.23,23.55,26.39,81.05
2015-05-14,290,8.66,32.04,23.88,27.96,75.66
2015-05-15,170,18.32,30.01,24.87,27.44,78.61
2015-05-16,110,13.27,28.73,24.33,26.53,85.16
2015-05-17,90,4.86,29.98,24.1,27.04,83.73
2015-05-18,90,8.65,27.54,24.4,25.97,85.41
2015-05-19,150,0.98,29.16,24.26,26.71,83.32
2015-05-20,210,0.2,30.15,24.39,27.27,79.99
2015-05-21,170,0.07,29.84,24.86,27.35,80.97
2015-05-22,150,0.12,30.26,23.72,26.99,74.41
2015-05-23,290,0.06,28.77,23.63,26.2,83.53
2015-05-24,450,0.28,29.96,24.32,27.14,82.2
2015-05-25,230,0.03,30.28,24.68,27.48,81.94
2015-05-26,230,0.48,30.34,24.66,27.5,80.13
2015-05-27,310,2.67,29.36,24.6,26.98,82.23
2015-05-28,210,2.29,28.95,24.69,26.82,83.45
2015-05-29,210,19.98,28.94,24.0,26.47,83.41
2015-05-30,460,8.37,30.64,23.58,27.11,77.37
2015-05-31,210,14.59,29.44,24.1,26.77,84.12
2015-06-01,130,5.21,27.7,24.22,25.96,86.03
2015-06-02,210,2.22,27.04,23.6,25.32,86.82
2015-06-03,230,1.98,28.72,23.76,26.24,84.82
2015-06-04,110,36.1,28.56,24.01,26.28,87.94
2015-06-05,270,4.62,27.85,23.71,25.78,85.57
2015-06-06,720,5.54,29.82,23.62,26.72,82.14
2015-06-07,170,15.83,28.42,23.26,25.84,85.7
2015-06-08,130,39.69,26.54,23.38,24.96,88.94
2015-06-09,110,34.76,27.04,22.82,24.93,87.09
2015-06-10,130,27.62,28.14,22.9,25.52,83.86
2015-06-11,130,40.31,27.12,23.16,25.14,89.07
2015-06-12,130,28.42,25.35,22.93,24.14,89.74
2015-06-13,190,29.21,26.95,22.59,24.77,84.37
2015-06-14,250,25.65,26.44,22.7,24.57,84.74
2015-06-15,210,17.34,26.48,22.67,24.58,85.26
2015-06-16,110,40.69,26.45,22.41,24.43,85.1
2015-06-17,70,36.78,25.7,22.54,24.12,86.91
2015-06-18,190,36.78,26.27,23.43,24.85,88.95
2015-06-19,170,45.53,26.72,24.86,25.79,90.9
2015-06-20,210,36.68,26.69,24.39,25.54,89.66
2015-06-21,170,39.39,26.48,24.7,25.59,90.44
2015-06-22,110,39.9,26.72,24.7,25.71,91.14
2015-06-23,110,24.46,27.53,24.63,26.08,89.63
2015-06-24,210,26.19,27.16,24.6,25.88,90.01
2015-06-25,130,52.65,27.3,24.76,26.03,90.1
2015-06-26,210,27.54,27.26,24.66,25.96,90.46
2015-06-27,250,5.94,26.94,24.36,25.65,90.02
2015-06-28,130,6.0,26.52,24.1,25.31,90.51
2015-06-29,130,8.08,27.57,23.81,25.69,87.84
2015-06-30,130,19.75,26.68,23.72,25.2,89.76
2015-07-01,110,15.61,27.19,23.25,25.22,88.25
2015-07-02,330,14.64,27.04,23.48,25.26,88.86
2015-07-03,250,20.01,27.16,23.38,25.27,89.25
2015-07-04,250,10.86,27.56,23.36,25.46,87.8
2015-07-05,270,14.74,27.82,23.14,25.48,86.3
2015-07-06,210,12.66,27.38,23.2,25.29,84.85
2015-07-07,190,18.09,27.72,23.22,25.47,84.69
2015-07-08,190,34.88,27.42,23.64,25.53,87.22
2015-07-09,250,96.32,26.96,23.98,25.47,90.76
2015-07-10,230,43.88,26.64,24.1,25.37,91.13
2015-07-11,330,39.11,26.59,23.91,25.25,90.58
2015-07-12,250,19.26,26.92,23.4,25.16,90.5
2015-07-13,520,6.06,27.36,23.16,25.26,88.51
2015-07-14,420,11.66,27.56,23.36,25.46,89.96
2015-07-15,520,30.12,26.68,23.66,25.17,90.26
2015-07-16,820,21.05,26.38,23.86,25.12,90.57
2015-07-17,460,35.36,26.62,24.06,25.34,90.36
2015-07-18,420,56.39,26.56,24.18,25.37,91.06
2015-07-19,250,64.81,25.55,23.57,24.56,92.2
2015-07-20,310,35.81,25.98,23.88,24.93,91.36
2015-07-21,170,19.25,26.33,23.71,25.02,90.56
2015-07-22,150,21.4,26.58,23.76,25.17,90.28
2015-07-23,170,42.94,25.92,23.64,24.78,92.11
2015-07-24,210,20.63,25.9,21.96,23.93,90.14
2015-07-25,250,33.6,25.11,21.97,23.54,88.2
2015-07-26,150,39.62,24.95,22.41,23.68,90.71
2015-07-27,110,24.01,25.99,21.97,23.98,88.25
2015-07-28,110,12.69,25.3,22.32,23.81,91.26
2015-07-29,130,4.96,26.42,22.6,24.51,89.08
2015-07-30,150,14.26,27.01,22.65,24.83,87.5
2015-07-31,130,21.05,26.56,22.7,24.63,89.16
2015-08-01,190,19.92,25.26,22.86,24.06,90.97
2015-08-02,150,16.33,25.62,23.12,24.37,91.73
2015-08-03,170,19.28,26.04,23.14,24.59,90.71
2015-08-04,150,21.35,26.3,23.28,24.79,91.21
2015-08-05,210,39.79,25.96,23.24,24.6,92.37
2015-08-06,290,33.26,26.2,23.34,24.77,91.86
2015-08-07,270,27.53,26.65,23.01,24.83,90.21
2015-08-08,480,24.95,26.24,23.26,24.75,92.16
2015-08-09,420,37.17,26.22,23.6,24.91,91.96
2015-08-10,520,43.18,26.12,23.38,24.75,91.8
2015-08-11,310,23.14,25.75,23.07,24.41,92.91
2015-08-12,370,30.34,25.94,23.2,24.57,92.76
2015-08-13,460,37.18,25.96,23.24,24.6,92.41
2015-08-14,460,26.26,26.19,22.97,24.58,91.42
2015-08-15,720,22.52,26.97,23.01,24.99,89.94
2015-08-16,820,18.6,26.5,23.04,24.77,91.32
2015-08-17,820,16.61,26.58,23.18,24.88,91.4
2015-08-18,820,10.46,28.31,22.79,25.55,90.02
2015-08-19,820,16.44,28.94,22.98,25.96,88.77
2015-08-20,420,33.92,26.3,23.2,24.75,91.87
2015-08-21,520,15.54,26.73,22.27,24.5,90.14
2015-08-22,310,11.61,26.22,22.24,24.23,89.42
2015-08-23,330,12.87,26.25,22.75,24.5,90.25
2015-08-24,210,9.57,25.63,22.57,24.1,90.65
2015-08-25,210,6.02,27.3,22.28,24.79,87.65
2015-08-26,310,16.73,27.14,22.54,24.84,88.0
2015-08-27,460,13.8,26.36,22.62,24.49,89.63
2015-08-28,510,10.31,26.85,22.62,24.74,89.21
2015-08-29,250,11.12,27.32,22.88,25.1,88.44
2015-08-30,330,7.83,27.42,22.7,25.06,87.37
2015-08-31,210,7.03,27.28,22.52,24.9,87.89
2015-09-01,210,2.7,27.45,22.33,24.89,87.09
2015-09-02,210,1.99,27.44,22.48,24.96,86.84
2015-09-03,370,2.55,28.48,22.78,25.63,85.4
2015-09-04,390,1.87,27.95,23.19,25.57,88.32
2015-09-05,150,11.33,27.94,22.5,25.22,88.78
2015-09-06,190,19.1,26.8,22.56,24.68,89.71
2015-09-07,90,19.46,25.63,22.27,23.95,88.11
2015-09-08,170,17.1,25.2,21.96,23.58,89.13
2015-09-09,210,11.1,26.56,21.96,24.26,86.27
2015-09-10,330,9.07,26.54,22.54,24.54,86.09
2015-09-11,250,11.73,26.21,22.91,24.56,87.28
2015-09-12,370,12.41,26.72,22.72,24.72,87.09
2015-09-13,390,19.48,27.14,22.8,24.97,87.29
2015-09-14,720,47.6,25.94,23.72,24.83,91.3
2015-09-15,820,66.05,25.74,22.68,24.21,90.03
2015-09-16,820,25.94,25.44,22.0,23.72,89.57
2015-09-17,820,21.4,26.28,22.4,24.34,91.03
2015-09-18,330,7.15,27.33,23.03,25.18,90.24
2015-09-19,330,7.36,27.64,23.18,25.41,89.16
2015-09-20,420,4.95,27.13,22.57,24.85,87.71
2015-09-21,370,1.06,27.62,22.52,25.07,84.73
2015-09-22,420,0.15,28.0,22.18,25.09,83.33
2015-09-23,370,1.95,28.17,22.94,25.56,83.95
2015-09-24,460,7.12,28.7,22.94,25.82,86.32
2015-09-25,250,1.14,28.05,23.25,25.65,87.07
2015-09-26,270,0.19,27.11,23.37,25.24,88.09
2015-09-27,170,7.33,27.9,22.64,25.27,87.47
2015-09-28,110,6.94,27.84,22.32,25.08,86.86
2015-09-29,90,3.93,30.16,22.02,26.09,81.27
2015-09-30,90,37.28,27.99,22.47,25.23,87.56
2015-10-01,150,10.41,28.12,22.74,25.43,88.17
2015-10-02,210,5.07,27.6,23.24,25.42,88.61
2015-10-03,210,5.08,27.44,23.34,25.39,88.67
2015-10-04,210,17.64,27.6,22.96,25.28,87.69
2015-10-05,250,44.23,26.7,21.66,24.18,90.34
2015-10-06,230,23.95,26.76,21.58,24.17,87.12
2015-10-07,230,8.86,27.54,22.22,24.88,87.15
2015-10-08,270,7.23,27.62,22.56,25.09,88.66
2015-10-09,210,0.7,27.78,22.98,25.38,88.11
2015-10-10,230,1.11,27.14,22.98,25.06,87.97
2015-10-11,370,1.91,27.76,22.49,25.13,87.17
2015-10-12,420,0.78,26.46,22.44,24.45,85.71
2015-10-13,520,6.73,29.17,22.43,25.8,83.51
2015-10-14,520,0.2,30.21,20.51,25.36,74.93
2015-10-15,620,0.07,30.32,20.62,25.47,75.94
2015-10-16,820,0.07,30.39,22.25,26.32,77.61
2015-10-17,720,0.53,30.14,22.84,26.49,79.83
2015-10-18,620,1.48,30.07,23.03,26.55,80.23
2015-10-19,620,1.35,29.82,22.78,26.3,79.8
2015-10-20,720,2.01,29.97,22.11,26.04,78.36
2015-10-21,820,9.1,30.67,22.03,26.35,75.64
2015-10-22,520,0.06,30.08,21.7,25.89,73.61
2015-10-23,720,0.0,30.36,20.46,25.41,70.17
2015-10-24,820,0.0,30.04,19.82,24.93,65.06
2015-10-25,720,0.0,29.96,19.66,24.81,71.3
2015-10-26,330,0.03,30.15,21.1,25.62,74.42
2015-10-27,310,0.06,29.3,22.24,25.77,75.98
2015-10-28,310,7.48,26.56,22.46,24.51,81.03
2015-10-29,420,3.28,28.51,22.81,25.66,82.6
2015-10-30,330,0.67,29.96,22.86,26.41,80.34
2015-10-31,330,2.19,30.42,23.18,26.8,78.67
2015-11-01,290,14.83,27.99,23.41,25.7,86.26
2015-11-02,290,12.11,25.86,22.54,24.2,87.48
2015-11-03,210,3.95,27.58,22.32,24.95,84.86
2015-11-04,310,5.82,28.9,22.88,25.89,82.28
2015-11-05,370,5.09,28.46,21.92,25.19,83.42
2015-11-06,420,0.34,29.64,21.88,25.76,76.17
2015-11-07,720,0.05,30.01,22.14,26.08,73.44
2015-11-08,210,0.02,30.09,22.75,26.42,75.66
2015-11-09,520,0.74,28.77,22.03,25.4,76.63
2015-11-10,370,0.54,25.54,21.58,23.56,80.08
2015-11-11,420,1.08,28.94,22.04,25.49,82.04
2015-11-12,460,3.13,29.61,22.61,26.11,81.63
2015-11-13,310,0.23,27.98,20.96,24.47,78.59
2015-11-14,820,0.07,27.76,19.08,23.42,68.75
2015-11-15,310,0.31,29.01,19.63,24.32,74.98
2015-11-16,420,0.37,26.96,20.76,23.86,80.31
2015-11-17,460,0.23,28.2,21.2,24.7,77.94
2015-11-18,420,0.37,29.02,21.76,25.39,78.55
2015-11-19,370,6.11,29.58,22.3,25.94,83.88
2015-11-20,330,11.56,29.12,22.88,26.0,82.04
2015-11-21,310,2.9,29.19,22.67,25.93,80.84
2015-11-22,310,1.86,29.27,22.39,25.83,79.0
2015-11-23,420,1.87,28.48,22.72,25.6,82.81
2015-11-24,370,8.78,27.89,22.47,25.18,86.98
2015-11-25,620,0.18,29.1,20.26,24.68,71.91
2015-11-26,620,0.0,28.56,19.78,24.17,61.61
2015-11-27,460,0.0,29.72,20.24,24.98,74.57
2015-11-28,370,0.0,29.9,20.06,24.98,74.89
2015-11-29,370,0.1,30.22,20.03,25.12,70.17
2015-11-30,420,0.45,29.13,22.57,25.85,76.2
2015-12-01,310,0.07,29.67,22.22,25.94,76.93
2015-12-02,820,1.26,29.28,22.32,25.8,76.17
2015-12-03,820,0.04,29.76,21.9,25.83,75.81
2015-12-04,820,0.0,29.43,19.11,24.27,71.65
2015-12-05,720,0.02,29.49,19.51,24.5,73.13
2015-12-06,420,0.05,29.59,20.87,25.23,74.7
2015-12-07,520,0.0,29.9,21.44,25.67,75.41
2015-12-08,420,0.0,28.62,19.88,24.25,73.76
2015-12-09,720,0.0,29.96,20.46,25.21,78.08
2015-12-10,520,0.0,30.07,23.19,26.63,80.03
2015-12-11,720,0.0,27.35,23.05,25.2,86.95
2015-12-12,820,0.14,29.52,23.08,26.3,81.64
2015-12-13,520,0.67,28.02,23.22,25.62,82.87
2015-12-14,720,0.17,28.32,22.86,25.59,81.21
2015-12-15,520,0.3,29.16,22.44,25.8,79.22
2015-12-16,720,0.06,29.23,21.57,25.4,78.45
2015-12-17,660,0.0,29.06,21.15,25.1,78.03
2015-12-18,820,0.0,28.62,21.53,25.08,75.61
2015-12-19,820,0.0,29.36,21.2,25.28,76.83
2015-12-20,820,0.0,29.13,21.03,25.08,77.26
2015-12-21,520,0.0,29.01,21.02,25.01,78.48
2015-12-22,370,0.0,29.03,20.47,24.75,74.4
2015-12-23,420,0.0,28.64,20.14,24.39,74.51
2015-12-24,820,0.0,28.52,19.77,24.15,72.64
2015-12-25,820,0.0,29.31,18.95,24.13,70.77
2015-12-26,820,0.0,28.29,18.06,23.17,70.37
2015-12-27,820,0.0,28.77,18.39,23.58,71.31
2015-12-28,620,0.0,29.12,16.85,22.99,66.31
2015-12-29,660,0.0,29.33,16.55,22.94,65.22
2015-12-30,820,0.0,29.01,16.45,22.73,65.72
2015-12-31,820,0.0,28.87,16.05,22.46,66.05
2016-01-01,820,0.0,29.01,16.74,22.87,65.89
2016-01-02,820,0.0,28.39,16.17,22.28,63.61
2016-01-03,820,0.0,28.5,16.14,22.32,62.11
2016-01-04,620,0.0,29.0,16.76,22.88,65.06
2016-01-05,460,0.0,28.48,17.06,22.77,63.0
2016-01-06,520,0.0,28.82,16.96,22.89,59.46
2016-01-07,420,0.0,29.83,17.63,23.73,68.35
2016-01-08,460,0.0,28.16,16.88,22.52,65.0
2016-01-09,370,0.0,28.03,17.15,22.59,59.65
2016-01-10,310,0.0,28.34,18.3,23.32,59.99
2016-01-11,420,0.0,28.18,18.32,23.25,59.01
2016-01-12,330,0.0,28.16,18.12,23.14,60.55
2016-01-13,520,0.0,28.55,18.55,23.55,63.65
2016-01-14,660,0.0,28.25,18.89,23.57,74.61
2016-01-15,720,0.0,28.21,19.11,23.66,73.37
2016-01-16,820,0.02,27.7,19.6,23.65,73.73
2016-01-17,460,0.01,27.73,19.07,23.4,72.12
2016-01-18,460,0.07,29.1,19.56,24.33,68.79
2016-01-19,520,0.09,28.72,21.2,24.96,71.72
2016-01-20,520,0.01,27.87,20.91,24.39,72.73
2016-01-21,520,0.0,29.8,20.76,25.28,72.17
2016-01-22,720,0.0,31.14,21.52,26.33,66.39
2016-01-23,820,0.0,29.56,22.06,25.81,67.68
2016-01-24,820,0.0,30.38,21.64,26.01,71.2
2016-01-25,720,0.0,30.81,20.39,25.6,68.97
2016-01-26,820,0.0,29.74,19.65,24.69,64.82
2016-01-27,820,0.0,29.98,19.48,24.73,70.03
2016-01-28,820,0.0,30.68,19.6,25.14,69.24
2016-01-29,820,0.0,30.4,19.39,24.89,63.93
2016-01-30,820,0.0,31.72,19.49,25.61,57.23
2016-01-31,820,0.0,31.94,19.4,25.67,55.18
2016-02-01,820,0.0,31.71,19.05,25.38,54.05
2016-02-02,820,0.0,32.24,19.02,25.63,53.49
2016-02-03,820,0.0,32.1,18.62,25.36,55.99
2016-02-04,720,0.0,30.92,19.44,25.18,59.34
2016-02-05,720,0.0,30.12,19.8,24.96,66.41
2016-02-06,420,0.0,29.68,20.12,24.9,73.13
2016-02-07,420,0.0,29.66,20.92,25.29,73.42
2016-02-08,370,0.0,31.76,20.96,26.36,68.58
2016-02-09,370,0.0,29.72,21.84,25.78,73.58
2016-02-10,620,0.0,29.77,21.69,25.73,74.41
2016-02-11,460,0.0,29.17,21.4,25.29,76.39
2016-02-12,540,0.0,29.55,20.95,25.25,74.92
2016-02-13,520,0.0,29.43,20.57,25.0,70.64
2016-02-14,420,0.0,30.86,20.1,25.48,67.39
2016-02-15,370,0.0,31.34,20.02,25.68,63.73
2016-02-16,370,0.0,31.38,20.68,26.03,65.3
2016-02-17,420,0.0,33.04,21.3,27.17,55.82
2016-02-18,460,0.0,32.25,22.25,27.25,62.83
2016-02-19,230,0.0,33.02,21.78,27.4,61.05
2016-02-20,370,0.0,33.6,21.96,27.78,64.04
2016-02-21,370,0.0,31.74,22.58,27.16,70.52
2016-02-22,420,0.0,34.46,22.32,28.39,60.18
2016-02-23,230,0.0,32.49,22.57,27.53,71.41
2016-02-24,310,0.0,31.06,22.9,26.98,72.81
2016-02-25,330,0.0,31.86,22.04,26.95,66.61
2016-02-26,350,0.0,33.49,22.0,27.75,63.01
2016-02-27,720,0.0,31.61,21.79,26.7,67.84
2016-02-28,250,0.0,33.15,21.82,27.48,63.88
2016-02-29,180,0.0,33.24,22.78,28.01,61.73
2016-03-01,150,0.0,31.81,22.59,27.2,63.84
2016-03-02,190,0.0,31.14,23.0,27.07,66.82
2016-03-03,170,0.0,34.42,22.6,28.51,55.6
2016-03-04,230,0.0,33.0,22.8,27.9,64.7
2016-03-05,250,0.0,33.08,22.78,27.93,63.94
2016-03-06,250,0.0,32.86,22.64,27.75,67.28
2016-03-07,270,0.0,33.52,22.92,28.22,61.5
2016-03-08,150,0.0,32.83,22.78,27.8,65.38
2016-03-09,170,0.0,31.35,23.5,27.42,65.34
2016-03-10,370,0.0,33.02,23.2,28.11,64.72
2016-03-11,350,0.0,32.39,23.71,28.05,68.44
2016-03-12,370,0.01,32.84,23.32,28.08,67.68
2016-03-13,420,0.0,33.3,21.98,27.64,62.6
2016-03-14,420,0.0,34.44,21.86,28.15,52.96
2016-03-15,460,0.0,32.39,21.43,26.91,59.15
2016-03-16,230,0.0,32.4,21.38,26.89,63.29
2016-03-17,270,0.0,32.95,22.37,27.66,64.37
2016-03-18,270,0.0,34.74,22.9,28.82,61.83
2016-03-19,170,0.0,33.46,23.16,28.31,68.2
2016-03-20,190,0.0,34.82,23.12,28.97,66.11
2016-03-21,190,0.0,35.38,23.22,29.3,65.79
2016-03-22,170,0.0,33.62,23.46,28.54,65.25
2016-03-23,170,0.0,34.38,23.6,28.99,59.19
2016-03-24,190,0.0,34.34,23.66,29.0,60.97
2016-03-25,250,0.0,34.72,23.46,29.09,59.11
2016-03-26,230,0.0,35.16,23.32,29.24,59.84
2016-03-27,370,0.01,34.07,23.43,28.75,64.68
2016-03-28,370,0.05,34.4,23.72,29.06,65.08
2016-03-29,290,0.1,33.9,23.94,28.92,65.57
2016-03-30,170,0.1,34.1,23.94,29.02,64.29
2016-03-31,170,0.28,33.7,24.02,28.86,63.0
2016-04-01,170,0.05,34.24,24.15,29.19,62.16
2016-04-02,270,0.01,34.47,24.21,29.34,64.03
2016-04-03,190,0.03,34.28,24.02,29.15,63.6
2016-04-04,150,0.06,35.43,23.59,29.51,63.25
2016-04-05,190,0.37,33.48,24.16,28.82,67.24
2016-04-06,230,0.36,33.6,24.15,28.87,67.64
2016-04-07,270,0.11,35.36,24.14,29.75,63.36
2016-04-08,420,0.06,34.48,24.62,29.55,64.92
2016-04-09,420,0.7,33.06,24.6,28.83,64.61
2016-04-10,660,0.15,32.54,24.38,28.46,65.98
2016-04-11,270,0.01,34.38,24.4,29.39,65.68
2016-04-12,350,0.04,34.07,24.59,29.33,67.15
2016-04-13,350,0.0,32.56,24.1,28.33,68.85
2016-04-14,370,0.0,36.28,23.48,29.88,62.51
2016-04-15,370,0.1,35.04,24.62,29.83,64.23
2016-04-16,420,0.56,34.03,24.24,29.14,67.01
2016-04-17,130,0.01,34.44,24.18,29.31,61.69
2016-04-18,190,0.03,35.22,24.22,29.72,64.43
2016-04-19,420,0.02,34.93,24.75,29.84,65.59
2016-04-20,350,0.22,34.72,24.68,29.7,65.13
2016-04-21,350,0.06,33.74,24.44,29.09,68.32
2016-04-22,290,0.0,33.56,24.4,28.98,67.37
2016-04-23,270,0.0,34.52,23.54,29.03,61.59
2016-04-24,390,0.0,35.08,23.1,29.09,63.15
2016-04-25,350,0.0,35.67,23.21,29.44,60.35
2016-04-26,420,0.02,36.2,24.04,30.12,59.11
2016-04-27,330,0.06,34.9,24.68,29.79,63.77
2016-04-28,370,0.09,33.24,24.94,29.09,67.38
2016-04-29,330,0.04,33.68,24.6,29.14,67.35
2016-04-30,820,0.01,35.11,24.04,29.57,62.32
2016-05-01,420,0.05,34.66,24.46,29.56,62.87
2016-05-02,290,0.14,34.93,24.91,29.92,64.61
2016-05-03,370,3.57,33.83,24.89,29.36,68.6
2016-05-04,290,0.36,34.22,24.67,29.45,64.75
2016-05-05,330,0.13,34.78,24.9,29.84,62.76
2016-05-06,330,0.25,34.8,24.46,29.63,62.43
2016-05-07,520,0.01,35.78,24.12,29.95,59.21
2016-05-08,820,0.01,35.2,23.94,29.57,58.88
2016-05-09,460,0.05,36.98,23.99,30.49,56.58
2016-05-10,460,0.38,35.75,24.87,30.31,59.37
2016-05-11,460,1.78,34.06,25.0,29.53,63.45
2016-05-12,460,8.4,32.7,24.36,28.53,69.98
2016-05-13,520,3.4,32.92,24.28,28.6,73.03
2016-05-14,420,6.29,33.76,25.14,29.45,73.07
2016-05-15,370,3.77,31.94,25.06,28.5,79.19
2016-05-16,190,7.1,32.11,25.28,28.69,77.98
2016-05-17,90,9.15,29.39,25.45,27.42,82.92
2016-05-18,230,1.14,29.08,25.56,27.32,81.83
2016-05-19,230,2.42,30.27,25.33,27.8,79.12
2016-05-20,270,4.66,28.81,25.41,27.11,82.4
2016-05-21,250,0.26,30.92,25.02,27.97,76.83
2016-05-22,370,0.12,31.45,24.95,28.2,77.26
2016-05-23,270,0.13,31.42,25.2,28.31,77.44
2016-05-24,150,0.22,32.06,24.66,28.36,75.02
2016-05-25,90,0.5,31.62,24.68,28.15,76.28
2016-05-26,170,3.32,29.93,24.37,27.15,80.66
2016-05-27,150,3.8,30.7,24.28,27.49,78.5
2016-05-28,170,8.42,31.12,24.74,27.93,78.11
2016-05-29,170,9.96,28.91,24.35,26.63,82.04
2016-05-30,150,24.99,29.28,24.14,26.71,82.4
2016-05-31,90,8.94,30.63,24.05,27.34,78.84
2016-06-01,90,12.59,29.92,24.16,27.04,82.3
2016-06-02,90,9.52,26.24,24.18,25.21,87.57
2016-06-03,150,21.07,30.22,23.76,26.99,80.88
2016-06-04,110,17.86,27.38,24.24,25.81,90.58
2016-06-05,70,9.34,29.47,23.41,26.44,82.14
2016-06-06,70,2.96,27.76,24.12,25.94,86.65
2016-06-07,70,14.04,28.25,24.33,26.29,86.3
2016-06-08,70,21.01,27.88,22.76,25.32,84.0
2016-06-09,90,43.28,26.89,22.73,24.81,89.06
2016-06-10,150,18.03,27.84,23.28,25.56,85.49
2016-06-11,130,10.06,28.4,23.04,25.72,82.04
2016-06-12,250,25.19,28.06,22.74,25.4,84.47
2016-06-13,310,41.02,27.9,22.94,25.42,80.59
2016-06-14,330,19.65,28.12,23.58,25.85,83.25
2016-06-15,190,16.9,28.15,23.74,25.94,83.04
2016-06-16,190,29.73,27.77,24.11,25.94,87.28
2016-06-17,270,42.23,27.8,24.08,25.94,86.89
2016-06-18,330,49.33,27.64,23.04,25.34,89.35
2016-06-19,270,23.51,27.6,22.9,25.25,82.33
2016-06-20,290,55.44,26.56,22.4,24.48,86.54
2016-06-21,170,44.78,25.19,22.03,23.61,90.22
2016-06-22,110,51.62,25.94,22.52,24.23,88.81
2016-06-23,250,49.01,25.32,22.86,24.09,88.77
2016-06-24,170,36.83,26.13,22.57,24.35,88.76
2016-06-25,150,21.85,26.06,22.8,24.43,88.53
2016-06-26,150,36.97,26.74,23.5,25.12,90.23
2016-06-27,90,104.88,26.16,23.78,24.97,92.62
2016-06-28,130,105.55,26.35,23.49,24.92,92.1
2016-06-29,130,95.26,25.79,23.83,24.81,92.37
2016-06-30,170,30.09,26.46,24.01,25.24,90.69
2016-07-01,270,68.71,26.8,23.66,25.23,89.95
2016-07-02,190,44.66,26.86,23.64,25.25,89.57
2016-07-03,190,51.65,26.21,23.69,24.95,90.56
2016-07-04,310,54.25,26.48,23.68,25.08,90.96
2016-07-05,370,27.69,26.82,23.64,25.23,90.26
2016-07-06,620,44.14,26.0,23.8,24.9,92.25
2016-07-07,620,10.84,26.23,23.73,24.98,91.14
2016-07-08,820,12.48,26.45,23.69,25.07,90.45
2016-07-09,820,24.1,26.02,23.98,25.0,91.08
2016-07-10,820,37.45,26.46,23.76,25.11,90.15
2016-07-11,620,21.14,26.0,23.78,24.89,90.69
2016-07-12,820,19.65,26.24,23.4,24.82,90.08
2016-07-13,620,20.18,26.5,23.15,24.83,89.8
2016-07-14,820,9.28,26.75,22.85,24.8,89.29
2016-07-15,820,24.23,27.1,22.82,24.96,89.6
2016-07-16,820,16.74,25.72,22.9,24.31,91.36
2016-07-17,820,21.35,25.36,22.22,23.79,91.86
2016-07-18,820,18.18,25.5,21.86,23.68,91.65
2016-07-19,820,14.32,25.47,22.39,23.93,91.09
2016-07-20,820,48.66,26.02,22.34,24.18,91.1
2016-07-21,820,55.79,25.2,22.84,24.02,91.44
2016-07-22,820,39.57,25.12,22.66,23.89,91.58
2016-07-23,820,45.39,24.92,22.76,23.84,93.71
2016-07-24,820,19.44,25.22,22.52,23.87,92.43
2016-07-25,820,5.31,25.98,22.06,24.02,89.82
2016-07-26,820,8.82,26.18,21.84,24.01,89.68
2016-07-27,820,8.75,24.64,22.12,23.38,92.89
2016-07-28,820,15.65,25.42,22.2,23.81,91.56
2016-07-29,820,19.94,24.5,21.86,23.18,91.39
2016-07-30,820,23.52,24.75,21.79,23.27,92.43
2016-07-31,820,14.05,25.18,21.98,23.58,91.81
2016-08-01,520,10.74,25.9,22.42,24.16,90.28
2016-08-02,420,11.94,25.8,22.9,24.35,90.14
2016-08-03,420,13.94,25.99,22.81,24.4,90.14
2016-08-04,290,46.22,25.88,22.66,24.27,91.05
2016-08-05,420,35.42,25.72,22.98,24.35,91.04
2016-08-06,370,28.45,26.04,22.82,24.43,90.49
2016-08-07,170,21.66,26.07,22.71,24.39,90.92
2016-08-08,130,24.67,25.96,22.88,24.42,90.53
2016-08-09,130,9.74,26.24,22.6,24.42,89.34
2016-08-10,150,11.68,25.88,22.6,24.24,90.02
2016-08-11,210,20.5,26.32,22.86,24.59,90.39
2016-08-12,250,16.36,26.33,23.01,24.67,90.98
2016-08-13,190,15.7,26.4,22.8,24.6,89.87
2016-08-14,250,15.37,26.12,22.58,24.35,89.51
2016-08-15,330,22.07,26.1,22.58,24.34,89.48
2016-08-16,330,22.18,26.28,22.64,24.46,89.83
2016-08-17,420,18.65,26.34,22.72,24.53,90.21
2016-08-18,420,20.43,26.1,22.42,24.26,90.64
2016-08-19,520,14.17,26.38,22.06,24.22,90.46
2016-08-20,820,4.5,26.78,21.96,24.37,89.21
2016-08-21,720,12.5,27.3,22.18,24.74,89.86
2016-08-22,420,18.96,26.94,22.62,24.78,88.94
2016-08-23,620,32.9,26.42,22.83,24.62,90.42
2016-08-24,420,16.66,26.02,23.14,24.58,91.22
2016-08-25,520,15.4,26.26,22.56,24.41,91.79
2016-08-26,420,10.92,26.35,22.33,24.34,90.4
2016-08-27,420,12.75,26.32,22.58,24.45,89.81
2016-08-28,310,19.85,26.04,22.6,24.32,89.99
2016-08-29,330,12.36,26.42,22.56,24.49,91.1
2016-08-30,270,21.8,25.64,22.96,24.3,92.22
2016-08-31,370,22.99,25.65,21.28,23.47,91.32
2016-09-01,520,11.95,26.02,21.4,23.71,90.52
2016-09-02,720,14.04,25.28,22.06,23.67,91.11
2016-09-03,820,13.32,25.66,21.8,23.73,90.13
2016-09-04,820,5.9,26.08,21.96,24.02,88.72
2016-09-05,520,4.15,26.13,21.87,24.0,88.77
2016-09-06,250,5.85,26.24,21.52,23.88,87.31
2016-09-07,310,3.76,26.14,21.2,23.67,86.66
2016-09-08,460,2.69,25.96,21.12,23.54,88.0
2016-09-09,520,0.42,26.94,21.36,24.15,87.13
2016-09-10,420,0.36,26.82,21.46,24.14,87.98
2016-09-11,520,2.21,25.94,21.48,23.71,89.96
2016-09-12,330,2.65,27.06,21.47,24.26,87.57
2016-09-13,250,10.2,27.04,22.18,24.61,88.77
2016-09-14,420,11.09,26.62,22.4,24.51,89.42
2016-09-15,420,13.08,26.38,22.6,24.49,90.28
2016-09-16,420,11.93,26.64,22.36,24.5,88.72
2016-09-17,210,9.02,26.12,22.42,24.27,87.72
2016-09-18,190,10.2,26.24,22.26,24.25,88.3
2016-09-19,170,4.39,26.26,22.0,24.13,89.13
2016-09-20,150,8.03,26.4,22.02,24.21,88.38
2016-09-21,150,21.79,25.74,22.14,23.94,89.69
2016-09-22,230,8.25,25.56,21.92,23.74,89.01
2016-09-23,210,21.19,25.96,22.24,24.1,90.09
2016-09-24,330,21.74,25.88,22.32,24.1,91.05
2016-09-25,330,14.43,25.9,21.48,23.69,89.31
2016-09-26,420,18.33,26.38,21.72,24.05,91.31
2016-09-27,420,9.4,26.14,22.36,24.25,91.93
2016-09-28,520,13.37,25.88,22.54,24.21,93.65
2016-09-29,720,3.29,27.05,21.53,24.29,90.62
2016-09-30,820,1.99,26.43,21.43,23.93,88.88
2016-10-01,820,1.46,26.1,21.3,23.7,87.91
2016-10-02,820,0.24,27.06,21.44,24.25,86.2
2016-10-03,820,0.13,27.45,21.51,24.48,85.25
2016-10-04,820,1.02,26.68,21.58,24.13,85.58
2016-10-05,820,0.68,26.46,20.94,23.7,86.66
2016-10-06,820,0.32,26.14,20.6,23.37,85.29
2016-10-07,820,2.6,27.06,21.12,24.09,85.06
2016-10-08,820,3.46,26.68,21.46,24.07,87.61
2016-10-09,820,12.05,25.74,21.86,23.8,89.33
2016-10-10,820,13.3,26.24,22.24,24.24,88.12
2016-10-11,420,27.12,26.32,22.8,24.56,92.32
2016-10-12,210,10.28,27.26,22.62,24.94,88.67
2016-10-13,350,4.18,27.52,22.82,25.17,90.22
2016-10-14,520,2.76,28.88,21.4,25.14,85.26
2016-10-15,720,0.03,28.68,19.61,24.15,77.82
2016-10-16,460,0.0,28.66,19.2,23.93,79.24
2016-10-17,820,0.0,28.77,19.03,23.9,80.05
2016-10-18,720,0.0,28.12,20.08,24.1,80.26
2016-10-19,820,0.0,28.21,20.55,24.38,81.02
2016-10-20,330,0.0,28.08,20.14,24.11,81.22
2016-10-21,620,0.0,28.47,20.09,24.28,80.42
2016-10-22,620,0.0,27.91,20.45,24.18,80.1
2016-10-23,420,0.0,27.34,20.54,23.94,77.98
2016-10-24,420,0.0,27.21,21.29,24.25,82.23
2016-10-25,330,0.0,27.77,20.95,24.36,83.05
2016-10-26,460,0.0,29.32,19.62,24.47,78.61
2016-10-27,460,0.0,29.42,19.06,24.24,77.19
2016-10-28,720,0.0,29.03,20.83,24.93,72.65
2016-10-29,820,0.0,28.08,20.3,24.19,73.89
2016-10-30,820,0.08,29.68,20.68,25.18,79.66
2016-10-31,820,0.69,29.62,22.2,25.91,80.01
2016-11-01,820,2.63,29.28,22.54,25.91,82.72
2016-11-02,820,0.14,28.96,22.24,25.6,80.46
2016-11-03,820,0.15,29.62,22.02,25.82,82.43
2016-11-04,820,0.04,29.24,21.28,25.26,80.97
2016-11-05,820,0.0,27.72,18.89,23.3,76.51
2016-11-06,820,0.0,26.98,18.62,22.8,71.22
2016-11-07,520,0.0,27.99,18.31,23.15,76.16
2016-11-08,620,0.0,28.81,18.19,23.5,66.26
2016-11-09,310,0.0,29.19,17.67,23.43,68.15
2016-11-10,420,0.0,27.9,18.72,23.31,71.15
2016-11-11,620,0.0,27.61,19.05,23.33,72.41
2016-11-12,820,0.0,28.36,19.86,24.11,72.54
2016-11-13,250,0.21,28.58,20.52,24.55,78.56
2016-11-14,350,1.31,29.52,21.42,25.47,81.9
2016-11-15,210,1.35,29.22,22.12,25.67,81.13
2016-11-16,170,0.17,29.71,21.65,25.68,77.52
2016-11-17,170,0.0,30.53,21.21,25.87,75.49
2016-11-18,250,0.0,30.32,20.22,25.27,72.06
2016-11-19,260,0.0,30.26,20.1,25.18,72.35
2016-11-20,210,0.0,27.36,20.38,23.87,75.43
2016-11-21,330,0.0,29.42,19.47,24.44,69.3
2016-11-22,520,0.0,29.05,18.89,23.97,74.14
2016-11-23,420,0.0,28.87,17.81,23.34,67.21
2016-11-24,520,0.0,29.16,17.34,23.25,66.95
2016-11-25,420,0.0,29.43,17.83,23.63,63.66
2016-11-26,820,0.0,28.98,18.64,23.81,66.77
2016-11-27,330,0.0,29.49,16.71,23.1,62.03
2016-11-28,420,0.0,30.41,17.23,23.82,65.01
2016-11-29,330,0.0,28.66,17.72,23.19,69.62
2016-11-30,420,0.0,28.94,17.74,23.34,62.61
2016-12-01,620,0.0,29.2,17.76,23.48,65.91
2016-12-02,820,0.92,30.32,19.18,24.75,76.32
2016-12-03,820,0.75,29.93,21.01,25.47,79.06
2016-12-04,420,0.08,27.9,21.48,24.69,81.26
2016-12-05,520,0.41,28.86,21.18,25.02,78.72
2016-12-06,420,0.01,29.66,19.12,24.39,70.44
2016-12-07,520,0.0,28.72,18.48,23.6,68.23
2016-12-08,620,0.0,28.74,19.24,23.99,72.42
2016-12-09,420,0.0,28.16,17.12,22.64,69.67
2016-12-10,330,0.0,27.5,15.21,21.35,67.84
2016-12-11,330,0.0,27.79,15.11,21.45,63.26
2016-12-12,720,1.16,28.82,16.94,22.88,64.83
2016-12-13,820,4.92,27.61,18.77,23.19,80.87
2016-12-14,620,2.58,27.28,21.02,24.15,83.84
2016-12-15,520,0.11,29.2,20.2,24.7,75.91
2016-12-16,620,0.02,29.78,20.18,24.98,71.38
2016-12-17,420,0.0,29.24,20.46,24.85,76.41
2016-12-18,520,0.0,29.62,18.88,24.25,68.01
2016-12-19,420,0.0,29.03,17.33,23.18,65.02
2016-12-20,720,0.0,29.51,16.34,22.92,62.04
2016-12-21,720,0.0,29.32,17.12,23.22,66.79
2016-12-22,820,0.0,29.92,16.46,23.19,58.3
2016-12-23,660,0.0,29.28,16.01,22.64,54.88
2016-12-24,660,0.0,29.94,16.08,23.01,55.99
2016-12-25,720,0.0,28.62,17.42,23.02,69.66
2016-12-26,520,0.0,28.94,16.81,22.88,60.9
2016-12-27,420,0.0,30.22,16.24,23.23,54.4
2016-12-28,420,0.0,30.52,17.02,23.77,54.66
2016-12-29,460,0.0,29.84,16.69,23.26,57.48
2016-12-30,520,0.0,29.64,16.9,23.27,60.39
2016-12-31,820,0.0,29.36,17.58,23.47,59.84
